years_experience,education_level,skills_count,job_role,previous_salary,interview_score,location,company_size,gender,age,salary
2.3,Bachelor,6.0,ML Engineer,188000.0,6.6,Austin,Medium (201-1000),Male,27,195000
15.1,Bachelor,11.0,ML Engineer,156000.0,7.3,Remote,Startup (1-50),Male,49,213000
6.6,Master,7.0,Software Engineer,172000.0,8.8,Austin,Small (51-200),Female,45,229000
4.6,Bachelor,4.0,Backend Developer,210000.0,10.0,San Francisco,Medium (201-1000),Female,38,266000
0.8,Master,7.0,DevOps Engineer,200000.0,9.1,San Francisco,Small (51-200),Male,29,198000
0.8,High School,3.0,Data Analyst,130000.0,7.5,New York,Medium (201-1000),Male,42,133000
0.3,Master,6.0,Software Engineer,,9.0,New York,Large (1000+),Male,23,268000
10.1,Master,7.0,Backend Developer,173000.0,6.4,Austin,Startup (1-50),Male,41,188000
4.6,Bachelor,4.0,Full Stack Developer,163000.0,9.6,Austin,Medium (201-1000),Male,39,204000
6.2,Bachelor,9.0,Full Stack Developer,148000.0,9.3,New York,Startup (1-50),Male,31,199000
0.1,Bachelor,5.0,Product Manager,197000.0,4.4,San Francisco,Small (51-200),Female,41,150000
17.5,Master,11.0,Full Stack Developer,274000.0,9.9,San Francisco,Startup (1-50),Male,28,314000
8.9,Bachelor,5.0,Product Manager,146000.0,6.2,Los Angeles,Startup (1-50),Female,22,163000
1.2,Master,6.0,ML Engineer,163000.0,9.5,Seattle,Small (51-200),Male,40,213000
1.0,Bachelor,9.0,Frontend Developer,114000.0,5.0,Chicago,Small (51-200),Male,31,128000
1.0,Bachelor,4.0,Software Engineer,176000.0,7.2,Chicago,Large (1000+),Female,37,160000
1.8,High School,4.0,Software Engineer,171000.0,7.0,Austin,Medium (201-1000),Female,47,142000
3.7,Bachelor,6.0,Data Scientist,144000.0,6.2,Remote,Large (1000+),Male,26,181000
2.8,Bachelor,5.0,Software Engineer,236000.0,10.0,San Francisco,Medium (201-1000),Female,31,267000
1.7,Master,7.0,Data Scientist,159000.0,10.0,Remote,Startup (1-50),Female,45,169000
4.7,Master,6.0,Software Engineer,201000.0,4.9,New York,Small (51-200),Male,37,202000
0.8,Bachelor,4.0,Software Engineer,156000.0,7.8,Chicago,Small (51-200),Male,26,159000
1.7,PhD,3.0,Product Manager,271000.0,7.8,San Francisco,Small (51-200),Female,24,273000
2.3,Master,3.0,Software Engineer,159000.0,8.4,Remote,Medium (201-1000),Male,28,189000
3.0,PhD,8.0,Full Stack Developer,199000.0,8.2,San Francisco,Small (51-200),Male,26,278000
7.7,Bachelor,9.0,Software Engineer,157000.0,6.6,Chicago,Small (51-200),Male,34,151000
1.1,Bachelor,7.0,Product Manager,170000.0,5.9,New York,Startup (1-50),Male,33,186000
3.6,High School,4.0,Product Manager,143000.0,6.3,Remote,Startup (1-50),Female,34,134000
4.5,Master,8.0,Backend Developer,135000.0,7.5,Austin,Startup (1-50),Male,25,149000
0.2,High School,3.0,Backend Developer,101000.0,6.7,Seattle,Startup (1-50),Male,31,116000
4.7,Bachelor,,Software Engineer,172000.0,6.2,Boston,Medium (201-1000),Male,22,211000
0.9,Bachelor,10.0,Engineering Manager,222000.0,9.1,Los Angeles,Startup (1-50),Female,33,172000
0.3,Bachelor,3.0,Data Analyst,125000.0,7.2,San Francisco,Medium (201-1000),Female,41,157000
14.9,Master,7.0,Product Manager,294000.0,9.7,Los Angeles,Small (51-200),Female,22,287000
16.9,Bachelor,8.0,Backend Developer,160000.0,8.0,Boston,Startup (1-50),Female,36,212000
8.3,Bachelor,7.0,ML Engineer,230000.0,,Chicago,Large (1000+),Female,27,234000
1.8,Master,6.0,Product Manager,227000.0,8.4,Seattle,Medium (201-1000),Male,38,230000
0.5,PhD,6.0,Data Scientist,158000.0,5.8,Austin,Startup (1-50),Male,33,160000
5.8,Master,7.0,Frontend Developer,201000.0,4.5,Chicago,Large (1000+),Female,35,183000
2.9,PhD,6.0,Software Engineer,176000.0,8.5,Seattle,Startup (1-50),Female,33,242000
0.7,Master,3.0,Product Manager,134000.0,6.9,Austin,Startup (1-50),Female,43,173000
3.4,Bachelor,7.0,Software Engineer,197000.0,6.4,San Francisco,Medium (201-1000),Female,35,188000
0.2,Bachelor,4.0,Data Scientist,184000.0,8.1,San Francisco,Medium (201-1000),Male,26,231000
12.0,Master,9.0,Frontend Developer,212000.0,7.1,Boston,Small (51-200),Male,33,230000
1.5,Master,6.0,Full Stack Developer,126000.0,4.9,Remote,Startup (1-50),Male,29,121000
5.4,Master,9.0,Backend Developer,259000.0,9.0,Boston,Large (1000+),Male,33,249000
1.9,Bachelor,7.0,Data Scientist,186000.0,7.2,San Francisco,Small (51-200),Male,29,216000
3.7,Bachelor,7.0,Software Engineer,154000.0,8.1,Seattle,Startup (1-50),Male,27,148000
4.0,Bachelor,6.0,Full Stack Developer,150000.0,7.6,Seattle,Small (51-200),Male,34,176000
1.0,Bachelor,6.0,Engineering Manager,208000.0,7.6,Austin,Large (1000+),Female,32,216000
17.5,Bachelor,7.0,Data Analyst,118000.0,8.4,Chicago,Startup (1-50),Male,41,144000
7.5,Master,9.0,DevOps Engineer,218000.0,8.1,Remote,Medium (201-1000),Female,29,226000
14.0,Bachelor,8.0,Product Manager,274000.0,10.0,San Francisco,Medium (201-1000),Male,22,367000
11.3,High School,9.0,ML Engineer,157000.0,9.2,Chicago,Small (51-200),Male,29,211000
4.6,Bachelor,6.0,Frontend Developer,156000.0,6.5,Austin,Medium (201-1000),Female,22,134000
12.7,Master,11.0,DevOps Engineer,222000.0,8.9,Remote,Large (1000+),Male,35,277000
0.5,Bachelor,4.0,DevOps Engineer,184000.0,5.8,San Francisco,Startup (1-50),Female,22,161000
1.1,Bachelor,3.0,Full Stack Developer,136000.0,5.9,Remote,Startup (1-50),Male,24,100000
0.2,Bachelor,6.0,Frontend Developer,164000.0,6.6,New York,Large (1000+),Male,29,177000
2.0,Bachelor,2.0,Data Scientist,206000.0,5.4,Seattle,Medium (201-1000),Male,44,190000
2.5,PhD,7.0,Data Scientist,234000.0,8.5,San Francisco,Small (51-200),Male,23,296000
1.6,PhD,9.0,Software Engineer,243000.0,7.8,San Francisco,Medium (201-1000),Male,32,285000
8.8,Bachelor,5.0,Frontend Developer,229000.0,6.9,San Francisco,Medium (201-1000),Female,37,200000
2.2,Bachelor,7.0,Data Scientist,,8.6,New York,Medium (201-1000),Male,44,222000
1.6,Master,5.0,Software Engineer,247000.0,5.3,San Francisco,Large (1000+),Female,38,215000
3.9,High School,5.0,Backend Developer,122000.0,8.0,Remote,Small (51-200),Male,41,122000
0.8,Bachelor,3.0,Backend Developer,184000.0,6.5,San Francisco,Small (51-200),Male,39,166000
8.1,Bachelor,9.0,Full Stack Developer,198000.0,8.0,Boston,Medium (201-1000),Female,22,213000
0.4,PhD,6.0,Frontend Developer,190000.0,6.4,San Francisco,Small (51-200),Female,35,271000
21.7,High School,13.0,Product Manager,232000.0,7.9,Los Angeles,Medium (201-1000),Male,39,249000
7.4,Bachelor,8.0,Product Manager,172000.0,8.6,Los Angeles,Small (51-200),Male,24,219000
1.1,Master,5.0,Data Analyst,141000.0,9.0,New York,Startup (1-50),Male,27,155000
0.0,Bachelor,6.0,Backend Developer,135000.0,6.4,Boston,Small (51-200),Female,26,147000
8.4,High School,9.0,Data Scientist,191000.0,10.0,San Francisco,Medium (201-1000),Male,38,272000
6.1,PhD,9.0,Engineering Manager,356000.0,5.8,Los Angeles,Medium (201-1000),Female,31,332000
6.5,Bachelor,9.0,Data Scientist,171000.0,9.1,Austin,Small (51-200),Male,29,196000
7.4,Master,7.0,Data Scientist,214000.0,8.0,San Francisco,Startup (1-50),Non-binary,22,261000
0.4,Bachelor,7.0,DevOps Engineer,191000.0,9.1,New York,Small (51-200),Male,31,186000
2.2,Bachelor,4.0,Software Engineer,223000.0,8.7,San Francisco,Medium (201-1000),Male,27,212000
0.6,Bachelor,4.0,Engineering Manager,169000.0,7.0,Seattle,Small (51-200),Female,34,195000
9.9,High School,8.0,Frontend Developer,149000.0,6.5,Remote,Medium (201-1000),Female,23,153000
4.9,High School,5.0,Frontend Developer,136000.0,5.3,Seattle,Small (51-200),Non-binary,33,148000
2.0,Master,7.0,Backend Developer,174000.0,6.6,Seattle,Startup (1-50),Female,28,159000
0.3,Bachelor,8.0,DevOps Engineer,193000.0,8.1,San Francisco,Medium (201-1000),Female,22,213000
1.9,Bachelor,4.0,Software Engineer,160000.0,8.3,New York,Startup (1-50),Female,22,197000
2.0,Bachelor,3.0,Backend Developer,166000.0,5.4,San Francisco,Small (51-200),Female,23,188000
6.5,Master,5.0,Full Stack Developer,172000.0,7.3,Chicago,Startup (1-50),Female,30,184000
5.1,High School,7.0,ML Engineer,162000.0,8.0,San Francisco,Startup (1-50),Male,33,199000
10.9,Bachelor,8.0,Full Stack Developer,212000.0,6.7,Boston,Small (51-200),Female,34,198000
3.2,High School,7.0,Data Scientist,166000.0,7.3,New York,Small (51-200),Male,34,171000
0.6,High School,2.0,Data Scientist,180000.0,5.1,New York,Medium (201-1000),Female,26,168000
6.2,High School,6.0,Software Engineer,144000.0,5.7,Boston,Medium (201-1000),Female,40,171000
7.2,Master,10.0,ML Engineer,281000.0,6.4,Seattle,Medium (201-1000),Male,28,266000
4.1,High School,4.0,Data Analyst,113000.0,6.9,Seattle,Small (51-200),Male,36,128000
7.4,High School,7.0,Data Analyst,149000.0,9.8,Boston,Medium (201-1000),Male,31,167000
3.4,Bachelor,,ML Engineer,200000.0,6.8,Austin,Medium (201-1000),Male,35,212000
3.7,Master,8.0,Frontend Developer,179000.0,4.9,New York,Small (51-200),Male,30,212000
2.8,Bachelor,4.0,Full Stack Developer,148000.0,9.0,Austin,Medium (201-1000),Female,35,191000
0.1,Bachelor,3.0,Data Scientist,169000.0,8.4,Remote,Large (1000+),Female,32,179000
0.6,High School,2.0,Software Engineer,124000.0,6.5,San Francisco,Startup (1-50),Female,39,137000
0.2,Bachelor,4.0,Engineering Manager,229000.0,8.0,Seattle,Large (1000+),Male,25,259000
5.1,Bachelor,5.0,Backend Developer,153000.0,7.1,San Francisco,Startup (1-50),Female,22,182000
1.9,Bachelor,3.0,Engineering Manager,240000.0,7.2,San Francisco,Small (51-200),Female,24,235000
3.6,Bachelor,8.0,ML Engineer,174000.0,5.6,Austin,Small (51-200),Male,41,173000
11.9,Bachelor,9.0,Full Stack Developer,182000.0,9.6,Chicago,Medium (201-1000),Female,31,208000
1.4,High School,4.0,Data Scientist,129000.0,7.0,Chicago,Startup (1-50),Female,33,109000
2.6,Bachelor,3.0,Data Scientist,249000.0,7.2,San Francisco,Large (1000+),Male,24,281000
7.0,High School,,Frontend Developer,202000.0,7.1,Seattle,Large (1000+),Female,33,204000
1.3,Master,9.0,Data Scientist,208000.0,7.4,Boston,Medium (201-1000),Female,24,208000
0.4,PhD,10.0,Software Engineer,205000.0,8.0,San Francisco,Small (51-200),Male,25,261000
1.7,PhD,7.0,Data Scientist,193000.0,7.6,Remote,Large (1000+),Female,29,222000
0.9,Master,8.0,Software Engineer,168000.0,7.7,Remote,Large (1000+),Male,36,176000
13.3,Master,9.0,Full Stack Developer,239000.0,8.3,Los Angeles,Small (51-200),Male,36,289000
8.3,Master,8.0,DevOps Engineer,268000.0,8.3,San Francisco,Medium (201-1000),Female,37,291000
5.0,Bachelor,,Software Engineer,223000.0,9.7,New York,Medium (201-1000),Male,22,212000
10.3,Master,7.0,Software Engineer,240000.0,5.6,Chicago,Medium (201-1000),Female,32,206000
8.1,Bachelor,6.0,Software Engineer,138000.0,8.1,Remote,Small (51-200),Male,30,162000
1.0,Bachelor,5.0,Backend Developer,111000.0,9.1,Chicago,Small (51-200),Male,22,139000
11.2,Master,13.0,Software Engineer,255000.0,5.9,San Francisco,Startup (1-50),Male,32,214000
3.9,Bachelor,7.0,Full Stack Developer,165000.0,6.9,Boston,Small (51-200),Male,30,178000
8.2,Bachelor,6.0,Software Engineer,187000.0,8.9,Austin,Medium (201-1000),Male,36,247000
11.3,PhD,10.0,Data Scientist,408000.0,7.0,San Francisco,Large (1000+),Female,33,430000
1.9,High School,3.0,Product Manager,137000.0,7.5,Austin,Large (1000+),Female,28,171000
0.6,Bachelor,3.0,Full Stack Developer,169000.0,5.6,Boston,Medium (201-1000),Female,39,171000
1.3,PhD,6.0,Software Engineer,254000.0,7.7,San Francisco,Medium (201-1000),Male,22,275000
2.8,Master,5.0,Data Analyst,143000.0,9.1,New York,Startup (1-50),Female,31,159000
8.5,Bachelor,5.0,DevOps Engineer,188000.0,10.0,Boston,Medium (201-1000),Female,22,251000
9.9,Bachelor,8.0,Data Analyst,132000.0,7.4,Seattle,Startup (1-50),Male,25,149000
0.0,Bachelor,5.0,Backend Developer,115000.0,5.3,Chicago,Small (51-200),Male,36,116000
3.6,Master,8.0,Backend Developer,242000.0,7.5,New York,Medium (201-1000),Male,22,210000
2.7,Bachelor,3.0,Engineering Manager,231000.0,4.2,New York,Small (51-200),Male,22,260000
1.3,Bachelor,3.0,Data Scientist,132000.0,5.8,Los Angeles,Startup (1-50),Female,51,149000
0.6,High School,3.0,Backend Developer,124000.0,8.2,Los Angeles,Large (1000+),Female,22,144000
2.1,High School,3.0,DevOps Engineer,173000.0,5.3,San Francisco,Small (51-200),Female,45,163000
14.3,PhD,11.0,Software Engineer,221000.0,9.4,Remote,Startup (1-50),Male,31,222000
2.0,Bachelor,10.0,Software Engineer,194000.0,6.1,San Francisco,Startup (1-50),Male,28,171000
3.7,Master,6.0,Software Engineer,208000.0,9.9,San Francisco,Small (51-200),Male,37,272000
6.1,High School,4.0,Backend Developer,127000.0,8.1,New York,Startup (1-50),Female,43,173000
2.3,Master,,Frontend Developer,198000.0,8.9,New York,Medium (201-1000),Male,23,241000
17.8,PhD,14.0,Frontend Developer,215000.0,9.5,Chicago,Small (51-200),Female,28,278000
16.4,Bachelor,11.0,Software Engineer,202000.0,9.0,Remote,Large (1000+),Male,39,280000
1.5,High School,2.0,DevOps Engineer,121000.0,8.6,Los Angeles,Startup (1-50),Female,34,124000
3.4,Bachelor,3.0,Product Manager,166000.0,7.4,Remote,Small (51-200),Female,41,166000
1.8,Master,4.0,ML Engineer,243000.0,7.7,Seattle,Medium (201-1000),Female,36,242000
1.7,Bachelor,3.0,Backend Developer,134000.0,5.6,Remote,Medium (201-1000),Male,46,137000
0.2,Master,7.0,Full Stack Developer,191000.0,10.0,Los Angeles,Medium (201-1000),Male,33,234000
4.7,Master,6.0,Full Stack Developer,185000.0,9.5,Remote,Large (1000+),Male,34,238000
3.5,Master,5.0,Frontend Developer,145000.0,4.1,Remote,Startup (1-50),Female,35,130000
0.3,Master,9.0,Data Analyst,162000.0,7.4,Los Angeles,Small (51-200),Male,31,141000
1.6,High School,3.0,ML Engineer,197000.0,6.9,San Francisco,Large (1000+),Male,39,222000
11.9,Bachelor,6.0,Product Manager,186000.0,10.0,Remote,Startup (1-50),Male,34,189000
1.4,Bachelor,4.0,Data Scientist,144000.0,5.0,Chicago,Startup (1-50),Male,38,109000
0.8,PhD,9.0,Data Scientist,189000.0,8.0,Los Angeles,Startup (1-50),Female,40,181000
3.4,Master,9.0,Software Engineer,257000.0,5.8,New York,Medium (201-1000),Female,35,234000
21.2,Master,16.0,Full Stack Developer,252000.0,7.7,Austin,Small (51-200),Male,36,239000
1.4,Bachelor,5.0,ML Engineer,140000.0,8.8,Remote,Startup (1-50),Female,24,152000
5.6,Bachelor,4.0,Data Scientist,207000.0,6.3,New York,Small (51-200),Female,28,225000
7.2,Master,10.0,Data Scientist,243000.0,9.4,Boston,Medium (201-1000),Male,39,252000
1.4,Bachelor,8.0,Product Manager,182000.0,4.4,New York,Startup (1-50),Female,43,176000
6.5,Bachelor,9.0,Data Analyst,151000.0,6.1,New York,Small (51-200),Female,22,148000
2.3,Master,6.0,Frontend Developer,167000.0,7.7,Seattle,Medium (201-1000),Male,27,179000
5.0,High School,3.0,Backend Developer,156000.0,8.0,Austin,Large (1000+),Female,32,146000
5.0,Bachelor,3.0,DevOps Engineer,193000.0,7.7,Seattle,Medium (201-1000),Male,25,219000
3.8,Bachelor,4.0,ML Engineer,179000.0,8.2,Austin,Medium (201-1000),Male,25,214000
0.5,High School,5.0,Product Manager,173000.0,5.8,New York,Small (51-200),Female,36,159000
9.0,PhD,11.0,Software Engineer,253000.0,10.0,San Francisco,Small (51-200),Female,45,368000
1.9,Bachelor,4.0,ML Engineer,202000.0,8.0,San Francisco,Small (51-200),Female,22,231000
1.0,High School,6.0,ML Engineer,185000.0,7.1,San Francisco,Large (1000+),Male,31,210000
0.2,Bachelor,7.0,DevOps Engineer,145000.0,6.9,Boston,Small (51-200),Female,36,155000
4.5,Master,9.0,DevOps Engineer,249000.0,,Remote,Large (1000+),Male,38,243000
5.7,Bachelor,6.0,Frontend Developer,200000.0,5.8,San Francisco,Large (1000+),Male,35,205000
0.1,Bachelor,7.0,Software Engineer,149000.0,5.2,San Francisco,Startup (1-50),Male,46,152000
3.6,High School,4.0,Frontend Developer,107000.0,6.5,Remote,Startup (1-50),Male,32,100000
1.3,High School,3.0,Data Scientist,146000.0,7.5,New York,Startup (1-50),Male,42,165000
5.2,Bachelor,3.0,Software Engineer,157000.0,5.6,Los Angeles,Small (51-200),Female,27,165000
1.0,Master,6.0,Software Engineer,119000.0,6.4,Remote,Startup (1-50),Female,32,123000
5.9,Master,5.0,Full Stack Developer,281000.0,6.8,New York,Large (1000+),Non-binary,22,288000
2.4,High School,6.0,DevOps Engineer,134000.0,8.8,New York,Startup (1-50),Female,39,168000
13.8,Bachelor,12.0,Backend Developer,222000.0,8.4,Austin,Small (51-200),Male,31,212000
0.7,PhD,6.0,Full Stack Developer,195000.0,4.4,San Francisco,Startup (1-50),Female,35,210000
2.1,Bachelor,5.0,Backend Developer,243000.0,6.2,San Francisco,Large (1000+),Female,29,192000
0.6,Master,7.0,DevOps Engineer,246000.0,7.7,San Francisco,Medium (201-1000),Male,37,243000
12.9,High School,6.0,ML Engineer,216000.0,6.8,Remote,Large (1000+),Female,35,218000
10.5,PhD,8.0,ML Engineer,311000.0,8.3,Austin,Large (1000+),Male,24,389000
1.5,Master,8.0,Backend Developer,185000.0,9.0,San Francisco,Small (51-200),Male,25,239000
5.4,PhD,7.0,DevOps Engineer,166000.0,6.8,Remote,Startup (1-50),Male,32,183000
8.5,Master,11.0,Data Analyst,162000.0,8.6,Seattle,Startup (1-50),Female,37,165000
4.1,Bachelor,3.0,Data Analyst,105000.0,7.6,Austin,Startup (1-50),Female,47,112000
3.8,PhD,7.0,Software Engineer,214000.0,7.2,New York,Medium (201-1000),Male,34,256000
1.4,Bachelor,10.0,Software Engineer,109000.0,6.1,Austin,Startup (1-50),Female,40,123000
0.5,Bachelor,7.0,Backend Developer,119000.0,5.8,Los Angeles,Startup (1-50),Female,22,128000
11.4,Master,7.0,Data Scientist,326000.0,7.6,San Francisco,Medium (201-1000),Non-binary,48,359000
11.5,Master,11.0,Software Engineer,269000.0,9.7,New York,Medium (201-1000),Male,37,318000
5.0,PhD,10.0,Product Manager,,7.0,New York,Medium (201-1000),Male,32,305000
2.1,Bachelor,6.0,Data Scientist,169000.0,6.8,New York,Small (51-200),Female,31,186000
2.1,Master,8.0,Product Manager,271000.0,4.9,Seattle,Large (1000+),Male,23,230000
6.5,Master,9.0,Full Stack Developer,175000.0,6.9,Chicago,Small (51-200),Male,25,190000
11.4,High School,5.0,Full Stack Developer,168000.0,7.7,Los Angeles,Startup (1-50),Male,47,177000
10.9,Bachelor,8.0,Data Scientist,225000.0,5.9,New York,Medium (201-1000),Female,24,301000
7.6,Bachelor,7.0,Data Scientist,226000.0,8.4,Austin,Large (1000+),Female,24,225000
5.1,Bachelor,2.0,Frontend Developer,145000.0,6.2,Boston,Startup (1-50),Male,26,148000
0.4,PhD,6.0,Software Engineer,189000.0,9.8,Austin,Small (51-200),Male,22,209000
0.9,Master,2.0,Data Scientist,208000.0,8.2,Seattle,Small (51-200),Female,32,217000
11.4,Master,9.0,ML Engineer,259000.0,4.8,San Francisco,Startup (1-50),Male,41,255000
4.7,PhD,6.0,Software Engineer,231000.0,8.3,Austin,Large (1000+),Male,27,251000
0.0,Bachelor,4.0,Data Scientist,165000.0,6.4,Seattle,Small (51-200),Male,22,173000
0.5,Master,6.0,Full Stack Developer,139000.0,8.0,Remote,Medium (201-1000),Male,34,165000
5.4,Bachelor,7.0,Software Engineer,170000.0,9.3,Remote,Medium (201-1000),Male,32,182000
0.0,Master,9.0,Software Engineer,166000.0,7.5,San Francisco,Medium (201-1000),Female,40,212000
0.9,Bachelor,5.0,Backend Developer,132000.0,6.8,San Francisco,Startup (1-50),Female,28,151000
4.0,PhD,9.0,Engineering Manager,204000.0,5.0,Los Angeles,Startup (1-50),Male,30,216000
5.9,Bachelor,8.0,ML Engineer,182000.0,8.4,Austin,Startup (1-50),Male,31,191000
5.3,Bachelor,8.0,Software Engineer,134000.0,8.0,Chicago,Startup (1-50),Male,33,144000
1.3,Master,6.0,Frontend Developer,174000.0,9.3,San Francisco,Small (51-200),Female,29,218000
6.2,Bachelor,6.0,Product Manager,213000.0,6.4,Austin,Large (1000+),Male,28,218000
1.4,Master,5.0,Full Stack Developer,162000.0,7.5,Austin,Small (51-200),Male,22,175000
2.0,Bachelor,1.0,Backend Developer,124000.0,6.6,Chicago,Medium (201-1000),Female,27,171000
6.9,Master,9.0,Data Scientist,256000.0,7.5,San Francisco,Small (51-200),Female,38,269000
5.2,Bachelor,6.0,Frontend Developer,217000.0,4.9,New York,Medium (201-1000),Male,39,196000
9.5,High School,9.0,Software Engineer,230000.0,8.4,Seattle,Large (1000+),Male,28,216000
5.4,Bachelor,5.0,Backend Developer,138000.0,7.7,Chicago,Startup (1-50),Female,42,139000
4.2,Bachelor,4.0,Full Stack Developer,191000.0,6.3,Los Angeles,Large (1000+),Female,32,204000
0.5,Bachelor,5.0,Engineering Manager,225000.0,8.2,Los Angeles,Medium (201-1000),Male,22,233000
2.3,Bachelor,5.0,Data Scientist,206000.0,8.2,Los Angeles,Large (1000+),Female,22,227000
1.5,Bachelor,7.0,Software Engineer,173000.0,9.7,San Francisco,Medium (201-1000),Female,42,245000
1.4,High School,1.0,Frontend Developer,124000.0,4.3,San Francisco,Small (51-200),Non-binary,29,138000
18.1,Bachelor,12.0,Full Stack Developer,249000.0,9.2,San Francisco,Startup (1-50),Male,22,305000
2.5,Master,5.0,Full Stack Developer,169000.0,9.7,New York,Startup (1-50),Female,22,217000
11.1,Bachelor,10.0,Software Engineer,152000.0,7.0,Chicago,Small (51-200),Female,29,175000
5.0,Bachelor,8.0,Data Scientist,,9.3,Chicago,Large (1000+),Male,35,236000
7.9,Master,9.0,Frontend Developer,242000.0,7.4,San Francisco,Medium (201-1000),Female,26,260000
3.5,Bachelor,6.0,ML Engineer,184000.0,6.9,Boston,Small (51-200),Male,24,211000
4.3,Master,7.0,Data Analyst,143000.0,5.2,Los Angeles,Large (1000+),Male,28,147000
3.4,Bachelor,7.0,DevOps Engineer,181000.0,4.7,Seattle,Medium (201-1000),Male,42,181000
1.1,Bachelor,5.0,Full Stack Developer,168000.0,4.6,San Francisco,Small (51-200),Female,22,159000
6.4,High School,7.0,Frontend Developer,115000.0,9.3,Seattle,Startup (1-50),Male,27,153000
1.6,Master,8.0,Full Stack Developer,144000.0,5.6,Seattle,Startup (1-50),Female,42,157000
0.1,Master,12.0,ML Engineer,277000.0,6.3,Boston,Large (1000+),Female,36,240000
5.2,High School,7.0,Data Analyst,153000.0,7.0,Seattle,Large (1000+),Male,33,142000
1.0,Bachelor,3.0,Data Scientist,186000.0,6.0,San Francisco,Small (51-200),Male,27,209000
14.1,PhD,12.0,Frontend Developer,205000.0,10.0,Los Angeles,Small (51-200),Female,32,301000
15.4,Bachelor,10.0,Data Scientist,194000.0,10.0,Austin,Medium (201-1000),Non-binary,28,292000
12.3,Bachelor,8.0,DevOps Engineer,,4.6,Austin,Large (1000+),Male,25,228000
2.3,PhD,5.0,Data Scientist,,8.7,Los Angeles,Medium (201-1000),Male,23,245000
0.1,Master,7.0,Data Scientist,221000.0,4.8,San Francisco,Medium (201-1000),Male,38,209000
13.2,Bachelor,12.0,Engineering Manager,230000.0,6.1,San Francisco,Startup (1-50),Male,32,309000
2.8,Master,6.0,Software Engineer,156000.0,7.7,Chicago,Small (51-200),Male,35,155000
17.0,Master,11.0,Full Stack Developer,258000.0,6.5,New York,Startup (1-50),Male,33,277000
16.6,Bachelor,8.0,Engineering Manager,282000.0,9.3,Remote,Large (1000+),Male,36,353000
9.6,Bachelor,9.0,Software Engineer,259000.0,7.9,New York,Small (51-200),Male,30,212000
1.7,Bachelor,3.0,Backend Developer,199000.0,4.4,San Francisco,Large (1000+),Female,28,195000
2.4,PhD,10.0,Data Scientist,237000.0,8.7,Austin,Small (51-200),Female,25,227000
9.5,Master,9.0,Software Engineer,307000.0,8.9,San Francisco,Large (1000+),Male,22,414000
1.9,High School,6.0,ML Engineer,154000.0,6.5,Remote,Small (51-200),Female,23,132000
0.9,Master,7.0,Product Manager,161000.0,5.9,Boston,Small (51-200),Male,29,209000
4.1,Bachelor,,Software Engineer,153000.0,7.1,Los Angeles,Medium (201-1000),Female,22,191000
13.8,High School,6.0,Frontend Developer,116000.0,5.4,Remote,Startup (1-50),Female,22,127000
6.0,Bachelor,6.0,Frontend Developer,256000.0,5.7,San Francisco,Large (1000+),Female,40,241000
4.2,Bachelor,2.0,Data Analyst,114000.0,8.2,Chicago,Medium (201-1000),Male,34,118000
0.5,Master,11.0,Software Engineer,157000.0,8.4,Boston,Small (51-200),Female,28,187000
4.8,Bachelor,11.0,Backend Developer,168000.0,6.7,Remote,Large (1000+),Male,50,173000
23.1,Master,12.0,Backend Developer,292000.0,9.8,Chicago,Large (1000+),Male,22,307000
0.8,Bachelor,8.0,Backend Developer,131000.0,7.4,Boston,Small (51-200),Male,40,152000
3.7,High School,2.0,Product Manager,179000.0,8.5,Seattle,Large (1000+),Female,31,219000
10.5,PhD,11.0,Data Analyst,197000.0,7.4,Boston,Startup (1-50),Female,38,183000
6.8,Bachelor,9.0,Software Engineer,199000.0,7.2,New York,Startup (1-50),Male,33,180000
6.0,Bachelor,8.0,DevOps Engineer,264000.0,7.2,San Francisco,Medium (201-1000),Female,22,234000
6.1,Bachelor,5.0,ML Engineer,218000.0,10.0,Boston,Small (51-200),Male,33,234000
2.2,Master,6.0,Data Scientist,198000.0,6.3,New York,Small (51-200),Male,35,231000
1.7,Bachelor,7.0,DevOps Engineer,183000.0,4.1,San Francisco,Small (51-200),Female,22,176000
8.3,Bachelor,6.0,ML Engineer,220000.0,10.0,San Francisco,Small (51-200),Male,48,303000
8.3,High School,5.0,DevOps Engineer,211000.0,8.0,Boston,Large (1000+),Male,34,213000
10.1,Bachelor,8.0,Engineering Manager,271000.0,8.7,Seattle,Medium (201-1000),Male,37,314000
12.2,Master,7.0,Software Engineer,191000.0,9.5,Remote,Large (1000+),Female,23,267000
3.6,Bachelor,3.0,Product Manager,208000.0,7.8,Seattle,Medium (201-1000),Male,38,214000
3.5,Bachelor,7.0,DevOps Engineer,170000.0,8.6,Austin,Small (51-200),Female,41,136000
8.0,Bachelor,8.0,Backend Developer,155000.0,8.6,Seattle,Small (51-200),Male,34,207000
5.2,Bachelor,9.0,Data Analyst,103000.0,8.8,Remote,Small (51-200),Female,32,118000
6.1,PhD,,ML Engineer,306000.0,8.7,Seattle,Large (1000+),Male,25,413000
7.9,Bachelor,7.0,DevOps Engineer,177000.0,9.1,Los Angeles,Startup (1-50),Male,30,200000
11.0,PhD,9.0,ML Engineer,204000.0,10.0,Los Angeles,Startup (1-50),Female,28,320000
2.1,Bachelor,,ML Engineer,210000.0,7.5,Chicago,Large (1000+),Male,37,189000
2.4,Bachelor,5.0,Product Manager,171000.0,8.2,Los Angeles,Medium (201-1000),Male,25,223000
0.5,Master,7.0,Data Analyst,116000.0,6.9,Seattle,Startup (1-50),Male,37,127000
4.3,Bachelor,9.0,Software Engineer,146000.0,7.0,Austin,Startup (1-50),Male,25,141000
0.2,Master,6.0,Software Engineer,,7.5,Remote,Large (1000+),Male,30,169000
3.1,PhD,12.0,DevOps Engineer,214000.0,8.1,Remote,Large (1000+),Female,37,226000
3.9,High School,6.0,Software Engineer,111000.0,5.7,Chicago,Small (51-200),Female,26,120000
1.7,High School,2.0,Backend Developer,97000.0,7.6,Remote,Small (51-200),Male,37,103000
4.5,Master,12.0,Software Engineer,243000.0,,Los Angeles,Large (1000+),Male,36,259000
0.2,Bachelor,6.0,Frontend Developer,150000.0,5.8,New York,Medium (201-1000),Male,30,164000
0.2,Bachelor,8.0,Software Engineer,157000.0,7.5,Chicago,Large (1000+),Male,41,174000
8.6,High School,6.0,Data Scientist,139000.0,7.1,Remote,Small (51-200),Female,33,151000
2.2,High School,5.0,Backend Developer,135000.0,8.1,Remote,Large (1000+),Female,41,121000
0.7,Master,6.0,DevOps Engineer,199000.0,7.7,New York,Small (51-200),Male,46,211000
3.7,High School,6.0,Engineering Manager,130000.0,8.7,Remote,Startup (1-50),Male,30,142000
7.3,Bachelor,8.0,Data Analyst,132000.0,6.8,Los Angeles,Medium (201-1000),Female,37,143000
1.2,Master,3.0,ML Engineer,214000.0,7.7,New York,Small (51-200),Male,27,228000
4.9,Bachelor,8.0,Software Engineer,173000.0,9.1,Boston,Large (1000+),Male,24,274000
0.4,High School,2.0,Data Analyst,92000.0,7.2,Seattle,Startup (1-50),Female,30,91000
0.3,Master,7.0,Product Manager,221000.0,2.3,Los Angeles,Large (1000+),Female,22,200000
3.8,High School,7.0,Data Analyst,81000.0,6.1,Austin,Small (51-200),Male,24,95000
3.9,Master,5.0,Software Engineer,220000.0,8.4,New York,Medium (201-1000),Female,37,255000
5.1,Master,4.0,Engineering Manager,232000.0,7.4,Seattle,Startup (1-50),Male,28,253000
6.5,Bachelor,6.0,Data Scientist,161000.0,8.1,Remote,Medium (201-1000),Female,38,183000
18.6,Bachelor,10.0,Full Stack Developer,284000.0,10.0,San Francisco,Medium (201-1000),Male,34,341000
3.6,Bachelor,6.0,Product Manager,178000.0,6.4,Boston,Small (51-200),Female,47,195000
2.0,Bachelor,3.0,Data Scientist,156000.0,8.1,Los Angeles,Startup (1-50),Female,36,158000
7.9,Master,9.0,Product Manager,202000.0,10.0,Chicago,Small (51-200),Male,41,273000
1.6,Master,7.0,Data Scientist,279000.0,9.1,San Francisco,Large (1000+),Female,35,298000
2.9,Bachelor,3.0,Engineering Manager,174000.0,5.6,Los Angeles,Small (51-200),Female,34,199000
0.4,Master,5.0,Data Scientist,136000.0,6.4,Remote,Small (51-200),Male,41,158000
0.1,PhD,10.0,Engineering Manager,255000.0,7.9,San Francisco,Small (51-200),Female,37,336000
16.4,PhD,15.0,Software Engineer,376000.0,7.8,San Francisco,Large (1000+),Female,34,455000
9.0,Bachelor,8.0,Full Stack Developer,215000.0,9.5,San Francisco,Small (51-200),Female,34,285000
6.0,Bachelor,13.0,Frontend Developer,145000.0,7.0,Chicago,Startup (1-50),Male,36,164000
2.6,Bachelor,5.0,DevOps Engineer,191000.0,7.1,San Francisco,Medium (201-1000),Male,27,239000
1.0,PhD,8.0,Data Scientist,281000.0,8.9,New York,Medium (201-1000),Male,26,304000
0.9,High School,3.0,Full Stack Developer,87000.0,6.2,Remote,Startup (1-50),Male,43,83000
1.4,Bachelor,4.0,Software Engineer,180000.0,6.7,Boston,Large (1000+),Male,47,212000
4.0,Bachelor,3.0,Frontend Developer,133000.0,7.9,Remote,Medium (201-1000),Male,25,167000
6.3,Bachelor,6.0,Data Scientist,141000.0,6.4,Remote,Small (51-200),Male,27,186000
5.4,Bachelor,6.0,Engineering Manager,239000.0,9.1,San Francisco,Small (51-200),Male,41,325000
1.6,PhD,6.0,Software Engineer,242000.0,6.6,Chicago,Large (1000+),Male,36,201000
15.5,High School,9.0,Software Engineer,172000.0,4.5,New York,Startup (1-50),Female,37,170000
6.7,Bachelor,11.0,Data Scientist,190000.0,7.8,Austin,Small (51-200),Female,39,177000
4.0,High School,5.0,ML Engineer,154000.0,5.7,Boston,Startup (1-50),Male,30,149000
4.7,Bachelor,6.0,Data Scientist,215000.0,5.4,San Francisco,Medium (201-1000),Male,35,220000
2.7,Bachelor,4.0,DevOps Engineer,171000.0,8.2,Los Angeles,Medium (201-1000),Male,34,205000
1.4,Bachelor,3.0,Data Analyst,115000.0,7.5,Austin,Medium (201-1000),Male,25,118000
2.2,Bachelor,6.0,Full Stack Developer,169000.0,5.9,San Francisco,Startup (1-50),Male,35,161000
7.1,Bachelor,6.0,Frontend Developer,162000.0,9.1,Los Angeles,Medium (201-1000),Female,42,203000
0.1,High School,2.0,Software Engineer,116000.0,7.3,Boston,Medium (201-1000),Male,29,139000
0.6,Bachelor,2.0,Backend Developer,109000.0,10.0,Remote,Small (51-200),Female,33,129000
0.2,PhD,8.0,Software Engineer,233000.0,7.1,Austin,Large (1000+),Male,34,191000
0.2,PhD,9.0,Full Stack Developer,164000.0,7.3,Chicago,Small (51-200),Male,30,190000
9.7,Bachelor,10.0,Data Scientist,248000.0,8.8,San Francisco,Medium (201-1000),Female,37,282000
6.1,Bachelor,5.0,ML Engineer,174000.0,7.3,New York,Startup (1-50),Female,27,215000
3.2,PhD,9.0,ML Engineer,310000.0,7.9,Seattle,Medium (201-1000),Female,43,296000
0.5,High School,4.0,Data Analyst,128000.0,7.1,San Francisco,Large (1000+),Female,37,118000
3.4,Master,10.0,Software Engineer,203000.0,8.0,Remote,Large (1000+),Male,25,209000
3.2,PhD,4.0,Frontend Developer,210000.0,7.4,Seattle,Small (51-200),Female,46,239000
1.0,High School,,Software Engineer,154000.0,5.6,New York,Small (51-200),Male,33,155000
2.8,Bachelor,7.0,Full Stack Developer,193000.0,5.9,San Francisco,Startup (1-50),Female,26,164000
2.5,PhD,7.0,Product Manager,229000.0,6.9,Remote,Large (1000+),Male,41,263000
4.8,Bachelor,9.0,DevOps Engineer,163000.0,6.4,Chicago,Medium (201-1000),Male,36,152000
5.0,High School,7.0,DevOps Engineer,179000.0,9.2,Seattle,Small (51-200),Female,22,191000
0.2,Bachelor,5.0,Product Manager,146000.0,9.3,Austin,Startup (1-50),Male,28,146000
2.3,Bachelor,1.0,Frontend Developer,178000.0,9.5,New York,Large (1000+),Male,34,241000
4.9,Master,6.0,DevOps Engineer,220000.0,7.1,Boston,Small (51-200),Male,22,216000
3.5,Master,6.0,Frontend Developer,228000.0,7.3,San Francisco,Small (51-200),Female,33,194000
9.7,PhD,13.0,Backend Developer,169000.0,4.8,Austin,Small (51-200),Female,33,218000
5.4,Bachelor,5.0,Software Engineer,148000.0,7.1,Boston,Small (51-200),Female,23,182000
0.9,Bachelor,6.0,Data Analyst,108000.0,,Los Angeles,Medium (201-1000),Female,34,118000
0.4,Bachelor,6.0,DevOps Engineer,204000.0,9.1,Seattle,Large (1000+),Male,32,204000
5.1,Bachelor,7.0,Software Engineer,180000.0,7.3,Remote,Large (1000+),Male,22,166000
0.1,Bachelor,3.0,Full Stack Developer,152000.0,7.5,Boston,Small (51-200),Male,39,164000
4.4,PhD,7.0,ML Engineer,310000.0,7.4,Los Angeles,Large (1000+),Female,39,310000
14.1,Master,9.0,Software Engineer,220000.0,8.4,Seattle,Small (51-200),Male,30,301000
4.3,Bachelor,5.0,Backend Developer,155000.0,7.8,New York,Small (51-200),Male,30,204000
2.5,Master,5.0,Product Manager,238000.0,6.7,Chicago,Large (1000+),Male,38,236000
5.2,Bachelor,5.0,Product Manager,221000.0,7.4,San Francisco,Small (51-200),Female,30,274000
3.1,Bachelor,5.0,Engineering Manager,276000.0,8.9,San Francisco,Small (51-200),Male,22,287000
3.9,Master,6.0,Data Analyst,181000.0,7.6,San Francisco,Large (1000+),Female,36,198000
14.2,Bachelor,10.0,Software Engineer,146000.0,7.8,Chicago,Startup (1-50),Female,25,174000
2.4,PhD,8.0,ML Engineer,265000.0,,San Francisco,Medium (201-1000),Female,29,323000
16.2,Master,9.0,Data Analyst,210000.0,10.0,Chicago,Large (1000+),Non-binary,44,245000
11.8,Bachelor,6.0,ML Engineer,265000.0,8.4,Seattle,Small (51-200),Male,31,308000
1.1,Master,5.0,Backend Developer,182000.0,6.3,San Francisco,Startup (1-50),Female,32,177000
0.4,Bachelor,9.0,Backend Developer,139000.0,8.1,Seattle,Small (51-200),Female,36,184000
0.5,Bachelor,5.0,ML Engineer,191000.0,5.3,San Francisco,Startup (1-50),Female,36,205000
0.1,Bachelor,2.0,Product Manager,173000.0,5.7,Boston,Small (51-200),Female,25,170000
0.5,Bachelor,4.0,Frontend Developer,100000.0,6.6,Remote,Medium (201-1000),Male,32,135000
5.7,Master,5.0,DevOps Engineer,179000.0,5.6,Austin,Small (51-200),Female,32,184000
0.4,Bachelor,9.0,Engineering Manager,233000.0,4.3,San Francisco,Small (51-200),Male,34,247000
1.9,Master,3.0,DevOps Engineer,187000.0,8.4,Remote,Medium (201-1000),Non-binary,34,179000
9.3,Bachelor,7.0,Software Engineer,176000.0,4.0,Chicago,Medium (201-1000),Female,53,190000
0.1,Bachelor,5.0,Frontend Developer,134000.0,5.9,Remote,Large (1000+),Female,23,124000
8.4,Master,8.0,Data Analyst,135000.0,9.3,Chicago,Small (51-200),Female,40,171000
1.7,Bachelor,4.0,Full Stack Developer,210000.0,7.3,New York,Large (1000+),Male,41,241000
0.6,Bachelor,4.0,Full Stack Developer,123000.0,6.4,Chicago,Medium (201-1000),Male,36,158000
6.0,Bachelor,9.0,Full Stack Developer,180000.0,6.6,New York,Small (51-200),Female,27,197000
5.0,Bachelor,6.0,Data Scientist,167000.0,5.5,San Francisco,Small (51-200),Male,45,209000
10.5,High School,4.0,Data Analyst,101000.0,9.0,Chicago,Small (51-200),Male,22,142000
6.6,Master,8.0,Product Manager,247000.0,8.0,Los Angeles,Medium (201-1000),Female,27,255000
8.1,Bachelor,10.0,Software Engineer,124000.0,5.5,Remote,Startup (1-50),Male,41,133000
1.7,Bachelor,5.0,Software Engineer,199000.0,5.6,New York,Large (1000+),Female,29,233000
1.0,PhD,7.0,Engineering Manager,331000.0,7.7,New York,Medium (201-1000),Male,45,346000
6.9,Bachelor,9.0,Data Analyst,214000.0,7.4,Seattle,Large (1000+),Female,22,180000
8.2,Master,7.0,Product Manager,181000.0,8.0,Chicago,Startup (1-50),Female,23,241000
23.3,High School,8.0,Product Manager,276000.0,6.5,San Francisco,Small (51-200),Male,28,270000
2.7,Bachelor,6.0,Frontend Developer,110000.0,9.2,Chicago,Startup (1-50),Male,35,123000
2.3,Master,4.0,Backend Developer,198000.0,6.2,New York,Small (51-200),Male,30,201000
7.5,Bachelor,4.0,Frontend Developer,169000.0,9.1,Chicago,Large (1000+),Female,28,201000
2.1,Master,2.0,Software Engineer,146000.0,5.3,Los Angeles,Startup (1-50),Male,43,143000
13.4,Bachelor,7.0,Full Stack Developer,206000.0,10.0,Seattle,Small (51-200),Male,44,277000
9.8,High School,6.0,Frontend Developer,154000.0,8.2,Seattle,Startup (1-50),Female,29,157000
2.8,Bachelor,2.0,Backend Developer,135000.0,5.4,Chicago,Small (51-200),Male,22,133000
6.9,Bachelor,4.0,Frontend Developer,155000.0,7.3,Austin,Large (1000+),Female,22,193000
7.0,Master,8.0,DevOps Engineer,183000.0,6.4,Remote,Medium (201-1000),Female,34,188000
0.5,Bachelor,3.0,Software Engineer,147000.0,,Boston,Medium (201-1000),Male,37,159000
11.6,PhD,8.0,Data Scientist,350000.0,8.7,San Francisco,Small (51-200),Female,33,331000
3.5,PhD,7.0,Software Engineer,201000.0,8.9,Chicago,Large (1000+),Male,31,275000
8.8,Bachelor,7.0,Software Engineer,255000.0,6.5,San Francisco,Medium (201-1000),Female,26,251000
1.9,Bachelor,3.0,Engineering Manager,214000.0,5.8,Los Angeles,Small (51-200),Female,37,215000
11.3,Master,7.0,Software Engineer,253000.0,9.9,New York,Small (51-200),Male,45,295000
2.5,PhD,8.0,Data Scientist,230000.0,10.0,Remote,Large (1000+),Male,22,285000
0.1,Bachelor,4.0,Frontend Developer,156000.0,5.2,New York,Medium (201-1000),Female,31,142000
11.8,Bachelor,9.0,Backend Developer,252000.0,8.8,New York,Medium (201-1000),Male,24,295000
0.5,Bachelor,6.0,Software Engineer,145000.0,5.8,New York,Small (51-200),Female,22,166000
1.9,Master,4.0,Full Stack Developer,125000.0,7.1,Remote,Startup (1-50),Male,23,126000
15.0,Bachelor,9.0,Full Stack Developer,204000.0,5.9,Austin,Medium (201-1000),Male,35,180000
15.0,Master,11.0,Data Scientist,276000.0,7.5,Chicago,Medium (201-1000),Female,35,296000
4.3,High School,3.0,Data Scientist,200000.0,9.7,New York,Small (51-200),Male,44,217000
5.0,High School,3.0,Product Manager,139000.0,7.6,Remote,Medium (201-1000),Female,32,162000
3.0,Bachelor,5.0,Data Analyst,87000.0,7.2,Remote,Startup (1-50),Male,22,100000
1.7,Bachelor,4.0,Backend Developer,165000.0,6.7,San Francisco,Medium (201-1000),Male,30,204000
2.0,Bachelor,5.0,Software Engineer,189000.0,6.3,Seattle,Large (1000+),Female,22,200000
5.6,Bachelor,7.0,ML Engineer,241000.0,6.1,Austin,Large (1000+),Female,22,244000
7.0,Bachelor,8.0,Frontend Developer,139000.0,7.3,Seattle,Small (51-200),Female,37,163000
7.8,Bachelor,10.0,Software Engineer,200000.0,7.3,New York,Small (51-200),Female,34,223000
7.8,Bachelor,7.0,DevOps Engineer,199000.0,6.3,Remote,Large (1000+),Female,37,208000
0.5,PhD,8.0,Backend Developer,227000.0,6.2,New York,Medium (201-1000),Female,29,224000
3.4,Bachelor,5.0,ML Engineer,151000.0,7.1,Remote,Small (51-200),Male,38,170000
0.3,Bachelor,3.0,Full Stack Developer,182000.0,5.7,Los Angeles,Large (1000+),Female,29,154000
4.0,Bachelor,5.0,Data Analyst,102000.0,7.1,Austin,Small (51-200),Male,41,121000
2.9,PhD,8.0,ML Engineer,220000.0,7.8,Boston,Small (51-200),Male,35,248000
10.9,Bachelor,8.0,Data Analyst,125000.0,4.4,San Francisco,Startup (1-50),Male,30,144000
2.2,Master,7.0,Software Engineer,144000.0,8.9,Chicago,Startup (1-50),Male,34,167000
0.6,Master,6.0,Data Analyst,131000.0,4.3,New York,Startup (1-50),Female,32,106000
0.8,Master,5.0,Software Engineer,192000.0,5.0,Boston,Large (1000+),Male,45,183000
7.2,High School,2.0,Software Engineer,130000.0,7.9,Los Angeles,Small (51-200),Male,34,171000
4.8,Master,7.0,Backend Developer,181000.0,5.6,Boston,Small (51-200),Male,32,184000
0.5,High School,3.0,DevOps Engineer,131000.0,3.8,Remote,Large (1000+),Male,30,114000
0.4,Bachelor,6.0,Product Manager,167000.0,9.1,Seattle,Medium (201-1000),Female,39,223000
6.0,Master,9.0,ML Engineer,241000.0,7.0,San Francisco,Medium (201-1000),Male,38,291000
0.4,Bachelor,5.0,Data Scientist,111000.0,9.4,Remote,Small (51-200),Male,30,139000
8.6,Master,6.0,Frontend Developer,231000.0,,San Francisco,Large (1000+),Male,23,274000
6.1,High School,8.0,DevOps Engineer,100000.0,4.0,Remote,Startup (1-50),Male,25,108000
0.4,Master,9.0,ML Engineer,204000.0,6.9,San Francisco,Startup (1-50),Female,31,205000
0.4,Bachelor,3.0,Backend Developer,111000.0,,Chicago,Startup (1-50),Male,43,107000
21.6,Bachelor,12.0,Full Stack Developer,264000.0,9.2,San Francisco,Small (51-200),Male,30,365000
2.3,High School,2.0,Data Analyst,93000.0,9.1,Austin,Small (51-200),Male,27,104000
2.3,PhD,8.0,Engineering Manager,306000.0,8.6,Boston,Medium (201-1000),Male,22,304000
8.4,High School,3.0,Data Scientist,161000.0,7.1,Seattle,Startup (1-50),Non-binary,44,171000
14.7,Bachelor,7.0,Full Stack Developer,259000.0,10.0,New York,Medium (201-1000),Male,37,269000
21.3,Bachelor,15.0,ML Engineer,227000.0,7.2,Seattle,Startup (1-50),Female,38,325000
7.0,Master,5.0,Backend Developer,170000.0,8.2,New York,Startup (1-50),Female,40,202000
2.4,Bachelor,3.0,DevOps Engineer,158000.0,6.6,Seattle,Small (51-200),Male,31,180000
0.4,High School,1.0,Engineering Manager,231000.0,9.7,Seattle,Large (1000+),Non-binary,33,245000
7.5,Bachelor,10.0,Full Stack Developer,245000.0,9.4,Austin,Large (1000+),Female,44,217000
4.1,Bachelor,11.0,Engineering Manager,308000.0,7.3,New York,Large (1000+),Female,33,353000
2.8,Bachelor,5.0,Data Analyst,128000.0,7.9,Los Angeles,Medium (201-1000),Male,37,162000
11.8,Bachelor,6.0,Product Manager,246000.0,10.0,Austin,Medium (201-1000),Female,39,257000
0.6,Master,5.0,Data Analyst,189000.0,5.1,San Francisco,Medium (201-1000),Male,37,170000
3.4,Bachelor,7.0,DevOps Engineer,152000.0,4.7,Austin,Medium (201-1000),Male,31,151000
0.1,Bachelor,3.0,Data Scientist,165000.0,5.7,Chicago,Startup (1-50),Female,32,138000
3.2,Bachelor,8.0,ML Engineer,,6.1,San Francisco,Small (51-200),Female,38,247000
0.3,PhD,8.0,Software Engineer,137000.0,9.3,Remote,Small (51-200),Male,38,197000
0.6,PhD,5.0,Frontend Developer,145000.0,9.5,Austin,Small (51-200),Female,41,163000
0.6,Master,4.0,Frontend Developer,239000.0,7.1,San Francisco,Small (51-200),Female,36,184000
5.2,Bachelor,9.0,Frontend Developer,133000.0,8.0,Chicago,Startup (1-50),Male,37,130000
6.9,High School,8.0,Engineering Manager,193000.0,5.8,Seattle,Small (51-200),Male,28,204000
4.4,Bachelor,7.0,Product Manager,187000.0,10.0,New York,Startup (1-50),Male,27,248000
16.4,Bachelor,11.0,Software Engineer,243000.0,9.6,Chicago,Large (1000+),Female,38,240000
2.3,Bachelor,5.0,ML Engineer,177000.0,6.9,Boston,Startup (1-50),Female,27,178000
1.7,Master,6.0,DevOps Engineer,182000.0,7.1,Chicago,Small (51-200),Male,32,181000
10.1,Master,10.0,ML Engineer,309000.0,9.3,Boston,Large (1000+),Female,43,342000
1.3,Master,7.0,Full Stack Developer,147000.0,6.7,Remote,Small (51-200),Female,42,157000
16.5,Bachelor,10.0,Frontend Developer,150000.0,5.9,Chicago,Startup (1-50),Female,34,173000
0.1,Master,5.0,Frontend Developer,162000.0,9.0,San Francisco,Small (51-200),Male,30,198000
17.5,Bachelor,12.0,Data Analyst,112000.0,10.0,Remote,Startup (1-50),Male,31,168000
0.2,High School,1.0,Data Analyst,82000.0,6.6,Boston,Startup (1-50),Female,39,83000
11.1,Master,9.0,Software Engineer,240000.0,8.6,San Francisco,Startup (1-50),Male,32,296000
3.8,High School,6.0,Full Stack Developer,108000.0,7.2,Austin,Small (51-200),Male,28,137000
24.8,Bachelor,12.0,DevOps Engineer,412000.0,4.8,San Francisco,Large (1000+),Female,42,338000
0.4,Bachelor,7.0,Data Scientist,135000.0,5.1,Remote,Medium (201-1000),Male,33,140000
4.0,Master,6.0,Software Engineer,172000.0,10.0,Austin,Medium (201-1000),Female,27,201000
17.4,Master,14.0,DevOps Engineer,226000.0,8.7,Los Angeles,Startup (1-50),Male,36,262000
3.7,Bachelor,7.0,ML Engineer,172000.0,3.8,San Francisco,Small (51-200),Male,40,189000
5.0,Master,8.0,Data Scientist,257000.0,6.2,Boston,Large (1000+),Male,24,266000
5.9,Bachelor,7.0,Backend Developer,149000.0,5.3,New York,Startup (1-50),Male,30,180000
3.0,Bachelor,7.0,Full Stack Developer,155000.0,6.4,Boston,Large (1000+),Male,30,205000
4.9,Master,7.0,Data Scientist,174000.0,6.2,Remote,Small (51-200),Female,36,170000
4.4,Master,4.0,Software Engineer,190000.0,9.4,Remote,Large (1000+),Male,37,216000
11.6,PhD,8.0,Data Analyst,201000.0,9.7,Chicago,Small (51-200),Female,28,206000
0.2,Bachelor,,Software Engineer,129000.0,7.0,Chicago,Small (51-200),Male,22,138000
1.6,Master,3.0,Product Manager,255000.0,7.0,San Francisco,Medium (201-1000),Male,40,305000
15.0,Master,14.0,Backend Developer,286000.0,6.1,New York,Medium (201-1000),Male,23,322000
11.0,PhD,11.0,ML Engineer,168000.0,9.5,Remote,Startup (1-50),Female,34,266000
3.0,Bachelor,9.0,Data Scientist,188000.0,9.3,Austin,Large (1000+),Male,31,220000
4.8,Master,7.0,Software Engineer,198000.0,5.7,San Francisco,Startup (1-50),Male,33,199000
1.6,Bachelor,7.0,Data Scientist,133000.0,4.4,Austin,Startup (1-50),Female,45,130000
1.0,Bachelor,7.0,Software Engineer,156000.0,7.0,Seattle,Medium (201-1000),Male,56,192000
3.1,Bachelor,7.0,Backend Developer,183000.0,6.6,Seattle,Medium (201-1000),Male,22,173000
2.2,Bachelor,3.0,Software Engineer,146000.0,7.8,Chicago,Large (1000+),Male,40,184000
4.4,Bachelor,5.0,Frontend Developer,167000.0,5.5,Seattle,Small (51-200),Female,31,157000
0.4,Master,10.0,Frontend Developer,168000.0,6.2,San Francisco,Startup (1-50),Male,40,191000
18.3,Bachelor,11.0,Data Scientist,357000.0,7.7,San Francisco,Medium (201-1000),Female,40,366000
21.4,Master,16.0,Software Engineer,221000.0,7.2,Chicago,Small (51-200),Female,43,270000
6.0,Bachelor,6.0,Software Engineer,186000.0,8.2,Los Angeles,Small (51-200),Female,34,173000
3.8,High School,6.0,Software Engineer,116000.0,8.6,Remote,Small (51-200),Male,25,146000
1.9,Bachelor,4.0,Full Stack Developer,142000.0,,Seattle,Startup (1-50),Female,39,152000
8.4,Bachelor,7.0,Data Scientist,172000.0,9.3,Los Angeles,Small (51-200),Male,33,249000
5.8,Bachelor,4.0,Full Stack Developer,,6.8,Remote,Small (51-200),Female,30,150000
0.9,Bachelor,7.0,DevOps Engineer,141000.0,6.2,Chicago,Medium (201-1000),Male,28,153000
12.1,Bachelor,9.0,DevOps Engineer,187000.0,7.0,Remote,Medium (201-1000),Female,40,186000
8.6,Bachelor,12.0,Frontend Developer,168000.0,9.3,Seattle,Startup (1-50),Male,45,215000
15.0,Bachelor,9.0,Full Stack Developer,172000.0,6.5,Austin,Startup (1-50),Male,22,194000
6.5,Bachelor,6.0,Data Scientist,225000.0,6.6,San Francisco,Small (51-200),Female,37,271000
4.8,High School,8.0,Software Engineer,165000.0,5.1,New York,Startup (1-50),Male,29,139000
2.7,PhD,5.0,Frontend Developer,180000.0,8.2,Remote,Medium (201-1000),Male,22,198000
13.5,Master,9.0,ML Engineer,266000.0,,Chicago,Large (1000+),Female,33,380000
10.1,Master,7.0,DevOps Engineer,198000.0,9.3,Remote,Medium (201-1000),Female,25,253000
0.2,High School,1.0,Backend Developer,137000.0,7.4,Seattle,Medium (201-1000),Male,22,142000
0.1,Master,7.0,DevOps Engineer,250000.0,8.3,San Francisco,Small (51-200),Male,26,216000
2.4,Master,7.0,Backend Developer,,8.6,San Francisco,Small (51-200),Female,24,219000
8.3,Master,6.0,Frontend Developer,242000.0,7.4,Seattle,Large (1000+),Female,27,326000
21.8,High School,8.0,Full Stack Developer,281000.0,7.7,Seattle,Large (1000+),Male,22,269000
0.8,Master,6.0,Full Stack Developer,180000.0,9.1,Boston,Small (51-200),Female,29,166000
4.5,Master,9.0,Frontend Developer,198000.0,6.1,San Francisco,Small (51-200),Male,26,211000
2.4,Bachelor,3.0,Backend Developer,131000.0,9.2,Los Angeles,Medium (201-1000),Male,35,181000
17.5,Master,11.0,Data Analyst,207000.0,10.0,Seattle,Startup (1-50),Male,37,216000
9.2,Bachelor,4.0,DevOps Engineer,176000.0,10.0,Chicago,Medium (201-1000),Male,34,214000
9.1,Bachelor,6.0,ML Engineer,214000.0,5.8,Austin,Large (1000+),Female,30,241000
3.2,High School,4.0,Full Stack Developer,144000.0,5.2,San Francisco,Startup (1-50),Male,30,127000
2.7,Master,4.0,Frontend Developer,189000.0,8.2,Remote,Large (1000+),Male,25,212000
1.6,High School,5.0,Software Engineer,134000.0,6.8,Remote,Large (1000+),Female,25,139000
0.3,Bachelor,4.0,Product Manager,173000.0,6.2,Austin,Large (1000+),Male,38,187000
10.0,Bachelor,11.0,Software Engineer,176000.0,4.8,Austin,Small (51-200),Female,22,188000
8.4,Bachelor,5.0,Full Stack Developer,192000.0,7.2,San Francisco,Startup (1-50),Male,31,260000
30.0,High School,12.0,Full Stack Developer,171000.0,8.0,Remote,Medium (201-1000),Female,29,203000
28.5,Master,15.0,Engineering Manager,341000.0,6.2,Los Angeles,Small (51-200),Male,37,379000
4.1,Master,9.0,Software Engineer,180000.0,6.6,San Francisco,Startup (1-50),Male,22,221000
7.3,Bachelor,6.0,Frontend Developer,164000.0,7.9,New York,Small (51-200),Female,32,216000
14.5,High School,10.0,DevOps Engineer,204000.0,9.0,Los Angeles,Medium (201-1000),Female,35,248000
9.5,High School,10.0,ML Engineer,179000.0,7.1,New York,Startup (1-50),Female,22,221000
1.4,Master,4.0,Software Engineer,143000.0,5.7,Remote,Small (51-200),Female,23,141000
3.0,Bachelor,4.0,Frontend Developer,110000.0,7.5,Austin,Startup (1-50),Male,31,143000
0.7,Bachelor,3.0,DevOps Engineer,159000.0,6.9,Boston,Medium (201-1000),Male,36,177000
15.4,High School,10.0,Software Engineer,195000.0,6.2,Seattle,Medium (201-1000),Female,33,227000
4.7,Master,9.0,Backend Developer,173000.0,7.4,New York,Startup (1-50),Female,36,211000
1.3,Master,7.0,Full Stack Developer,231000.0,6.1,San Francisco,Large (1000+),Female,23,234000
5.6,Master,8.0,Full Stack Developer,148000.0,7.6,Remote,Startup (1-50),Female,22,167000
4.8,Master,10.0,Product Manager,224000.0,6.6,Remote,Medium (201-1000),Male,33,219000
2.2,High School,5.0,ML Engineer,151000.0,5.7,Remote,Medium (201-1000),Male,22,122000
0.6,High School,3.0,Engineering Manager,177000.0,5.7,Boston,Medium (201-1000),Male,25,207000
5.6,High School,9.0,Data Analyst,102000.0,7.8,New York,Startup (1-50),Female,39,114000
3.7,Bachelor,7.0,Data Scientist,203000.0,8.1,San Francisco,Large (1000+),Female,34,278000
7.4,High School,7.0,Software Engineer,147000.0,10.0,Chicago,Large (1000+),Female,27,216000
3.7,Bachelor,11.0,DevOps Engineer,151000.0,4.9,Austin,Medium (201-1000),Male,26,176000
9.6,Bachelor,9.0,ML Engineer,245000.0,8.9,New York,Small (51-200),Male,37,312000
4.0,PhD,8.0,Frontend Developer,238000.0,8.0,San Francisco,Startup (1-50),Female,34,247000
4.1,Master,5.0,Frontend Developer,210000.0,5.6,San Francisco,Medium (201-1000),Female,22,215000
10.5,Master,9.0,Full Stack Developer,212000.0,7.9,New York,Small (51-200),Male,22,257000
2.6,Master,5.0,Frontend Developer,154000.0,6.4,Chicago,Medium (201-1000),Female,47,171000
0.7,High School,7.0,Software Engineer,115000.0,7.1,Los Angeles,Small (51-200),Male,22,135000
0.1,Master,4.0,Data Analyst,136000.0,7.1,Chicago,Medium (201-1000),Male,36,139000
7.0,Bachelor,7.0,Data Scientist,135000.0,7.9,Los Angeles,Startup (1-50),Female,44,195000
4.8,Master,8.0,Engineering Manager,197000.0,6.2,Los Angeles,Startup (1-50),Female,33,220000
6.1,Bachelor,5.0,Software Engineer,152000.0,8.7,Austin,Startup (1-50),Female,27,174000
1.2,PhD,10.0,Engineering Manager,224000.0,,New York,Startup (1-50),Male,22,237000
0.7,Bachelor,2.0,Software Engineer,130000.0,7.7,Remote,Small (51-200),Male,22,148000
0.1,Bachelor,3.0,Data Scientist,181000.0,6.4,New York,Medium (201-1000),Male,35,187000
2.2,PhD,4.0,Software Engineer,274000.0,6.8,New York,Medium (201-1000),Male,44,244000
4.5,High School,5.0,Full Stack Developer,171000.0,6.0,New York,Medium (201-1000),Male,29,218000
2.5,Master,7.0,Data Analyst,132000.0,10.0,Austin,Medium (201-1000),Male,28,161000
2.9,Master,5.0,DevOps Engineer,224000.0,10.0,New York,Small (51-200),Male,38,247000
11.7,Master,8.0,Product Manager,294000.0,10.0,San Francisco,Small (51-200),Male,27,330000
2.1,PhD,6.0,Frontend Developer,,8.2,Seattle,Small (51-200),Female,34,220000
3.6,PhD,6.0,Backend Developer,182000.0,8.0,Chicago,Medium (201-1000),Female,32,228000
7.7,High School,5.0,Data Analyst,86000.0,9.1,Boston,Startup (1-50),Female,29,117000
2.5,Master,7.0,Data Scientist,139000.0,6.2,Chicago,Startup (1-50),Male,32,133000
4.9,Master,6.0,ML Engineer,230000.0,10.0,San Francisco,Medium (201-1000),Male,46,390000
9.9,Master,8.0,Product Manager,427000.0,9.7,San Francisco,Large (1000+),Male,37,401000
14.9,High School,7.0,Product Manager,219000.0,7.4,Boston,Medium (201-1000),Male,41,242000
0.8,Master,5.0,Engineering Manager,273000.0,8.0,Seattle,Medium (201-1000),Male,25,285000
13.1,PhD,13.0,Product Manager,247000.0,9.3,Remote,Medium (201-1000),Male,41,304000
3.4,PhD,9.0,Software Engineer,181000.0,7.2,Remote,Small (51-200),Female,37,206000
1.5,Bachelor,2.0,Data Analyst,112000.0,8.7,Remote,Medium (201-1000),Non-binary,22,125000
3.1,High School,3.0,ML Engineer,197000.0,8.6,Los Angeles,Large (1000+),Male,36,213000
19.6,Bachelor,16.0,Engineering Manager,283000.0,8.0,Seattle,Startup (1-50),Female,28,402000
3.4,Master,6.0,DevOps Engineer,237000.0,7.0,New York,Small (51-200),Male,22,218000
2.0,Master,5.0,Frontend Developer,125000.0,6.6,Austin,Startup (1-50),Female,33,155000
5.0,Bachelor,4.0,Frontend Developer,184000.0,5.7,San Francisco,Small (51-200),Female,36,153000
1.4,High School,5.0,ML Engineer,202000.0,5.2,New York,Large (1000+),Female,33,210000
0.4,Bachelor,2.0,Software Engineer,146000.0,5.8,New York,Small (51-200),Male,31,199000
0.7,Bachelor,7.0,Product Manager,143000.0,5.9,Seattle,Small (51-200),Male,29,162000
0.7,PhD,8.0,Data Analyst,,10.0,San Francisco,Large (1000+),Male,52,271000
0.8,Master,8.0,Software Engineer,192000.0,7.1,San Francisco,Small (51-200),Male,23,189000
0.7,Bachelor,8.0,Full Stack Developer,119000.0,7.2,Remote,Small (51-200),Female,39,155000
5.1,Bachelor,8.0,Backend Developer,212000.0,6.4,Boston,Large (1000+),Female,32,195000
1.0,High School,6.0,ML Engineer,141000.0,10.0,Remote,Small (51-200),Female,25,137000
2.1,PhD,9.0,Data Scientist,211000.0,7.2,Remote,Medium (201-1000),Male,32,204000
11.4,Bachelor,9.0,Data Analyst,161000.0,6.4,San Francisco,Startup (1-50),Female,22,165000
3.2,Bachelor,7.0,Full Stack Developer,159000.0,8.4,New York,Startup (1-50),Male,27,179000
5.5,Bachelor,6.0,Frontend Developer,183000.0,6.7,San Francisco,Small (51-200),Male,32,192000
0.9,Master,11.0,Backend Developer,149000.0,9.2,Chicago,Small (51-200),Female,22,169000
1.1,Master,5.0,Software Engineer,173000.0,6.4,Remote,Large (1000+),Male,36,182000
0.2,Master,7.0,DevOps Engineer,249000.0,7.6,New York,Large (1000+),Male,24,254000
0.9,Bachelor,4.0,Software Engineer,201000.0,4.7,New York,Large (1000+),Male,22,187000
1.6,Bachelor,7.0,Data Scientist,149000.0,7.7,Los Angeles,Small (51-200),Female,23,178000
1.0,High School,2.0,Backend Developer,149000.0,6.1,Boston,Large (1000+),Female,49,154000
0.5,Master,7.0,Product Manager,178000.0,6.9,Chicago,Medium (201-1000),Male,22,198000
0.6,High School,3.0,ML Engineer,189000.0,7.5,New York,Small (51-200),Female,35,177000
3.1,Bachelor,6.0,Data Scientist,202000.0,7.5,New York,Medium (201-1000),Female,26,219000
1.2,Master,6.0,Backend Developer,164000.0,8.7,Remote,Startup (1-50),Female,29,141000
2.3,Master,6.0,Data Analyst,117000.0,6.2,Remote,Startup (1-50),Female,37,101000
3.5,Bachelor,2.0,Full Stack Developer,142000.0,8.6,Remote,Large (1000+),Female,36,154000
5.9,Bachelor,5.0,Data Analyst,145000.0,4.7,Austin,Medium (201-1000),Female,27,138000
0.2,High School,6.0,Frontend Developer,,3.3,Austin,Small (51-200),Male,22,96000
8.0,Master,8.0,Full Stack Developer,181000.0,10.0,Remote,Small (51-200),Male,37,208000
4.9,Master,7.0,Software Engineer,300000.0,5.8,New York,Large (1000+),Male,36,276000
0.4,Bachelor,7.0,ML Engineer,180000.0,7.7,Seattle,Medium (201-1000),Male,30,200000
10.3,Bachelor,12.0,ML Engineer,184000.0,6.8,Chicago,Small (51-200),Male,36,235000
12.7,Master,11.0,Frontend Developer,229000.0,8.4,New York,Startup (1-50),Male,28,273000
0.3,Master,6.0,Product Manager,166000.0,7.9,Austin,Small (51-200),Male,25,172000
1.6,Bachelor,6.0,Data Analyst,91000.0,8.4,Remote,Large (1000+),Male,32,121000
8.2,Bachelor,7.0,Software Engineer,189000.0,5.4,Los Angeles,Small (51-200),Male,36,187000
6.9,Bachelor,9.0,Software Engineer,188000.0,8.8,Seattle,Small (51-200),Female,34,215000
1.0,High School,4.0,ML Engineer,153000.0,7.1,Seattle,Small (51-200),Female,36,164000
1.2,PhD,7.0,Data Scientist,223000.0,5.5,Chicago,Large (1000+),Male,26,230000
2.3,Master,4.0,Backend Developer,204000.0,6.7,Chicago,Medium (201-1000),Male,45,149000
3.3,Master,8.0,Product Manager,208000.0,5.4,Remote,Medium (201-1000),Male,29,176000
4.8,High School,11.0,Engineering Manager,178000.0,4.7,Seattle,Small (51-200),Male,31,183000
2.3,Master,4.0,Backend Developer,174000.0,7.2,New York,Startup (1-50),Male,22,197000
3.1,Bachelor,6.0,Data Analyst,159000.0,10.0,Boston,Large (1000+),Female,30,143000
6.9,Bachelor,8.0,Frontend Developer,188000.0,8.2,Chicago,Large (1000+),Male,36,193000
0.2,Bachelor,7.0,Data Scientist,142000.0,8.3,Chicago,Large (1000+),Female,38,178000
1.5,High School,4.0,Frontend Developer,156000.0,7.3,San Francisco,Large (1000+),Female,44,187000
6.2,Master,7.0,Frontend Developer,201000.0,10.0,Seattle,Large (1000+),Male,36,291000
11.3,Bachelor,8.0,Full Stack Developer,236000.0,10.0,Seattle,Medium (201-1000),Male,34,311000
3.6,Bachelor,6.0,Data Scientist,182000.0,5.9,Los Angeles,Large (1000+),Male,28,187000
3.8,Bachelor,,ML Engineer,200000.0,7.0,Remote,Medium (201-1000),Male,27,173000
0.6,Bachelor,4.0,ML Engineer,183000.0,5.6,Seattle,Startup (1-50),Male,40,162000
3.0,High School,1.0,Engineering Manager,202000.0,5.4,San Francisco,Small (51-200),Non-binary,40,235000
3.8,Bachelor,7.0,DevOps Engineer,162000.0,9.6,Austin,Large (1000+),Female,23,225000
1.4,Master,8.0,Full Stack Developer,186000.0,6.6,San Francisco,Small (51-200),Female,38,213000
1.6,High School,3.0,Full Stack Developer,141000.0,4.9,Chicago,Large (1000+),Male,37,146000
2.4,High School,1.0,Data Scientist,116000.0,4.8,Remote,Startup (1-50),Male,23,102000
0.1,Bachelor,3.0,Frontend Developer,137000.0,6.4,Seattle,Small (51-200),Male,36,157000
1.9,Master,5.0,Product Manager,159000.0,10.0,Seattle,Small (51-200),Male,24,281000
1.2,Bachelor,4.0,DevOps Engineer,131000.0,8.6,Chicago,Startup (1-50),Male,22,137000
2.0,Bachelor,6.0,Product Manager,142000.0,3.0,New York,Startup (1-50),Female,31,140000
0.6,Bachelor,4.0,Data Scientist,130000.0,7.1,New York,Startup (1-50),Male,34,174000
11.1,Bachelor,7.0,Software Engineer,244000.0,7.2,Los Angeles,Large (1000+),Female,31,280000
4.5,High School,5.0,Product Manager,109000.0,8.3,Chicago,Startup (1-50),Female,55,145000
5.7,Master,4.0,Data Analyst,130000.0,6.4,Chicago,Small (51-200),Male,35,121000
7.8,Master,9.0,Engineering Manager,289000.0,5.8,San Francisco,Startup (1-50),Female,33,331000
3.5,Bachelor,5.0,Backend Developer,181000.0,6.1,San Francisco,Medium (201-1000),Male,35,217000
0.5,Master,4.0,Product Manager,248000.0,6.5,San Francisco,Medium (201-1000),Male,28,274000
3.9,Master,10.0,Data Analyst,162000.0,8.9,New York,Medium (201-1000),Female,39,217000
4.4,Bachelor,6.0,Data Analyst,102000.0,6.4,Remote,Small (51-200),Male,35,103000
6.8,Bachelor,6.0,Frontend Developer,155000.0,10.0,New York,Startup (1-50),Female,35,212000
2.8,High School,,ML Engineer,135000.0,5.5,Remote,Medium (201-1000),Female,27,136000
0.7,High School,4.0,Product Manager,178000.0,7.9,New York,Large (1000+),Female,22,190000
1.7,Master,4.0,DevOps Engineer,155000.0,6.0,Seattle,Startup (1-50),Non-binary,28,164000
2.3,Master,7.0,Frontend Developer,169000.0,9.0,Los Angeles,Small (51-200),Male,34,189000
5.2,PhD,6.0,DevOps Engineer,218000.0,7.2,New York,Startup (1-50),Male,28,241000
4.2,Master,6.0,Frontend Developer,143000.0,9.4,Seattle,Startup (1-50),Male,34,212000
2.2,Bachelor,5.0,DevOps Engineer,190000.0,3.1,New York,Medium (201-1000),Male,30,198000
21.5,High School,11.0,Software Engineer,217000.0,7.7,San Francisco,Small (51-200),Male,35,279000
4.7,Master,7.0,Product Manager,169000.0,9.3,Austin,Startup (1-50),Female,24,230000
1.4,Bachelor,6.0,DevOps Engineer,175000.0,6.8,Seattle,Small (51-200),Male,34,157000
0.5,Master,7.0,Frontend Developer,145000.0,4.4,Remote,Large (1000+),Non-binary,27,159000
0.8,Master,10.0,Software Engineer,171000.0,6.2,Chicago,Large (1000+),Female,22,192000
1.4,Master,7.0,Software Engineer,202000.0,7.5,Austin,Large (1000+),Male,31,186000
0.9,Master,6.0,Data Scientist,225000.0,5.9,San Francisco,Small (51-200),Male,44,207000
1.0,High School,8.0,Full Stack Developer,129000.0,8.4,Boston,Medium (201-1000),Male,22,154000
1.7,Master,10.0,Software Engineer,224000.0,8.4,San Francisco,Small (51-200),Male,33,225000
1.0,Master,5.0,Product Manager,189000.0,7.9,Boston,Startup (1-50),Male,38,190000
11.4,Bachelor,10.0,Data Scientist,190000.0,8.4,Remote,Small (51-200),Male,50,193000
0.4,Master,8.0,Data Scientist,240000.0,5.7,San Francisco,Medium (201-1000),Female,28,265000
3.7,Bachelor,7.0,Software Engineer,138000.0,9.4,Chicago,Small (51-200),Male,27,149000
2.6,PhD,5.0,Software Engineer,208000.0,9.8,Los Angeles,Large (1000+),Female,23,250000
20.2,High School,6.0,Full Stack Developer,134000.0,7.6,Chicago,Startup (1-50),Female,41,165000
0.6,Bachelor,3.0,Data Analyst,123000.0,4.4,New York,Small (51-200),Male,25,113000
2.5,Bachelor,7.0,Backend Developer,134000.0,4.1,Boston,Startup (1-50),Male,29,120000
17.4,Master,10.0,Software Engineer,235000.0,10.0,Los Angeles,Small (51-200),Female,22,345000
10.0,Bachelor,9.0,Data Scientist,203000.0,5.8,New York,Startup (1-50),Non-binary,39,205000
8.5,Bachelor,6.0,DevOps Engineer,189000.0,6.3,Chicago,Small (51-200),Male,41,174000
1.5,Bachelor,6.0,Engineering Manager,275000.0,7.4,San Francisco,Small (51-200),Male,39,229000
0.9,PhD,8.0,Data Scientist,218000.0,5.7,San Francisco,Small (51-200),Male,22,237000
5.5,Bachelor,9.0,Full Stack Developer,144000.0,10.0,Remote,Small (51-200),Male,37,177000
13.3,High School,13.0,DevOps Engineer,149000.0,9.1,Remote,Small (51-200),Male,22,188000
4.1,Master,3.0,Data Scientist,180000.0,10.0,Remote,Small (51-200),Male,32,218000
4.2,Bachelor,7.0,DevOps Engineer,193000.0,9.5,Los Angeles,Small (51-200),Female,34,177000
1.6,PhD,3.0,Software Engineer,285000.0,3.8,San Francisco,Small (51-200),Male,34,204000
7.3,High School,7.0,Full Stack Developer,216000.0,7.7,New York,Large (1000+),Male,36,241000
1.0,Master,4.0,Data Scientist,178000.0,7.5,Los Angeles,Small (51-200),Male,32,192000
2.0,Bachelor,6.0,Full Stack Developer,,7.5,San Francisco,Small (51-200),Female,22,193000
2.8,Bachelor,5.0,Software Engineer,200000.0,5.8,Remote,Large (1000+),Male,36,168000
3.5,Master,6.0,Engineering Manager,249000.0,8.3,Austin,Large (1000+),Female,33,328000
1.4,Bachelor,5.0,Software Engineer,228000.0,9.2,San Francisco,Large (1000+),Male,25,230000
0.6,Master,8.0,Product Manager,229000.0,5.0,New York,Medium (201-1000),Male,22,229000
4.7,Bachelor,5.0,Data Analyst,,6.6,Austin,Small (51-200),Male,44,119000
1.7,Bachelor,3.0,Engineering Manager,210000.0,9.3,Chicago,Small (51-200),Female,42,190000
4.4,Bachelor,8.0,DevOps Engineer,131000.0,7.5,Remote,Medium (201-1000),Male,38,176000
0.8,PhD,8.0,Full Stack Developer,186000.0,7.7,Boston,Large (1000+),Female,27,241000
3.3,Bachelor,8.0,ML Engineer,200000.0,6.6,Austin,Medium (201-1000),Female,22,197000
3.8,Bachelor,4.0,Software Engineer,210000.0,10.0,New York,Large (1000+),Female,38,274000
0.3,Bachelor,6.0,DevOps Engineer,184000.0,7.4,San Francisco,Small (51-200),Male,35,194000
2.1,Bachelor,6.0,Software Engineer,159000.0,9.6,Seattle,Small (51-200),Female,29,175000
0.7,Bachelor,3.0,Engineering Manager,291000.0,10.0,San Francisco,Large (1000+),Male,41,330000
0.3,PhD,5.0,Software Engineer,227000.0,7.7,New York,Medium (201-1000),Male,39,258000
23.0,Bachelor,10.0,Frontend Developer,289000.0,8.6,Seattle,Large (1000+),Male,33,301000
1.9,Master,5.0,Backend Developer,211000.0,10.0,Seattle,Medium (201-1000),Female,32,214000
8.3,High School,5.0,Frontend Developer,191000.0,5.1,San Francisco,Small (51-200),Male,32,168000
1.5,Master,6.0,Backend Developer,188000.0,8.7,Boston,Small (51-200),Male,37,168000
5.7,PhD,6.0,Software Engineer,239000.0,8.9,Austin,Large (1000+),Male,25,258000
7.1,Bachelor,6.0,Frontend Developer,220000.0,6.4,San Francisco,Medium (201-1000),Male,35,198000
4.5,PhD,9.0,Data Scientist,230000.0,6.8,Los Angeles,Small (51-200),Male,25,215000
3.2,Bachelor,9.0,Product Manager,216000.0,7.0,San Francisco,Small (51-200),Male,43,214000
2.7,PhD,6.0,Full Stack Developer,155000.0,8.0,Chicago,Small (51-200),Male,36,215000
2.1,Master,3.0,Engineering Manager,266000.0,9.4,San Francisco,Startup (1-50),Male,26,302000
13.3,Bachelor,10.0,Software Engineer,206000.0,9.8,Chicago,Medium (201-1000),Female,33,260000
8.9,Bachelor,5.0,Data Scientist,249000.0,5.6,San Francisco,Startup (1-50),Male,25,205000
16.8,Bachelor,8.0,Software Engineer,203000.0,9.8,Remote,Small (51-200),Male,44,190000
0.7,High School,7.0,Software Engineer,159000.0,8.2,Seattle,Large (1000+),Male,45,166000
6.6,High School,9.0,Data Scientist,131000.0,7.1,Remote,Small (51-200),Female,38,158000
13.9,High School,7.0,Backend Developer,188000.0,6.3,Seattle,Large (1000+),Male,44,218000
1.0,Bachelor,6.0,Data Scientist,225000.0,6.1,San Francisco,Small (51-200),Male,33,193000
0.3,Master,7.0,Frontend Developer,138000.0,9.1,Remote,Large (1000+),Male,38,172000
6.8,High School,6.0,Product Manager,144000.0,4.5,San Francisco,Startup (1-50),Non-binary,42,182000
4.3,High School,2.0,Backend Developer,125000.0,8.9,Los Angeles,Startup (1-50),Female,32,141000
9.2,Master,10.0,ML Engineer,348000.0,7.4,San Francisco,Large (1000+),Male,33,340000
0.8,Bachelor,3.0,ML Engineer,178000.0,7.5,Austin,Medium (201-1000),Male,39,155000
7.9,High School,3.0,DevOps Engineer,121000.0,2.2,Remote,Startup (1-50),Male,37,112000
1.1,Bachelor,6.0,Software Engineer,167000.0,4.7,Seattle,Large (1000+),Male,26,178000
0.9,PhD,8.0,Backend Developer,215000.0,7.1,New York,Small (51-200),Female,22,233000
0.9,Master,4.0,ML Engineer,192000.0,5.4,Remote,Large (1000+),Male,31,194000
8.4,Bachelor,7.0,Data Analyst,108000.0,8.4,Remote,Small (51-200),Female,22,135000
5.5,Master,3.0,Full Stack Developer,213000.0,7.9,Los Angeles,Small (51-200),Male,24,205000
3.7,Bachelor,5.0,Backend Developer,173000.0,9.8,Seattle,Small (51-200),Female,25,180000
2.2,Master,7.0,ML Engineer,150000.0,8.7,Austin,Small (51-200),Male,27,208000
10.5,Master,,Data Scientist,251000.0,6.4,Seattle,Small (51-200),Male,39,261000
2.5,Master,5.0,Full Stack Developer,223000.0,9.5,New York,Small (51-200),Female,40,247000
8.5,Bachelor,6.0,DevOps Engineer,125000.0,7.6,Remote,Startup (1-50),Male,36,156000
2.9,High School,4.0,Data Scientist,149000.0,5.7,New York,Small (51-200),Female,37,152000
2.4,Bachelor,6.0,Software Engineer,160000.0,7.8,Seattle,Startup (1-50),Female,37,183000
3.1,Master,7.0,Software Engineer,216000.0,10.0,Seattle,Large (1000+),Male,22,278000
1.8,Bachelor,2.0,Full Stack Developer,114000.0,8.4,Remote,Medium (201-1000),Female,32,175000
6.9,Master,11.0,Data Scientist,257000.0,9.7,Los Angeles,Medium (201-1000),Male,22,251000
3.5,PhD,7.0,Frontend Developer,186000.0,10.0,Remote,Large (1000+),Male,36,223000
1.3,Bachelor,3.0,DevOps Engineer,163000.0,7.9,Austin,Medium (201-1000),Female,22,176000
11.5,Master,9.0,Frontend Developer,203000.0,6.2,Remote,Large (1000+),Female,31,231000
2.4,Master,9.0,Data Analyst,149000.0,8.8,Boston,Small (51-200),Male,36,131000
3.9,PhD,5.0,Data Analyst,148000.0,10.0,San Francisco,Startup (1-50),Female,23,170000
11.8,PhD,9.0,DevOps Engineer,329000.0,6.3,San Francisco,Small (51-200),Non-binary,40,315000
4.9,Master,12.0,Software Engineer,253000.0,7.1,San Francisco,Small (51-200),Male,36,252000
0.6,Bachelor,5.0,DevOps Engineer,167000.0,5.7,Seattle,Large (1000+),Female,35,183000
14.1,Master,13.0,Backend Developer,202000.0,9.1,Chicago,Medium (201-1000),Female,38,258000
4.9,High School,7.0,Frontend Developer,171000.0,8.3,New York,Small (51-200),Female,29,165000
2.0,Master,4.0,Backend Developer,215000.0,8.2,Seattle,Medium (201-1000),Male,33,202000
0.7,PhD,7.0,Software Engineer,,7.0,Los Angeles,Small (51-200),Female,32,219000
7.9,Bachelor,8.0,Backend Developer,119000.0,8.8,Chicago,Startup (1-50),Male,32,147000
4.8,Master,6.0,Software Engineer,179000.0,5.3,Remote,Medium (201-1000),Female,27,149000
3.8,Bachelor,10.0,Full Stack Developer,224000.0,4.6,New York,Large (1000+),Female,22,196000
11.2,Bachelor,13.0,ML Engineer,312000.0,9.8,San Francisco,Large (1000+),Male,29,359000
7.8,Bachelor,5.0,Full Stack Developer,288000.0,2.8,San Francisco,Medium (201-1000),Male,29,213000
0.8,Master,5.0,Software Engineer,211000.0,5.5,San Francisco,Small (51-200),Female,26,202000
1.9,PhD,7.0,ML Engineer,215000.0,9.0,New York,Startup (1-50),Female,39,282000
1.4,PhD,6.0,Full Stack Developer,199000.0,7.4,Austin,Small (51-200),Male,23,225000
6.8,Bachelor,14.0,Data Scientist,242000.0,2.6,San Francisco,Medium (201-1000),Male,31,220000
0.2,Master,5.0,Full Stack Developer,182000.0,8.2,San Francisco,Small (51-200),Female,41,231000
4.2,Master,7.0,Backend Developer,205000.0,,San Francisco,Startup (1-50),Male,39,186000
7.2,Bachelor,12.0,Frontend Developer,223000.0,7.3,Boston,Large (1000+),Male,42,218000
10.5,High School,6.0,ML Engineer,230000.0,7.4,Boston,Large (1000+),Female,27,245000
2.1,Bachelor,4.0,DevOps Engineer,146000.0,6.8,Austin,Medium (201-1000),Male,38,169000
8.6,PhD,12.0,Frontend Developer,221000.0,6.2,New York,Startup (1-50),Male,23,235000
0.6,Master,9.0,DevOps Engineer,150000.0,7.0,Seattle,Startup (1-50),Male,30,189000
9.4,Master,8.0,Backend Developer,219000.0,10.0,San Francisco,Startup (1-50),Female,31,260000
0.7,Bachelor,7.0,DevOps Engineer,204000.0,7.2,New York,Medium (201-1000),Male,27,202000
2.5,Master,7.0,Data Scientist,125000.0,7.3,Chicago,Startup (1-50),Female,29,169000
8.0,High School,4.0,Data Scientist,203000.0,6.4,Los Angeles,Large (1000+),Female,28,217000
0.8,Bachelor,4.0,Software Engineer,170000.0,5.4,Boston,Large (1000+),Male,24,158000
1.3,Master,5.0,Data Scientist,169000.0,5.5,Los Angeles,Small (51-200),Female,39,183000
6.4,High School,,Full Stack Developer,128000.0,7.5,Boston,Small (51-200),Male,31,145000
6.4,Master,6.0,Full Stack Developer,228000.0,10.0,San Francisco,Medium (201-1000),Female,34,341000
5.1,Bachelor,7.0,Data Scientist,247000.0,8.7,Los Angeles,Large (1000+),Male,33,245000
5.9,Master,3.0,Engineering Manager,396000.0,8.5,San Francisco,Large (1000+),Female,32,461000
3.9,Bachelor,5.0,Frontend Developer,126000.0,10.0,Remote,Startup (1-50),Male,33,116000
1.5,Bachelor,2.0,Product Manager,157000.0,7.2,New York,Startup (1-50),Male,30,182000
2.1,High School,3.0,Full Stack Developer,178000.0,8.4,Seattle,Medium (201-1000),Female,43,180000
1.0,High School,1.0,Full Stack Developer,138000.0,6.3,Boston,Medium (201-1000),Male,38,161000
12.0,PhD,10.0,Software Engineer,221000.0,8.3,Seattle,Startup (1-50),Female,32,285000
4.4,Bachelor,3.0,Data Scientist,178000.0,5.7,New York,Small (51-200),Male,28,197000
2.6,Master,9.0,Software Engineer,199000.0,7.5,New York,Medium (201-1000),Male,31,236000
3.1,PhD,8.0,Full Stack Developer,192000.0,6.6,New York,Startup (1-50),Female,35,202000
14.7,Bachelor,9.0,ML Engineer,255000.0,7.4,Los Angeles,Large (1000+),Male,44,354000
0.8,Bachelor,6.0,Full Stack Developer,121000.0,5.7,Remote,Startup (1-50),Female,22,118000
4.4,Master,4.0,ML Engineer,325000.0,9.5,Seattle,Medium (201-1000),Male,37,292000
3.5,PhD,9.0,Data Analyst,194000.0,7.0,San Francisco,Medium (201-1000),Male,41,224000
4.7,PhD,9.0,Software Engineer,183000.0,7.9,Chicago,Small (51-200),Female,22,207000
0.1,Bachelor,5.0,Software Engineer,154000.0,10.0,San Francisco,Medium (201-1000),Male,31,214000
10.3,Master,9.0,ML Engineer,285000.0,,New York,Medium (201-1000),Male,23,355000
13.4,High School,5.0,ML Engineer,213000.0,8.7,Seattle,Large (1000+),Female,35,279000
4.2,PhD,4.0,ML Engineer,233000.0,9.6,Chicago,Small (51-200),Male,29,263000
6.0,PhD,9.0,Full Stack Developer,344000.0,7.1,San Francisco,Medium (201-1000),Male,31,336000
12.8,Bachelor,6.0,Software Engineer,230000.0,7.2,San Francisco,Medium (201-1000),Female,29,278000
6.1,Bachelor,7.0,ML Engineer,179000.0,6.9,Austin,Small (51-200),Female,38,185000
0.8,High School,7.0,Data Analyst,124000.0,6.1,New York,Large (1000+),Male,34,141000
4.3,Bachelor,6.0,Software Engineer,144000.0,8.7,Austin,Startup (1-50),Male,34,155000
4.7,Master,3.0,Product Manager,224000.0,5.7,Seattle,Small (51-200),Female,33,191000
2.8,Bachelor,4.0,Engineering Manager,268000.0,6.7,Seattle,Small (51-200),Male,37,218000
6.7,High School,10.0,Software Engineer,143000.0,8.0,San Francisco,Startup (1-50),Male,30,181000
13.6,Bachelor,7.0,Data Scientist,336000.0,7.6,San Francisco,Large (1000+),Non-binary,46,328000
13.0,PhD,9.0,ML Engineer,275000.0,9.1,Chicago,Medium (201-1000),Male,22,351000
3.0,Master,7.0,Full Stack Developer,135000.0,5.8,Chicago,Small (51-200),Female,22,147000
0.6,Bachelor,5.0,Frontend Developer,209000.0,5.1,New York,Large (1000+),Female,22,173000
20.9,Bachelor,16.0,Backend Developer,311000.0,7.0,San Francisco,Small (51-200),Female,22,266000
9.1,PhD,9.0,Full Stack Developer,319000.0,9.8,San Francisco,Medium (201-1000),Female,37,336000
0.7,Master,9.0,Software Engineer,143000.0,7.4,Boston,Startup (1-50),Male,36,155000
12.7,Bachelor,10.0,Data Analyst,111000.0,10.0,Remote,Small (51-200),Male,42,164000
10.2,High School,5.0,Full Stack Developer,159000.0,6.9,Seattle,Startup (1-50),Female,24,170000
3.7,High School,5.0,Frontend Developer,92000.0,7.9,Remote,Medium (201-1000),Male,38,150000
4.5,High School,3.0,Product Manager,142000.0,7.8,Remote,Small (51-200),Female,32,138000
2.5,Bachelor,6.0,Full Stack Developer,142000.0,5.1,Los Angeles,Small (51-200),Male,33,160000
0.3,PhD,8.0,Data Scientist,228000.0,9.0,San Francisco,Small (51-200),Female,37,316000
2.0,Bachelor,9.0,DevOps Engineer,150000.0,7.1,San Francisco,Startup (1-50),Male,26,196000
8.1,Master,7.0,DevOps Engineer,260000.0,5.7,San Francisco,Large (1000+),Male,53,342000
0.0,Bachelor,8.0,Software Engineer,113000.0,7.8,Chicago,Startup (1-50),Male,43,125000
2.0,Master,5.0,Engineering Manager,239000.0,7.9,Remote,Large (1000+),Female,28,264000
2.5,Master,,Software Engineer,176000.0,5.3,Boston,Small (51-200),Male,23,166000
3.9,Bachelor,4.0,Backend Developer,221000.0,8.9,San Francisco,Medium (201-1000),Female,31,185000
12.6,Bachelor,13.0,Frontend Developer,206000.0,7.3,New York,Small (51-200),Male,33,233000
2.1,Master,10.0,Software Engineer,255000.0,2.2,New York,Large (1000+),Male,41,193000
2.1,High School,4.0,Product Manager,116000.0,8.2,Austin,Small (51-200),Female,23,145000
6.7,Bachelor,9.0,Data Analyst,154000.0,9.6,New York,Medium (201-1000),Male,34,180000
3.0,Bachelor,6.0,Frontend Developer,234000.0,5.9,San Francisco,Large (1000+),Male,22,213000
1.3,PhD,9.0,Data Scientist,232000.0,6.2,Remote,Large (1000+),Male,35,215000
3.0,Bachelor,4.0,Software Engineer,183000.0,8.1,New York,Small (51-200),Female,31,219000
0.8,Master,6.0,ML Engineer,238000.0,5.9,Seattle,Large (1000+),Female,47,238000
1.0,Bachelor,3.0,Data Scientist,188000.0,9.0,San Francisco,Medium (201-1000),Male,22,240000
3.4,Master,6.0,Frontend Developer,125000.0,5.3,Chicago,Startup (1-50),Male,43,131000
2.7,Bachelor,6.0,Engineering Manager,203000.0,9.4,Austin,Small (51-200),Male,22,218000
12.3,Master,,Frontend Developer,163000.0,10.0,Los Angeles,Small (51-200),Female,22,244000
2.3,Bachelor,4.0,Product Manager,190000.0,7.1,Austin,Small (51-200),Male,22,193000
4.3,Master,11.0,Backend Developer,214000.0,4.4,Los Angeles,Medium (201-1000),Female,34,197000
5.0,Master,7.0,DevOps Engineer,216000.0,7.8,Chicago,Medium (201-1000),Male,23,205000
0.1,Bachelor,3.0,Data Analyst,104000.0,7.9,Boston,Startup (1-50),Female,22,102000
5.4,High School,3.0,DevOps Engineer,172000.0,3.1,Los Angeles,Large (1000+),Male,34,148000
1.0,High School,5.0,Data Analyst,110000.0,5.4,New York,Small (51-200),Female,36,107000
16.2,High School,11.0,Data Scientist,237000.0,8.8,Seattle,Large (1000+),Male,32,260000
0.8,Master,6.0,Software Engineer,293000.0,5.4,San Francisco,Large (1000+),Male,31,233000
2.7,Bachelor,3.0,Data Analyst,138000.0,8.4,Boston,Large (1000+),Female,47,163000
0.4,Bachelor,6.0,Frontend Developer,127000.0,,Remote,Large (1000+),Female,33,139000
28.8,Master,13.0,Product Manager,218000.0,8.3,Remote,Startup (1-50),Male,38,265000
3.5,Bachelor,7.0,Product Manager,194000.0,7.2,San Francisco,Small (51-200),Non-binary,33,231000
4.5,Bachelor,6.0,Software Engineer,166000.0,6.0,Seattle,Startup (1-50),Male,23,138000
0.3,Bachelor,6.0,Frontend Developer,148000.0,7.8,San Francisco,Small (51-200),Male,36,173000
6.9,PhD,9.0,ML Engineer,239000.0,,Remote,Medium (201-1000),Male,27,244000
1.2,Master,5.0,Backend Developer,197000.0,7.6,San Francisco,Startup (1-50),Male,31,218000
11.4,Master,6.0,Full Stack Developer,284000.0,7.4,Los Angeles,Large (1000+),Female,34,291000
1.1,Bachelor,5.0,Data Scientist,196000.0,8.5,New York,Large (1000+),Male,22,228000
1.1,Master,8.0,Frontend Developer,199000.0,8.5,New York,Small (51-200),Male,22,172000
0.2,High School,6.0,Full Stack Developer,94000.0,4.7,Chicago,Small (51-200),Male,39,104000
3.2,High School,5.0,Software Engineer,120000.0,8.8,Seattle,Small (51-200),Male,27,178000
4.2,High School,7.0,Data Analyst,140000.0,5.8,San Francisco,Large (1000+),Female,27,142000
0.3,Bachelor,8.0,Backend Developer,145000.0,9.5,Austin,Medium (201-1000),Female,33,167000
7.5,Bachelor,4.0,Product Manager,226000.0,9.5,San Francisco,Small (51-200),Male,29,294000
3.0,Bachelor,5.0,ML Engineer,183000.0,10.0,Los Angeles,Small (51-200),Male,35,222000
3.7,High School,4.0,Software Engineer,131000.0,6.3,Boston,Small (51-200),Female,32,143000
2.9,Bachelor,6.0,Frontend Developer,158000.0,6.1,New York,Large (1000+),Male,34,191000
2.6,Master,6.0,Software Engineer,144000.0,6.6,Austin,Startup (1-50),Male,26,152000
4.1,Bachelor,7.0,Engineering Manager,194000.0,7.1,San Francisco,Startup (1-50),Male,34,225000
0.8,Master,5.0,Software Engineer,170000.0,5.5,Remote,Large (1000+),Male,41,158000
1.0,Bachelor,3.0,Full Stack Developer,150000.0,2.6,Los Angeles,Large (1000+),Female,27,164000
9.9,Master,10.0,Frontend Developer,218000.0,8.3,Chicago,Large (1000+),Female,39,245000
14.6,Bachelor,10.0,ML Engineer,311000.0,7.6,New York,Small (51-200),Female,32,317000
2.3,Bachelor,4.0,Software Engineer,160000.0,8.6,New York,Medium (201-1000),Male,38,204000
1.6,Bachelor,3.0,Backend Developer,151000.0,6.6,San Francisco,Medium (201-1000),Male,33,215000
5.2,Master,10.0,Frontend Developer,,8.8,Remote,Startup (1-50),Non-binary,32,150000
2.6,Master,6.0,Data Scientist,218000.0,9.4,Austin,Medium (201-1000),Female,35,231000
0.1,Bachelor,3.0,Product Manager,155000.0,5.9,Seattle,Startup (1-50),Female,42,170000
0.8,Bachelor,6.0,Data Scientist,147000.0,5.2,Los Angeles,Small (51-200),Male,34,143000
6.3,Master,6.0,DevOps Engineer,258000.0,10.0,San Francisco,Large (1000+),Female,36,331000
5.4,Master,11.0,Frontend Developer,221000.0,2.7,San Francisco,Small (51-200),Male,29,203000
0.1,Bachelor,2.0,Software Engineer,236000.0,8.4,San Francisco,Large (1000+),Male,45,241000
1.3,Bachelor,2.0,Product Manager,157000.0,8.4,New York,Small (51-200),Female,37,219000
1.3,Bachelor,6.0,ML Engineer,210000.0,7.3,San Francisco,Small (51-200),Female,33,185000
5.6,Master,8.0,Software Engineer,252000.0,8.9,Austin,Medium (201-1000),Female,31,251000
0.1,Bachelor,3.0,ML Engineer,196000.0,8.4,New York,Medium (201-1000),Female,40,222000
0.5,PhD,5.0,Backend Developer,208000.0,5.9,San Francisco,Small (51-200),Male,27,207000
8.0,Bachelor,7.0,Frontend Developer,163000.0,5.9,Remote,Large (1000+),Male,22,169000
1.0,Bachelor,,Backend Developer,138000.0,5.9,New York,Startup (1-50),Female,33,134000
5.3,Bachelor,6.0,Software Engineer,186000.0,5.2,Remote,Large (1000+),Male,42,186000
1.4,PhD,7.0,Data Scientist,256000.0,7.4,New York,Startup (1-50),Male,45,235000
0.5,Master,4.0,Data Analyst,117000.0,7.8,Austin,Large (1000+),Male,31,161000
1.4,Bachelor,7.0,Software Engineer,131000.0,8.6,Los Angeles,Small (51-200),Male,32,153000
6.4,Master,8.0,Data Analyst,235000.0,8.4,San Francisco,Large (1000+),Non-binary,36,257000
9.7,Bachelor,9.0,Software Engineer,199000.0,7.0,Austin,Medium (201-1000),Male,30,231000
8.9,Bachelor,8.0,Data Analyst,113000.0,8.0,Chicago,Startup (1-50),Male,36,111000
2.5,Bachelor,5.0,ML Engineer,232000.0,7.2,Boston,Large (1000+),Female,31,214000
5.5,Bachelor,4.0,Backend Developer,164000.0,8.7,New York,Startup (1-50),Male,40,176000
1.1,Bachelor,3.0,Software Engineer,146000.0,6.8,Seattle,Startup (1-50),Female,38,159000
1.7,PhD,7.0,Software Engineer,190000.0,,Remote,Large (1000+),Male,38,228000
11.3,Bachelor,10.0,Data Scientist,161000.0,7.6,Chicago,Startup (1-50),Female,30,185000
0.1,PhD,7.0,Software Engineer,195000.0,9.1,San Francisco,Startup (1-50),Male,47,232000
0.4,Bachelor,2.0,Data Scientist,177000.0,7.1,San Francisco,Small (51-200),Male,36,229000
1.2,Master,6.0,Frontend Developer,222000.0,6.3,New York,Large (1000+),Male,34,192000
0.1,Bachelor,7.0,Frontend Developer,138000.0,5.6,New York,Startup (1-50),Male,26,131000
1.0,High School,8.0,Full Stack Developer,118000.0,7.4,New York,Small (51-200),Female,31,120000
4.4,Bachelor,8.0,Backend Developer,189000.0,5.2,New York,Medium (201-1000),Male,33,203000
2.7,High School,4.0,Backend Developer,178000.0,7.5,San Francisco,Large (1000+),Female,26,212000
11.2,Master,7.0,ML Engineer,421000.0,9.7,San Francisco,Large (1000+),Male,30,429000
8.5,Bachelor,10.0,DevOps Engineer,193000.0,8.6,Los Angeles,Medium (201-1000),Female,31,243000
2.1,Master,3.0,ML Engineer,266000.0,6.7,San Francisco,Medium (201-1000),Female,32,247000
1.5,Bachelor,3.0,Data Analyst,126000.0,6.6,New York,Small (51-200),Male,22,139000
2.4,Bachelor,5.0,Data Scientist,193000.0,4.3,New York,Startup (1-50),Male,31,198000
4.5,Bachelor,7.0,Software Engineer,153000.0,7.1,Los Angeles,Medium (201-1000),Female,29,181000
1.6,PhD,7.0,Backend Developer,174000.0,9.5,Remote,Large (1000+),Male,32,227000
4.9,Master,7.0,Data Scientist,173000.0,7.6,Remote,Medium (201-1000),Male,40,199000
2.6,Bachelor,5.0,Product Manager,184000.0,5.1,San Francisco,Startup (1-50),Female,48,185000
4.0,Bachelor,6.0,Data Analyst,91000.0,6.3,Chicago,Small (51-200),Non-binary,37,121000
2.9,High School,5.0,Software Engineer,177000.0,7.6,Seattle,Medium (201-1000),Female,22,176000
1.7,PhD,7.0,Software Engineer,254000.0,9.0,New York,Medium (201-1000),Female,29,278000
14.8,Master,7.0,DevOps Engineer,291000.0,10.0,Boston,Medium (201-1000),Male,37,337000
7.2,Bachelor,7.0,Backend Developer,199000.0,5.4,Chicago,Medium (201-1000),Non-binary,36,150000
0.8,Bachelor,4.0,Data Scientist,116000.0,7.4,Remote,Startup (1-50),Male,40,140000
10.1,High School,6.0,Full Stack Developer,182000.0,7.3,Chicago,Large (1000+),Male,31,198000
3.3,PhD,6.0,Frontend Developer,211000.0,6.8,Los Angeles,Medium (201-1000),Female,29,192000
11.2,Bachelor,10.0,ML Engineer,265000.0,,New York,Startup (1-50),Male,46,266000
8.0,Master,6.0,Software Engineer,229000.0,5.9,Seattle,Small (51-200),Male,32,208000
2.8,Bachelor,2.0,Full Stack Developer,208000.0,7.0,San Francisco,Large (1000+),Female,24,226000
0.1,Master,3.0,Data Scientist,197000.0,7.6,Chicago,Large (1000+),Male,44,219000
1.6,Master,4.0,Data Analyst,,7.0,San Francisco,Small (51-200),Male,22,176000
3.9,Master,9.0,DevOps Engineer,145000.0,8.6,Chicago,Startup (1-50),Male,22,184000
5.0,Master,8.0,Frontend Developer,177000.0,8.4,New York,Startup (1-50),Male,38,197000
1.5,Master,5.0,Data Analyst,133000.0,6.8,Seattle,Small (51-200),Non-binary,39,149000
0.8,High School,1.0,Data Analyst,110000.0,7.5,San Francisco,Medium (201-1000),Male,35,123000
9.0,Bachelor,7.0,ML Engineer,210000.0,7.4,New York,Medium (201-1000),Male,22,312000
20.8,Bachelor,10.0,Data Scientist,247000.0,8.0,Chicago,Medium (201-1000),Male,32,280000
3.7,PhD,10.0,Full Stack Developer,277000.0,9.0,San Francisco,Medium (201-1000),Female,30,298000
0.9,Bachelor,3.0,DevOps Engineer,150000.0,9.1,Seattle,Startup (1-50),Female,28,157000
1.6,Master,6.0,Software Engineer,220000.0,9.0,San Francisco,Startup (1-50),Male,43,221000
0.1,Master,4.0,Product Manager,167000.0,9.3,Seattle,Small (51-200),Male,24,222000
12.3,Bachelor,10.0,Software Engineer,242000.0,8.0,San Francisco,Startup (1-50),Female,35,229000
0.6,Bachelor,5.0,Software Engineer,190000.0,8.5,New York,Startup (1-50),Male,42,160000
4.3,Bachelor,7.0,Software Engineer,187000.0,7.8,Chicago,Medium (201-1000),Male,35,158000
1.6,Bachelor,6.0,Backend Developer,175000.0,6.2,Seattle,Large (1000+),Male,42,190000
4.0,Bachelor,6.0,Backend Developer,200000.0,4.4,New York,Medium (201-1000),Male,37,190000
5.3,High School,4.0,Data Scientist,171000.0,4.6,Boston,Large (1000+),Non-binary,35,162000
8.9,Master,7.0,ML Engineer,294000.0,,San Francisco,Medium (201-1000),Female,35,329000
1.2,PhD,6.0,ML Engineer,333000.0,5.8,New York,Medium (201-1000),Female,37,250000
0.1,Bachelor,3.0,Backend Developer,136000.0,7.0,Austin,Small (51-200),Female,29,148000
0.7,Bachelor,7.0,Software Engineer,214000.0,10.0,New York,Large (1000+),Female,22,247000
11.5,High School,13.0,Product Manager,124000.0,2.9,Remote,Startup (1-50),Female,40,142000
10.4,Master,11.0,Data Scientist,168000.0,6.8,Austin,Startup (1-50),Male,41,242000
4.5,Master,4.0,Engineering Manager,232000.0,10.0,Remote,Small (51-200),Male,34,260000
4.6,High School,5.0,Software Engineer,167000.0,8.8,Los Angeles,Large (1000+),Female,28,184000
5.5,Bachelor,5.0,Full Stack Developer,228000.0,7.2,San Francisco,Large (1000+),Female,22,261000
1.0,Master,6.0,Data Scientist,272000.0,6.1,New York,Medium (201-1000),Male,33,223000
12.3,Master,13.0,Software Engineer,298000.0,8.7,New York,Medium (201-1000),Male,22,310000
2.7,High School,4.0,Data Analyst,106000.0,8.2,San Francisco,Small (51-200),Male,22,126000
2.4,Master,4.0,Data Analyst,115000.0,4.9,Chicago,Large (1000+),Male,32,135000
3.7,Bachelor,8.0,ML Engineer,182000.0,,Remote,Medium (201-1000),Male,26,177000
0.2,Bachelor,7.0,Full Stack Developer,152000.0,7.8,Austin,Large (1000+),Male,35,158000
0.9,Master,6.0,Frontend Developer,141000.0,8.4,Austin,Small (51-200),Female,31,145000
6.7,Master,8.0,Data Analyst,170000.0,9.4,San Francisco,Small (51-200),Female,27,186000
0.4,Bachelor,8.0,Data Scientist,200000.0,7.9,Austin,Large (1000+),Female,22,201000
4.6,PhD,11.0,Frontend Developer,159000.0,8.4,Remote,Startup (1-50),Female,25,162000
1.4,Bachelor,7.0,DevOps Engineer,186000.0,7.7,Boston,Large (1000+),Male,25,202000
2.5,Master,4.0,ML Engineer,231000.0,6.8,New York,Small (51-200),Male,22,256000
1.7,Bachelor,6.0,Product Manager,,7.7,Remote,Large (1000+),Male,29,199000
2.2,Master,8.0,Software Engineer,210000.0,6.8,Seattle,Small (51-200),Female,23,203000
6.3,PhD,12.0,Software Engineer,226000.0,7.6,Austin,Medium (201-1000),Male,31,285000
1.8,High School,1.0,Frontend Developer,,9.2,Austin,Small (51-200),Female,34,126000
4.2,PhD,6.0,Backend Developer,205000.0,7.7,Seattle,Medium (201-1000),Male,25,261000
3.2,Master,,Software Engineer,150000.0,8.3,Remote,Small (51-200),Female,35,163000
5.4,Master,8.0,ML Engineer,209000.0,7.9,Chicago,Large (1000+),Male,22,227000
13.8,Bachelor,8.0,Product Manager,304000.0,7.1,San Francisco,Medium (201-1000),Female,23,330000
6.6,Master,8.0,Data Scientist,216000.0,10.0,Los Angeles,Small (51-200),Male,31,268000
1.2,Master,8.0,Backend Developer,204000.0,5.4,Austin,Large (1000+),Male,37,171000
0.2,Bachelor,6.0,Full Stack Developer,118000.0,6.8,Remote,Small (51-200),Female,39,122000
1.5,PhD,6.0,DevOps Engineer,198000.0,5.8,Chicago,Small (51-200),Non-binary,45,196000
4.5,High School,8.0,Product Manager,172000.0,8.9,Seattle,Startup (1-50),Male,29,169000
0.3,High School,4.0,Full Stack Developer,,6.0,Chicago,Large (1000+),Female,31,123000
3.4,Bachelor,8.0,DevOps Engineer,241000.0,6.7,San Francisco,Small (51-200),Female,24,190000
4.5,Bachelor,6.0,Frontend Developer,202000.0,4.6,San Francisco,Small (51-200),Female,22,181000
2.0,Master,5.0,Backend Developer,160000.0,9.2,Remote,Large (1000+),Male,34,193000
7.4,High School,4.0,Frontend Developer,193000.0,5.2,Chicago,Large (1000+),Male,26,145000
0.6,PhD,5.0,Data Analyst,112000.0,8.1,Chicago,Startup (1-50),Male,42,112000
0.4,High School,1.0,ML Engineer,183000.0,8.3,Boston,Medium (201-1000),Female,22,184000
6.5,High School,3.0,Data Scientist,186000.0,10.0,Austin,Large (1000+),Female,36,229000
3.4,High School,2.0,Data Scientist,153000.0,6.0,New York,Startup (1-50),Female,24,149000
5.8,Bachelor,10.0,Software Engineer,222000.0,5.3,Los Angeles,Large (1000+),Male,25,204000
2.9,PhD,4.0,Software Engineer,232000.0,7.4,New York,Small (51-200),Male,36,242000
1.4,Master,9.0,Data Analyst,118000.0,7.5,Remote,Medium (201-1000),Non-binary,27,135000
8.5,Master,,Backend Developer,182000.0,5.5,Austin,Small (51-200),Male,28,196000
8.0,High School,5.0,Backend Developer,143000.0,9.6,Boston,Medium (201-1000),Female,26,186000
5.9,Bachelor,9.0,Backend Developer,169000.0,7.0,Seattle,Startup (1-50),Male,46,140000
1.6,Bachelor,4.0,Data Analyst,112000.0,7.1,Los Angeles,Medium (201-1000),Male,27,120000
4.5,Bachelor,5.0,DevOps Engineer,156000.0,8.2,Boston,Startup (1-50),Female,32,178000
2.2,High School,4.0,Data Analyst,94000.0,9.5,Los Angeles,Small (51-200),Male,30,118000
0.5,Master,,ML Engineer,219000.0,,San Francisco,Startup (1-50),Male,34,191000
12.5,Bachelor,11.0,Product Manager,267000.0,8.4,Boston,Large (1000+),Female,27,347000
0.7,Master,3.0,Backend Developer,131000.0,5.6,Remote,Small (51-200),Female,30,153000
15.0,Bachelor,10.0,Data Scientist,196000.0,9.1,Remote,Small (51-200),Female,35,240000
3.0,High School,5.0,Frontend Developer,121000.0,7.0,Los Angeles,Small (51-200),Female,25,115000
1.0,Master,7.0,Frontend Developer,,6.3,San Francisco,Medium (201-1000),Male,41,220000
3.9,Bachelor,4.0,Software Engineer,186000.0,7.2,San Francisco,Small (51-200),Male,41,195000
10.3,Master,9.0,Frontend Developer,227000.0,8.1,Austin,Medium (201-1000),Male,37,219000
6.6,Master,11.0,Data Scientist,289000.0,7.9,San Francisco,Startup (1-50),Male,33,264000
8.2,Bachelor,12.0,Software Engineer,130000.0,7.3,Los Angeles,Startup (1-50),Male,22,177000
5.4,PhD,8.0,Product Manager,329000.0,6.5,New York,Medium (201-1000),Female,35,334000
5.9,Bachelor,5.0,Backend Developer,181000.0,5.2,Austin,Large (1000+),Male,29,191000
9.5,High School,12.0,Data Analyst,117000.0,6.5,San Francisco,Startup (1-50),Female,30,133000
1.4,Master,11.0,Backend Developer,131000.0,6.1,Austin,Startup (1-50),Male,22,125000
3.4,Bachelor,3.0,ML Engineer,158000.0,6.5,Seattle,Startup (1-50),Male,36,217000
1.3,Master,9.0,Frontend Developer,177000.0,6.6,San Francisco,Medium (201-1000),Male,22,206000
22.0,Master,13.0,Backend Developer,297000.0,9.3,New York,Small (51-200),Female,33,330000
14.4,PhD,9.0,Engineering Manager,534000.0,9.7,Seattle,Large (1000+),Male,39,497000
0.2,Bachelor,8.0,Data Scientist,140000.0,8.0,Los Angeles,Startup (1-50),Female,28,151000
6.1,Bachelor,4.0,Data Analyst,132000.0,7.5,New York,Startup (1-50),Female,42,144000
13.0,Master,15.0,Product Manager,223000.0,9.8,Austin,Small (51-200),Male,26,288000
1.0,High School,2.0,Backend Developer,116000.0,5.0,Los Angeles,Medium (201-1000),Male,37,141000
4.2,Bachelor,5.0,Product Manager,168000.0,5.9,Remote,Medium (201-1000),Female,22,182000
12.4,Bachelor,7.0,ML Engineer,179000.0,7.7,Los Angeles,Startup (1-50),Male,40,208000
0.2,High School,5.0,Engineering Manager,211000.0,4.6,Los Angeles,Large (1000+),Male,39,215000
6.0,Bachelor,9.0,Full Stack Developer,147000.0,3.8,Austin,Small (51-200),Female,36,132000
1.8,Master,4.0,Software Engineer,147000.0,7.8,Remote,Medium (201-1000),Female,29,175000
12.9,Master,9.0,Product Manager,378000.0,,San Francisco,Small (51-200),Male,22,306000
17.7,High School,10.0,DevOps Engineer,208000.0,9.6,Seattle,Startup (1-50),Male,29,232000
14.4,High School,8.0,DevOps Engineer,170000.0,8.6,Chicago,Large (1000+),Male,41,238000
3.2,Bachelor,12.0,Frontend Developer,146000.0,4.5,Austin,Large (1000+),Male,33,150000
9.9,Master,11.0,Software Engineer,176000.0,8.9,Remote,Small (51-200),Male,22,230000
9.3,High School,9.0,DevOps Engineer,147000.0,7.5,Remote,Medium (201-1000),Male,23,170000
1.9,Master,3.0,Data Analyst,141000.0,8.0,New York,Small (51-200),Male,42,184000
8.8,High School,3.0,Software Engineer,170000.0,6.8,Chicago,Medium (201-1000),Female,36,175000
0.2,Master,5.0,Data Scientist,192000.0,5.8,Seattle,Small (51-200),Female,22,183000
4.5,Bachelor,6.0,Software Engineer,220000.0,5.3,New York,Large (1000+),Female,22,243000
1.3,Master,3.0,ML Engineer,149000.0,5.1,Chicago,Startup (1-50),Male,27,149000
0.6,Bachelor,6.0,Full Stack Developer,124000.0,4.5,Seattle,Startup (1-50),Male,22,139000
0.4,Master,10.0,Full Stack Developer,131000.0,5.4,Remote,Small (51-200),Male,31,145000
6.0,Bachelor,8.0,Product Manager,144000.0,7.6,Austin,Startup (1-50),Female,52,168000
2.1,Master,4.0,Backend Developer,155000.0,4.6,Seattle,Small (51-200),Male,22,146000
6.5,Master,8.0,Data Scientist,188000.0,10.0,Chicago,Startup (1-50),Male,31,230000
0.3,High School,3.0,Product Manager,168000.0,7.1,Boston,Medium (201-1000),Male,42,168000
1.9,Master,8.0,Full Stack Developer,158000.0,10.0,Seattle,Startup (1-50),Male,38,196000
3.9,Bachelor,9.0,Frontend Developer,216000.0,6.9,San Francisco,Medium (201-1000),Male,31,204000
7.8,High School,8.0,Backend Developer,148000.0,10.0,Chicago,Medium (201-1000),Male,31,183000
1.9,Bachelor,6.0,Product Manager,215000.0,8.3,San Francisco,Large (1000+),Male,23,320000
4.9,Bachelor,4.0,Full Stack Developer,150000.0,4.6,Chicago,Large (1000+),Female,30,184000
10.9,Master,10.0,ML Engineer,330000.0,6.5,Seattle,Large (1000+),Male,34,357000
4.8,Master,6.0,Full Stack Developer,219000.0,7.7,Boston,Medium (201-1000),Female,41,237000
1.3,High School,7.0,Software Engineer,107000.0,3.4,Los Angeles,Small (51-200),Male,27,116000
0.1,Bachelor,7.0,ML Engineer,205000.0,5.7,San Francisco,Medium (201-1000),Male,30,201000
10.2,Master,6.0,ML Engineer,302000.0,6.4,Austin,Large (1000+),Male,24,313000
0.1,PhD,7.0,Software Engineer,165000.0,10.0,Remote,Startup (1-50),Male,34,150000
10.4,Bachelor,12.0,Software Engineer,159000.0,9.6,Remote,Small (51-200),Male,38,197000
3.8,PhD,7.0,Software Engineer,173000.0,6.6,Austin,Startup (1-50),Male,37,176000
14.0,Bachelor,10.0,Backend Developer,206000.0,10.0,Boston,Medium (201-1000),Female,23,286000
8.0,Bachelor,7.0,Data Analyst,129000.0,8.9,Remote,Small (51-200),Male,33,135000
30.0,Master,16.0,Engineering Manager,359000.0,10.0,Chicago,Medium (201-1000),Male,27,415000
2.2,Bachelor,,ML Engineer,151000.0,6.2,Remote,Medium (201-1000),Male,40,157000
7.3,Bachelor,3.0,Frontend Developer,217000.0,7.0,Seattle,Large (1000+),Male,31,247000
2.6,Bachelor,4.0,Product Manager,172000.0,5.8,Los Angeles,Medium (201-1000),Male,22,187000
3.3,Master,9.0,Software Engineer,207000.0,7.6,Seattle,Large (1000+),Non-binary,30,288000
4.9,Master,7.0,Full Stack Developer,212000.0,5.9,San Francisco,Small (51-200),Male,36,208000
10.3,Bachelor,8.0,Full Stack Developer,180000.0,5.3,Seattle,Small (51-200),Male,34,198000
20.7,Bachelor,10.0,Software Engineer,246000.0,9.5,San Francisco,Small (51-200),Female,28,277000
7.3,Bachelor,8.0,Data Analyst,134000.0,8.2,San Francisco,Small (51-200),Female,27,186000
2.7,Bachelor,6.0,Data Analyst,122000.0,6.0,New York,Small (51-200),Female,24,145000
2.7,Bachelor,4.0,Software Engineer,189000.0,8.8,San Francisco,Medium (201-1000),Female,29,218000
6.7,Master,8.0,Software Engineer,159000.0,8.2,Remote,Medium (201-1000),Female,25,197000
1.4,Bachelor,3.0,Software Engineer,203000.0,6.8,San Francisco,Medium (201-1000),Female,40,198000
0.6,Bachelor,6.0,ML Engineer,161000.0,10.0,New York,Small (51-200),Male,25,223000
2.2,High School,5.0,Frontend Developer,134000.0,7.1,San Francisco,Small (51-200),Female,33,143000
1.7,Bachelor,4.0,Frontend Developer,190000.0,9.5,San Francisco,Medium (201-1000),Female,32,227000
1.8,PhD,5.0,Data Scientist,242000.0,8.0,New York,Startup (1-50),Female,40,231000
1.3,Bachelor,3.0,Product Manager,159000.0,8.1,Boston,Small (51-200),Non-binary,41,161000
0.2,Bachelor,2.0,ML Engineer,161000.0,5.8,Los Angeles,Startup (1-50),Male,38,145000
0.1,Bachelor,4.0,Software Engineer,110000.0,5.7,Chicago,Startup (1-50),Male,35,110000
22.0,Bachelor,13.0,Data Scientist,246000.0,10.0,Chicago,Startup (1-50),Non-binary,24,222000
2.8,High School,2.0,Frontend Developer,110000.0,8.3,San Francisco,Startup (1-50),Male,23,146000
2.4,Bachelor,5.0,ML Engineer,165000.0,5.9,New York,Startup (1-50),Female,25,161000
5.7,Bachelor,2.0,Data Scientist,238000.0,5.4,San Francisco,Medium (201-1000),Male,38,247000
1.2,Bachelor,3.0,Software Engineer,99000.0,9.5,Remote,Startup (1-50),Female,33,130000
15.0,Bachelor,9.0,Data Analyst,170000.0,9.9,San Francisco,Small (51-200),Female,39,216000
7.7,Bachelor,8.0,Engineering Manager,272000.0,6.8,Austin,Large (1000+),Male,40,257000
0.5,PhD,3.0,ML Engineer,280000.0,5.9,New York,Medium (201-1000),Male,26,249000
2.7,Bachelor,3.0,ML Engineer,204000.0,9.3,New York,Small (51-200),Male,32,256000
10.6,Bachelor,7.0,Backend Developer,209000.0,7.4,Los Angeles,Large (1000+),Female,32,229000
14.5,Bachelor,9.0,Full Stack Developer,135000.0,7.3,Remote,Small (51-200),Female,29,170000
3.1,Bachelor,4.0,ML Engineer,147000.0,5.9,Chicago,Startup (1-50),Male,28,149000
4.8,Master,4.0,Product Manager,,8.0,Boston,Large (1000+),Male,41,281000
0.9,Bachelor,4.0,Frontend Developer,137000.0,4.6,Chicago,Large (1000+),Female,32,154000
23.6,Master,11.0,DevOps Engineer,235000.0,9.1,Boston,Small (51-200),Female,32,325000
1.3,High School,5.0,Backend Developer,137000.0,5.6,Los Angeles,Medium (201-1000),Male,26,140000
14.3,Bachelor,11.0,Engineering Manager,359000.0,5.9,New York,Medium (201-1000),Male,37,356000
5.2,Master,5.0,Full Stack Developer,153000.0,5.6,Boston,Startup (1-50),Female,24,161000
4.7,Bachelor,7.0,Software Engineer,125000.0,5.4,Remote,Startup (1-50),Male,36,130000
3.6,Bachelor,6.0,ML Engineer,229000.0,8.0,Seattle,Small (51-200),Female,36,239000
1.3,Bachelor,5.0,DevOps Engineer,166000.0,7.8,Chicago,Large (1000+),Male,29,193000
1.0,Master,10.0,Data Scientist,130000.0,7.5,Los Angeles,Startup (1-50),Female,35,177000
1.2,High School,1.0,Full Stack Developer,121000.0,5.4,Austin,Medium (201-1000),Male,33,139000
1.0,Master,5.0,Data Analyst,121000.0,8.8,Seattle,Startup (1-50),Female,32,138000
7.6,Bachelor,6.0,Full Stack Developer,200000.0,9.5,Austin,Small (51-200),Male,32,195000
2.2,Master,5.0,Engineering Manager,201000.0,4.9,Chicago,Medium (201-1000),Male,32,199000
0.3,Bachelor,3.0,Data Scientist,171000.0,7.8,Boston,Medium (201-1000),Male,33,193000
17.4,Master,11.0,Data Analyst,178000.0,8.9,San Francisco,Startup (1-50),Female,32,269000
10.8,Bachelor,6.0,Full Stack Developer,191000.0,8.4,Austin,Small (51-200),Male,23,178000
13.1,PhD,15.0,ML Engineer,376000.0,10.0,San Francisco,Medium (201-1000),Male,31,434000
26.4,High School,13.0,Full Stack Developer,112000.0,6.7,Remote,Startup (1-50),Male,34,159000
1.0,Bachelor,3.0,Software Engineer,144000.0,6.9,New York,Startup (1-50),Male,33,143000
2.5,Bachelor,2.0,Full Stack Developer,154000.0,9.5,Austin,Medium (201-1000),Male,40,193000
7.1,High School,5.0,Frontend Developer,118000.0,10.0,Remote,Small (51-200),Male,37,120000
6.0,Bachelor,4.0,Data Scientist,197000.0,7.5,San Francisco,Startup (1-50),Female,25,226000
0.8,PhD,7.0,Backend Developer,229000.0,5.8,San Francisco,Small (51-200),Female,31,236000
8.5,PhD,11.0,Backend Developer,278000.0,5.7,Seattle,Large (1000+),Female,30,309000
1.3,Bachelor,4.0,Data Scientist,166000.0,8.8,New York,Startup (1-50),Female,32,187000
1.3,PhD,6.0,Software Engineer,241000.0,7.5,New York,Medium (201-1000),Male,32,273000
3.8,Bachelor,3.0,DevOps Engineer,138000.0,7.2,Los Angeles,Startup (1-50),Female,37,143000
4.5,Bachelor,3.0,Frontend Developer,125000.0,8.2,Chicago,Startup (1-50),Male,33,136000
4.3,Master,3.0,Data Analyst,120000.0,9.3,Chicago,Startup (1-50),Male,42,123000
0.5,Master,7.0,Product Manager,180000.0,6.8,Los Angeles,Small (51-200),Male,34,205000
10.5,PhD,8.0,Frontend Developer,290000.0,8.2,New York,Large (1000+),Male,25,372000
1.5,Bachelor,5.0,Full Stack Developer,152000.0,6.1,New York,Small (51-200),Male,28,164000
0.7,Master,9.0,DevOps Engineer,226000.0,9.5,New York,Medium (201-1000),Male,37,261000
11.0,High School,8.0,Full Stack Developer,129000.0,6.5,Chicago,Small (51-200),Female,22,159000
15.6,High School,8.0,Data Scientist,148000.0,9.8,Remote,Startup (1-50),Male,22,173000
9.9,High School,6.0,ML Engineer,211000.0,6.9,New York,Small (51-200),Female,32,229000
8.3,PhD,10.0,Backend Developer,286000.0,9.4,Seattle,Medium (201-1000),Male,40,319000
5.3,Master,7.0,Software Engineer,243000.0,10.0,Austin,Large (1000+),Male,42,246000
4.0,Master,8.0,Full Stack Developer,151000.0,9.0,Austin,Large (1000+),Male,30,221000
0.5,Bachelor,3.0,Data Analyst,94000.0,9.4,Chicago,Small (51-200),Male,40,113000
2.6,Bachelor,4.0,ML Engineer,168000.0,6.2,Seattle,Medium (201-1000),Male,33,243000
2.3,Bachelor,4.0,DevOps Engineer,155000.0,7.1,Los Angeles,Startup (1-50),Female,22,147000
1.5,Bachelor,6.0,Data Analyst,129000.0,,Seattle,Medium (201-1000),Female,32,133000
6.4,Bachelor,5.0,Full Stack Developer,193000.0,5.2,Remote,Large (1000+),Male,27,163000
3.4,Master,6.0,Data Scientist,175000.0,9.3,Los Angeles,Startup (1-50),Male,39,219000
0.4,Bachelor,8.0,ML Engineer,142000.0,6.8,Los Angeles,Small (51-200),Female,32,184000
1.2,High School,3.0,Backend Developer,142000.0,8.0,San Francisco,Medium (201-1000),Male,22,171000
5.7,High School,2.0,Frontend Developer,160000.0,8.1,New York,Medium (201-1000),Male,22,173000
0.4,High School,4.0,Software Engineer,108000.0,4.5,Austin,Startup (1-50),Male,32,92000
9.5,Bachelor,8.0,Data Scientist,252000.0,5.8,Seattle,Large (1000+),Female,22,246000
3.4,PhD,8.0,Product Manager,260000.0,9.6,Boston,Medium (201-1000),Female,28,290000
3.3,Master,6.0,Backend Developer,145000.0,8.0,Los Angeles,Startup (1-50),Female,34,161000
4.5,Master,7.0,Engineering Manager,295000.0,7.3,San Francisco,Startup (1-50),Male,24,271000
8.7,Bachelor,9.0,Full Stack Developer,211000.0,5.3,Seattle,Medium (201-1000),Male,40,233000
2.1,Bachelor,3.0,Product Manager,182000.0,8.2,San Francisco,Startup (1-50),Male,42,230000
5.7,High School,7.0,Data Scientist,126000.0,8.1,Chicago,Startup (1-50),Female,24,127000
4.2,Master,4.0,Full Stack Developer,189000.0,6.6,Los Angeles,Medium (201-1000),Female,30,200000
1.6,Master,5.0,Software Engineer,169000.0,9.8,Austin,Medium (201-1000),Male,40,192000
10.5,Bachelor,9.0,Backend Developer,244000.0,6.5,San Francisco,Medium (201-1000),Male,32,258000
8.0,Bachelor,7.0,DevOps Engineer,168000.0,7.6,Remote,Small (51-200),Male,22,169000
5.4,Bachelor,6.0,ML Engineer,195000.0,8.9,Remote,Medium (201-1000),Male,31,192000
9.5,Master,11.0,Data Analyst,196000.0,10.0,Seattle,Large (1000+),Male,25,279000
10.1,PhD,9.0,Data Analyst,162000.0,6.1,Chicago,Small (51-200),Male,41,177000
6.2,Bachelor,5.0,Software Engineer,169000.0,7.4,Los Angeles,Medium (201-1000),Non-binary,37,184000
9.1,Bachelor,8.0,Backend Developer,209000.0,9.3,Austin,Large (1000+),Male,29,260000
6.0,High School,5.0,ML Engineer,155000.0,8.8,Austin,Medium (201-1000),Male,33,180000
5.7,High School,4.0,ML Engineer,212000.0,9.4,New York,Medium (201-1000),Male,22,257000
4.8,Bachelor,6.0,Data Analyst,121000.0,8.4,Boston,Startup (1-50),Male,26,154000
7.0,High School,8.0,Data Scientist,169000.0,6.8,Seattle,Small (51-200),Male,44,179000
0.9,Master,5.0,Product Manager,244000.0,6.3,New York,Medium (201-1000),Female,32,240000
10.6,Master,6.0,Software Engineer,273000.0,9.2,San Francisco,Medium (201-1000),Male,39,339000
10.3,High School,6.0,Backend Developer,172000.0,9.5,New York,Large (1000+),Non-binary,34,299000
0.1,Master,10.0,Backend Developer,156000.0,6.1,San Francisco,Startup (1-50),Male,43,193000
8.7,Bachelor,6.0,Data Scientist,163000.0,7.5,Austin,Startup (1-50),Male,22,175000
0.7,Bachelor,5.0,ML Engineer,144000.0,9.1,Boston,Startup (1-50),Male,30,182000
2.0,Bachelor,2.0,Data Analyst,132000.0,8.0,Boston,Medium (201-1000),Female,45,151000
6.8,Bachelor,9.0,Full Stack Developer,140000.0,6.7,Seattle,Startup (1-50),Male,40,169000
0.9,Bachelor,5.0,ML Engineer,163000.0,5.7,Seattle,Medium (201-1000),Male,43,183000
8.5,Bachelor,9.0,Frontend Developer,155000.0,4.6,Chicago,Small (51-200),Male,32,158000
8.9,Bachelor,6.0,Software Engineer,162000.0,8.7,Austin,Small (51-200),Female,28,203000
3.5,PhD,9.0,Data Scientist,200000.0,5.9,Los Angeles,Startup (1-50),Male,24,205000
0.0,High School,4.0,DevOps Engineer,151000.0,7.8,Seattle,Large (1000+),Male,23,190000
1.7,High School,7.0,Software Engineer,150000.0,,Boston,Medium (201-1000),Male,38,119000
4.8,High School,,Data Analyst,168000.0,8.7,San Francisco,Large (1000+),Male,36,166000
19.9,Master,10.0,Full Stack Developer,280000.0,7.8,Remote,Medium (201-1000),Male,31,347000
5.0,High School,5.0,Product Manager,117000.0,6.2,Chicago,Startup (1-50),Male,36,137000
1.5,Master,9.0,Backend Developer,137000.0,7.6,Los Angeles,Startup (1-50),Female,33,164000
5.0,Bachelor,4.0,Product Manager,218000.0,7.3,Los Angeles,Large (1000+),Male,40,237000
3.9,Bachelor,,Frontend Developer,220000.0,9.4,New York,Medium (201-1000),Female,40,185000
7.6,Bachelor,5.0,Backend Developer,136000.0,8.4,Boston,Startup (1-50),Female,23,164000
0.6,Bachelor,4.0,Engineering Manager,200000.0,6.5,Seattle,Medium (201-1000),Male,34,251000
7.2,Bachelor,7.0,Backend Developer,168000.0,6.3,Austin,Small (51-200),Female,22,157000
3.9,Bachelor,10.0,Software Engineer,176000.0,6.7,San Francisco,Small (51-200),Female,33,197000
16.5,Bachelor,7.0,Full Stack Developer,181000.0,7.0,Chicago,Startup (1-50),Female,37,194000
2.1,Bachelor,6.0,Product Manager,187000.0,3.3,Los Angeles,Large (1000+),Female,22,169000
5.0,High School,6.0,Full Stack Developer,137000.0,6.2,Seattle,Startup (1-50),Female,29,125000
13.4,PhD,14.0,Frontend Developer,257000.0,9.3,New York,Small (51-200),Male,32,326000
0.5,High School,2.0,Backend Developer,126000.0,5.9,San Francisco,Small (51-200),Female,34,137000
13.8,Master,11.0,Engineering Manager,238000.0,8.0,Remote,Startup (1-50),Male,30,275000
5.8,Master,10.0,Software Engineer,194000.0,8.8,New York,Small (51-200),Female,23,226000
0.4,Bachelor,7.0,Backend Developer,126000.0,7.6,Los Angeles,Startup (1-50),Male,32,125000
1.8,High School,2.0,Data Scientist,114000.0,8.9,Remote,Small (51-200),Female,22,141000
6.2,High School,10.0,Backend Developer,146000.0,4.0,Boston,Large (1000+),Male,30,204000
0.3,Master,9.0,Backend Developer,151000.0,5.7,Austin,Small (51-200),Female,28,150000
4.4,Master,9.0,Software Engineer,225000.0,8.3,San Francisco,Small (51-200),Female,31,262000
2.1,Master,9.0,Data Scientist,144000.0,7.3,Los Angeles,Small (51-200),Female,28,206000
4.8,PhD,7.0,Backend Developer,225000.0,7.4,Boston,Medium (201-1000),Female,22,254000
0.2,Master,5.0,Software Engineer,192000.0,5.9,Los Angeles,Large (1000+),Male,29,206000
10.3,Bachelor,8.0,Data Scientist,170000.0,8.7,Austin,Startup (1-50),Female,39,183000
18.2,Bachelor,15.0,Data Analyst,139000.0,8.2,Remote,Large (1000+),Female,42,190000
17.3,Master,12.0,ML Engineer,390000.0,6.1,San Francisco,Medium (201-1000),Female,52,416000
6.9,Bachelor,5.0,DevOps Engineer,210000.0,8.6,Boston,Medium (201-1000),Female,46,213000
0.7,High School,2.0,Product Manager,96000.0,5.9,Remote,Startup (1-50),Male,22,111000
7.1,Master,7.0,Data Scientist,142000.0,8.7,Remote,Startup (1-50),Male,29,163000
0.1,Bachelor,2.0,ML Engineer,140000.0,7.3,Remote,Medium (201-1000),Male,32,177000
0.1,PhD,4.0,Backend Developer,246000.0,10.0,New York,Large (1000+),Female,31,283000
2.0,Master,6.0,Full Stack Developer,164000.0,8.2,Los Angeles,Medium (201-1000),Male,33,219000
3.4,High School,8.0,Product Manager,114000.0,,Los Angeles,Startup (1-50),Female,51,137000
7.4,PhD,9.0,Product Manager,333000.0,5.0,San Francisco,Startup (1-50),Male,23,305000
5.7,Bachelor,5.0,Full Stack Developer,178000.0,5.1,Los Angeles,Medium (201-1000),Female,26,183000
3.0,Bachelor,4.0,Data Scientist,204000.0,8.1,New York,Medium (201-1000),Female,45,205000
1.6,Bachelor,5.0,Software Engineer,106000.0,7.7,Remote,Startup (1-50),Male,27,108000
29.3,High School,12.0,ML Engineer,222000.0,8.0,New York,Startup (1-50),Female,35,244000
2.8,Bachelor,7.0,Software Engineer,179000.0,6.8,Los Angeles,Small (51-200),Female,40,169000
3.0,High School,5.0,Full Stack Developer,186000.0,7.2,San Francisco,Medium (201-1000),Male,36,166000
0.9,Bachelor,6.0,Backend Developer,181000.0,7.0,Austin,Medium (201-1000),Male,34,149000
7.9,Bachelor,9.0,Software Engineer,232000.0,10.0,Seattle,Large (1000+),Male,40,262000
5.9,Master,6.0,Data Analyst,164000.0,8.2,New York,Medium (201-1000),Female,25,211000
1.2,Master,6.0,Data Scientist,172000.0,7.1,Boston,Startup (1-50),Male,28,190000
0.4,Bachelor,4.0,DevOps Engineer,206000.0,9.4,San Francisco,Medium (201-1000),Male,36,227000
5.7,Bachelor,10.0,Backend Developer,172000.0,9.9,Remote,Large (1000+),Male,22,208000
5.3,Bachelor,6.0,DevOps Engineer,191000.0,5.9,Los Angeles,Large (1000+),Male,43,190000
1.6,Bachelor,3.0,DevOps Engineer,198000.0,8.4,Chicago,Large (1000+),Female,34,201000
15.1,Master,12.0,Software Engineer,185000.0,10.0,Chicago,Small (51-200),Female,33,264000
0.8,Master,4.0,ML Engineer,235000.0,9.5,Seattle,Medium (201-1000),Male,22,281000
2.8,Bachelor,5.0,Full Stack Developer,205000.0,6.2,New York,Large (1000+),Female,22,211000
14.4,Bachelor,8.0,Product Manager,216000.0,7.5,Austin,Medium (201-1000),Female,29,225000
2.7,High School,5.0,ML Engineer,185000.0,4.1,San Francisco,Small (51-200),Male,38,182000
5.1,Master,5.0,DevOps Engineer,259000.0,6.4,Los Angeles,Large (1000+),Male,22,239000
2.5,High School,3.0,Full Stack Developer,160000.0,7.2,San Francisco,Small (51-200),Female,38,183000
1.6,PhD,4.0,Product Manager,196000.0,8.1,Los Angeles,Startup (1-50),Female,29,219000
20.7,Master,11.0,Data Scientist,246000.0,7.8,San Francisco,Startup (1-50),Female,30,443000
2.6,Bachelor,6.0,DevOps Engineer,171000.0,2.8,Chicago,Medium (201-1000),Male,34,156000
11.2,Bachelor,7.0,Full Stack Developer,216000.0,8.3,San Francisco,Small (51-200),Female,34,255000
1.3,PhD,8.0,Backend Developer,206000.0,9.9,San Francisco,Startup (1-50),Female,26,204000
1.2,Bachelor,3.0,Software Engineer,150000.0,8.7,Remote,Medium (201-1000),Female,37,145000
0.2,Bachelor,5.0,Backend Developer,175000.0,6.7,New York,Medium (201-1000),Non-binary,22,167000
5.3,Bachelor,7.0,Software Engineer,125000.0,7.5,Remote,Medium (201-1000),Female,28,162000
2.3,Master,6.0,Frontend Developer,154000.0,7.7,Austin,Startup (1-50),Female,33,146000
10.0,Master,11.0,Frontend Developer,303000.0,8.7,San Francisco,Medium (201-1000),Male,29,304000
3.2,Master,6.0,Data Analyst,127000.0,7.8,Los Angeles,Startup (1-50),Female,22,145000
17.2,Master,10.0,DevOps Engineer,253000.0,4.8,Seattle,Small (51-200),Male,38,261000
1.0,Master,7.0,Data Scientist,174000.0,9.2,Remote,Small (51-200),Female,22,159000
10.1,PhD,9.0,Data Scientist,,7.0,Austin,Large (1000+),Male,31,342000
7.5,High School,5.0,Data Analyst,112000.0,5.8,Boston,Small (51-200),Female,33,130000
7.4,Bachelor,8.0,Software Engineer,201000.0,7.5,New York,Startup (1-50),Male,32,191000
9.3,Master,11.0,DevOps Engineer,265000.0,8.5,New York,Small (51-200),Female,41,313000
7.2,Master,8.0,Software Engineer,146000.0,6.8,Austin,Small (51-200),Male,32,213000
4.9,Master,12.0,Full Stack Developer,242000.0,6.8,Seattle,Large (1000+),Male,35,223000
0.7,Bachelor,5.0,DevOps Engineer,216000.0,6.5,Seattle,Large (1000+),Female,32,190000
0.2,Master,3.0,ML Engineer,127000.0,8.2,Remote,Startup (1-50),Female,37,156000
12.7,Master,10.0,ML Engineer,221000.0,7.7,Remote,Startup (1-50),Male,43,267000
4.8,High School,3.0,Data Analyst,93000.0,6.8,San Francisco,Startup (1-50),Male,33,123000
8.0,Bachelor,13.0,Frontend Developer,198000.0,5.1,New York,Medium (201-1000),Male,38,198000
3.3,Bachelor,3.0,Full Stack Developer,157000.0,10.0,Seattle,Startup (1-50),Female,44,168000
0.6,Bachelor,4.0,Product Manager,169000.0,7.8,San Francisco,Startup (1-50),Female,43,167000
0.7,High School,8.0,Product Manager,178000.0,6.6,New York,Small (51-200),Female,29,180000
5.8,Bachelor,6.0,ML Engineer,180000.0,7.7,San Francisco,Startup (1-50),Male,40,238000
2.8,Bachelor,3.0,Engineering Manager,195000.0,5.7,Los Angeles,Startup (1-50),Male,34,193000
1.1,Master,6.0,Software Engineer,143000.0,8.1,Remote,Small (51-200),Non-binary,41,143000
3.4,Master,6.0,ML Engineer,228000.0,8.7,San Francisco,Small (51-200),Male,37,302000
0.3,Master,7.0,Product Manager,229000.0,7.0,San Francisco,Small (51-200),Female,34,228000
4.4,Bachelor,6.0,Data Scientist,175000.0,8.3,Remote,Large (1000+),Male,35,189000
1.6,High School,6.0,Data Scientist,151000.0,6.6,Seattle,Startup (1-50),Female,34,143000
8.0,Master,10.0,Data Scientist,197000.0,7.7,Remote,Small (51-200),Female,34,189000
1.9,Bachelor,7.0,Backend Developer,175000.0,6.4,Los Angeles,Large (1000+),Male,31,178000
3.0,PhD,6.0,DevOps Engineer,238000.0,8.2,Boston,Large (1000+),Female,30,280000
0.1,Master,7.0,Full Stack Developer,197000.0,5.8,San Francisco,Small (51-200),Male,46,214000
0.4,Bachelor,8.0,Product Manager,142000.0,8.2,Remote,Medium (201-1000),Male,36,179000
2.5,PhD,12.0,Backend Developer,165000.0,8.5,Los Angeles,Startup (1-50),Male,27,190000
3.3,High School,5.0,Data Scientist,182000.0,8.9,Boston,Medium (201-1000),Male,30,189000
4.6,Bachelor,4.0,Product Manager,179000.0,7.4,Remote,Large (1000+),Male,40,212000
1.7,Master,6.0,Data Scientist,184000.0,3.9,New York,Small (51-200),Female,26,200000
5.9,Bachelor,8.0,Software Engineer,186000.0,6.7,Seattle,Small (51-200),Male,22,178000
9.8,PhD,7.0,Software Engineer,197000.0,7.7,Remote,Startup (1-50),Male,22,197000
7.6,High School,,Frontend Developer,170000.0,5.2,Los Angeles,Medium (201-1000),Male,22,134000
0.2,Bachelor,6.0,Software Engineer,174000.0,8.6,Boston,Medium (201-1000),Male,22,193000
3.3,Bachelor,,Software Engineer,141000.0,3.5,Remote,Medium (201-1000),Male,23,140000
0.6,Master,5.0,Data Scientist,197000.0,9.1,San Francisco,Startup (1-50),Male,43,213000
1.4,Bachelor,4.0,Data Scientist,190000.0,8.9,New York,Small (51-200),Female,32,197000
21.6,Bachelor,11.0,Backend Developer,233000.0,8.9,Austin,Medium (201-1000),Female,29,274000
0.8,Master,5.0,Data Analyst,104000.0,7.7,San Francisco,Startup (1-50),Female,22,130000
3.5,Bachelor,4.0,Full Stack Developer,135000.0,,Boston,Startup (1-50),Male,31,145000
4.8,Master,6.0,Data Scientist,242000.0,,New York,Small (51-200),Female,22,255000
6.1,Bachelor,10.0,Data Scientist,189000.0,8.7,Remote,Medium (201-1000),Male,29,238000
4.1,Master,5.0,Engineering Manager,224000.0,7.8,Chicago,Medium (201-1000),Male,49,275000
0.0,Master,6.0,Software Engineer,199000.0,8.7,Seattle,Large (1000+),Male,37,237000
2.0,Bachelor,8.0,Data Analyst,130000.0,5.4,San Francisco,Small (51-200),Male,30,122000
3.6,Bachelor,5.0,Software Engineer,189000.0,7.7,Boston,Large (1000+),Female,38,196000
0.5,Master,6.0,Product Manager,,7.2,Los Angeles,Medium (201-1000),Male,28,238000
2.2,Bachelor,1.0,ML Engineer,166000.0,7.3,Boston,Small (51-200),Female,26,187000
0.2,PhD,4.0,DevOps Engineer,225000.0,6.5,San Francisco,Startup (1-50),Male,46,216000
0.4,Bachelor,2.0,Full Stack Developer,196000.0,7.0,San Francisco,Small (51-200),Female,23,189000
2.5,High School,7.0,Frontend Developer,157000.0,6.5,New York,Large (1000+),Female,29,166000
0.7,Bachelor,5.0,Data Scientist,178000.0,9.7,San Francisco,Small (51-200),Male,34,209000
4.2,PhD,7.0,Frontend Developer,172000.0,7.7,Chicago,Small (51-200),Female,25,163000
5.8,Bachelor,7.0,Full Stack Developer,126000.0,7.8,Chicago,Startup (1-50),Female,37,135000
8.1,Master,9.0,Software Engineer,275000.0,7.4,New York,Large (1000+),Female,30,324000
1.1,Master,4.0,Software Engineer,166000.0,6.8,New York,Small (51-200),Female,37,197000
0.9,Bachelor,6.0,DevOps Engineer,189000.0,7.6,New York,Small (51-200),Female,37,199000
0.6,High School,7.0,Software Engineer,141000.0,6.6,Los Angeles,Small (51-200),Male,30,110000
5.1,Master,10.0,Backend Developer,157000.0,7.4,Austin,Small (51-200),Female,46,197000
6.1,Bachelor,9.0,Data Scientist,130000.0,6.2,Remote,Small (51-200),Male,27,162000
0.2,Master,6.0,DevOps Engineer,198000.0,7.0,Seattle,Small (51-200),Male,43,171000
13.8,Bachelor,8.0,Software Engineer,234000.0,7.9,Boston,Large (1000+),Female,41,307000
0.3,Bachelor,3.0,Frontend Developer,156000.0,8.0,Seattle,Large (1000+),Male,46,164000
3.9,Master,7.0,Software Engineer,226000.0,6.3,New York,Medium (201-1000),Male,33,262000
6.2,Bachelor,4.0,Software Engineer,136000.0,6.9,Boston,Startup (1-50),Male,26,166000
10.2,Bachelor,7.0,Software Engineer,217000.0,6.8,Boston,Medium (201-1000),Male,49,211000
6.3,Bachelor,7.0,Engineering Manager,204000.0,9.7,New York,Startup (1-50),Male,29,321000
8.1,Bachelor,7.0,Software Engineer,167000.0,8.3,San Francisco,Startup (1-50),Non-binary,25,223000
2.1,Bachelor,7.0,Full Stack Developer,170000.0,7.3,Seattle,Large (1000+),Male,30,228000
8.4,Master,6.0,Software Engineer,263000.0,8.7,Seattle,Large (1000+),Female,24,313000
0.4,Bachelor,4.0,Software Engineer,134000.0,8.7,Boston,Medium (201-1000),Male,36,178000
11.3,Bachelor,7.0,Frontend Developer,250000.0,9.0,Los Angeles,Large (1000+),Female,27,225000
4.0,Master,8.0,DevOps Engineer,261000.0,6.1,San Francisco,Large (1000+),Non-binary,30,278000
8.5,Bachelor,8.0,Engineering Manager,241000.0,9.0,New York,Medium (201-1000),Male,40,356000
3.0,Bachelor,6.0,Product Manager,204000.0,5.2,San Francisco,Medium (201-1000),Female,37,242000
5.2,PhD,9.0,Full Stack Developer,232000.0,7.1,Austin,Medium (201-1000),Non-binary,32,230000
3.7,Master,7.0,Backend Developer,189000.0,9.3,Seattle,Startup (1-50),Female,33,202000
6.6,Bachelor,9.0,DevOps Engineer,137000.0,6.8,Remote,Startup (1-50),Male,32,167000
0.4,Master,5.0,ML Engineer,244000.0,6.6,New York,Medium (201-1000),Female,29,256000
0.3,High School,3.0,Product Manager,119000.0,6.4,Boston,Small (51-200),Female,32,123000
1.4,Master,6.0,Backend Developer,151000.0,7.1,Chicago,Startup (1-50),Male,36,140000
0.9,Bachelor,5.0,Frontend Developer,137000.0,6.3,Los Angeles,Small (51-200),Male,31,134000
10.3,Bachelor,9.0,Data Scientist,,8.2,Los Angeles,Small (51-200),Male,35,223000
1.2,Bachelor,9.0,Software Engineer,149000.0,8.9,Remote,Large (1000+),Male,25,150000
18.6,High School,12.0,Product Manager,238000.0,9.8,Los Angeles,Medium (201-1000),Female,27,287000
2.1,Bachelor,4.0,Data Scientist,172000.0,8.6,New York,Small (51-200),Male,26,203000
1.0,PhD,3.0,DevOps Engineer,309000.0,6.6,San Francisco,Large (1000+),Male,27,293000
7.8,Bachelor,8.0,Software Engineer,270000.0,5.3,San Francisco,Large (1000+),Female,42,275000
5.4,Bachelor,5.0,Data Analyst,104000.0,4.6,Remote,Small (51-200),Male,38,97000
3.4,High School,6.0,Software Engineer,151000.0,8.4,Los Angeles,Large (1000+),Male,23,174000
4.1,High School,6.0,Data Analyst,97000.0,7.3,San Francisco,Small (51-200),Male,35,129000
6.4,Master,10.0,Software Engineer,149000.0,7.6,Boston,Startup (1-50),Male,29,195000
1.3,Bachelor,8.0,Product Manager,133000.0,3.7,Remote,Startup (1-50),Male,27,114000
28.0,Bachelor,12.0,Full Stack Developer,266000.0,7.2,Los Angeles,Medium (201-1000),Male,22,267000
18.4,Bachelor,10.0,Software Engineer,249000.0,5.9,Boston,Small (51-200),Male,40,275000
5.3,Master,8.0,Frontend Developer,162000.0,9.5,Los Angeles,Medium (201-1000),Female,22,213000
1.1,Bachelor,2.0,Data Scientist,251000.0,7.6,New York,Medium (201-1000),Female,32,222000
5.7,Bachelor,4.0,Software Engineer,189000.0,4.8,New York,Startup (1-50),Male,24,171000
0.4,Bachelor,5.0,Data Analyst,85000.0,9.4,Austin,Startup (1-50),Female,38,105000
0.2,Bachelor,5.0,ML Engineer,179000.0,5.6,Seattle,Small (51-200),Female,29,184000
1.5,Bachelor,5.0,ML Engineer,156000.0,7.6,San Francisco,Startup (1-50),Male,31,191000
3.1,Master,8.0,Software Engineer,156000.0,7.1,Remote,Medium (201-1000),Female,31,200000
10.1,Master,10.0,ML Engineer,,7.7,Remote,Medium (201-1000),Female,34,242000
6.5,Master,6.0,Data Analyst,137000.0,6.8,Remote,Medium (201-1000),Male,32,145000
6.8,Bachelor,7.0,ML Engineer,271000.0,7.8,New York,Small (51-200),Male,32,232000
2.8,High School,8.0,Engineering Manager,154000.0,6.1,Austin,Medium (201-1000),Male,28,199000
2.1,Bachelor,6.0,Product Manager,213000.0,7.6,Seattle,Large (1000+),Male,22,219000
2.3,PhD,7.0,Software Engineer,250000.0,7.8,San Francisco,Large (1000+),Female,23,329000
22.0,Bachelor,13.0,Software Engineer,295000.0,8.3,Austin,Large (1000+),Female,38,306000
0.2,Master,7.0,Data Analyst,165000.0,8.8,San Francisco,Medium (201-1000),Male,30,184000
10.1,High School,6.0,ML Engineer,196000.0,6.7,San Francisco,Startup (1-50),Female,27,233000
4.3,Bachelor,5.0,Software Engineer,147000.0,7.8,Remote,Medium (201-1000),Female,22,158000
2.9,High School,4.0,Data Scientist,185000.0,6.7,San Francisco,Large (1000+),Male,22,241000
6.5,Bachelor,6.0,Frontend Developer,153000.0,5.8,Los Angeles,Startup (1-50),Female,26,137000
3.3,PhD,10.0,Full Stack Developer,192000.0,7.3,Austin,Small (51-200),Female,39,212000
10.3,PhD,10.0,Software Engineer,217000.0,7.2,Los Angeles,Startup (1-50),Male,28,231000
11.5,Bachelor,7.0,Software Engineer,263000.0,9.9,San Francisco,Medium (201-1000),Male,35,320000
2.7,Bachelor,5.0,Product Manager,161000.0,6.3,Boston,Small (51-200),Male,27,169000
1.6,PhD,8.0,Full Stack Developer,243000.0,10.0,New York,Startup (1-50),Male,37,238000
4.5,Master,6.0,Frontend Developer,212000.0,5.4,Chicago,Large (1000+),Male,29,184000
12.2,High School,7.0,Full Stack Developer,191000.0,4.8,Seattle,Medium (201-1000),Male,22,201000
1.2,Bachelor,4.0,DevOps Engineer,170000.0,7.2,New York,Small (51-200),Male,30,194000
4.9,Bachelor,3.0,Full Stack Developer,154000.0,10.0,Chicago,Small (51-200),Female,47,163000
5.0,Bachelor,6.0,ML Engineer,225000.0,7.9,Seattle,Small (51-200),Male,46,250000
6.6,Bachelor,5.0,Data Scientist,260000.0,5.6,San Francisco,Small (51-200),Male,36,224000
0.7,Bachelor,4.0,Full Stack Developer,163000.0,5.4,Seattle,Small (51-200),Female,31,162000
6.3,Bachelor,7.0,ML Engineer,169000.0,10.0,Remote,Small (51-200),Female,34,182000
12.0,Bachelor,7.0,Engineering Manager,328000.0,7.7,New York,Medium (201-1000),Male,35,355000
1.0,Bachelor,8.0,ML Engineer,164000.0,4.9,Seattle,Medium (201-1000),Male,32,212000
1.4,Master,5.0,Product Manager,217000.0,9.3,San Francisco,Small (51-200),Female,36,299000
17.8,Master,8.0,Product Manager,296000.0,8.8,Boston,Small (51-200),Male,34,354000
1.0,Bachelor,4.0,Data Scientist,128000.0,3.8,Remote,Large (1000+),Male,29,149000
9.6,PhD,6.0,Full Stack Developer,230000.0,10.0,Seattle,Startup (1-50),Male,22,254000
3.4,PhD,8.0,DevOps Engineer,186000.0,9.5,Seattle,Startup (1-50),Male,28,253000
1.4,Bachelor,5.0,Product Manager,254000.0,4.9,San Francisco,Medium (201-1000),Male,38,218000
10.2,High School,7.0,DevOps Engineer,200000.0,9.3,New York,Medium (201-1000),Male,32,204000
2.9,Master,5.0,Full Stack Developer,184000.0,6.1,San Francisco,Startup (1-50),Female,34,171000
3.6,Master,4.0,DevOps Engineer,190000.0,5.0,Austin,Medium (201-1000),Female,30,197000
2.2,PhD,7.0,Data Scientist,218000.0,6.9,Austin,Medium (201-1000),Non-binary,24,218000
4.5,Master,7.0,Software Engineer,234000.0,10.0,Los Angeles,Large (1000+),Male,30,239000
0.9,Master,5.0,DevOps Engineer,180000.0,10.0,San Francisco,Startup (1-50),Male,24,219000
2.5,Bachelor,3.0,Full Stack Developer,171000.0,5.7,Boston,Medium (201-1000),Female,23,178000
17.4,High School,10.0,Backend Developer,160000.0,9.6,Austin,Startup (1-50),Male,42,203000
1.5,Bachelor,4.0,Backend Developer,146000.0,4.2,Austin,Medium (201-1000),Male,29,130000
5.3,Bachelor,8.0,Data Scientist,186000.0,8.6,Chicago,Medium (201-1000),Male,26,207000
2.0,Master,3.0,DevOps Engineer,197000.0,9.2,New York,Small (51-200),Male,45,220000
7.4,Bachelor,4.0,Software Engineer,255000.0,10.0,San Francisco,Large (1000+),Male,39,288000
0.7,Master,5.0,Data Analyst,108000.0,7.0,Remote,Startup (1-50),Male,29,103000
17.5,Bachelor,12.0,Engineering Manager,350000.0,9.5,New York,Small (51-200),Female,35,399000
3.0,Bachelor,7.0,ML Engineer,159000.0,6.0,San Francisco,Startup (1-50),Male,30,178000
1.3,High School,5.0,Software Engineer,166000.0,6.8,New York,Medium (201-1000),Non-binary,26,174000
0.4,Bachelor,2.0,Software Engineer,131000.0,7.4,New York,Startup (1-50),Female,36,169000
0.9,Master,8.0,Backend Developer,178000.0,6.6,Boston,Large (1000+),Male,29,248000
3.7,Master,11.0,Backend Developer,259000.0,8.9,San Francisco,Large (1000+),Female,33,290000
2.1,PhD,9.0,Full Stack Developer,226000.0,7.8,Seattle,Large (1000+),Female,40,278000
8.8,Bachelor,10.0,Data Scientist,146000.0,9.6,Austin,Startup (1-50),Male,39,201000
2.8,Bachelor,6.0,Full Stack Developer,179000.0,7.9,Seattle,Medium (201-1000),Male,28,178000
1.4,Bachelor,2.0,Backend Developer,117000.0,10.0,Los Angeles,Startup (1-50),Male,36,133000
4.8,Bachelor,5.0,ML Engineer,229000.0,9.1,San Francisco,Large (1000+),Female,23,312000
6.1,Master,6.0,Frontend Developer,200000.0,7.1,Los Angeles,Medium (201-1000),Male,36,172000
0.9,Master,6.0,Software Engineer,188000.0,6.1,Boston,Small (51-200),Male,33,160000
0.9,Master,6.0,DevOps Engineer,178000.0,5.5,Remote,Medium (201-1000),Male,35,157000
0.2,Bachelor,4.0,Product Manager,140000.0,6.9,Seattle,Startup (1-50),Male,30,175000
6.7,Master,9.0,DevOps Engineer,225000.0,5.3,Seattle,Small (51-200),Male,49,225000
5.5,High School,5.0,Data Analyst,89000.0,10.0,Chicago,Small (51-200),Male,25,100000
3.2,Master,9.0,Frontend Developer,154000.0,7.1,Chicago,Large (1000+),Female,40,188000
9.3,Bachelor,10.0,Software Engineer,231000.0,8.5,New York,Large (1000+),Female,24,302000
8.2,Bachelor,7.0,Frontend Developer,159000.0,4.1,San Francisco,Medium (201-1000),Female,36,218000
4.4,Bachelor,11.0,Frontend Developer,148000.0,7.2,Austin,Large (1000+),Female,37,195000
10.1,PhD,12.0,ML Engineer,236000.0,7.7,Los Angeles,Small (51-200),Female,32,339000
1.2,High School,4.0,Software Engineer,175000.0,7.9,New York,Large (1000+),Female,28,198000
0.6,Bachelor,3.0,ML Engineer,147000.0,8.3,Remote,Small (51-200),Male,33,165000
1.6,Master,7.0,Software Engineer,134000.0,,Remote,Medium (201-1000),Non-binary,34,188000
0.3,Bachelor,4.0,Software Engineer,145000.0,7.5,Remote,Medium (201-1000),Male,46,154000
3.8,Bachelor,6.0,ML Engineer,145000.0,10.0,Austin,Startup (1-50),Male,25,174000
13.8,Bachelor,8.0,Data Scientist,206000.0,8.8,Seattle,Small (51-200),Male,28,268000
0.2,Bachelor,3.0,Product Manager,118000.0,4.5,Los Angeles,Startup (1-50),Male,34,128000
0.7,PhD,7.0,ML Engineer,247000.0,7.4,Boston,Large (1000+),Female,30,299000
3.0,Master,5.0,Full Stack Developer,134000.0,7.5,Remote,Startup (1-50),Male,31,145000
13.6,Bachelor,11.0,Frontend Developer,231000.0,2.7,New York,Small (51-200),Female,41,211000
1.9,PhD,8.0,Full Stack Developer,,6.3,Remote,Medium (201-1000),Male,22,190000
3.5,Bachelor,7.0,Data Scientist,169000.0,10.0,New York,Startup (1-50),Male,27,228000
0.2,High School,6.0,Product Manager,165000.0,6.6,New York,Small (51-200),Male,22,138000
0.8,Bachelor,4.0,Frontend Developer,126000.0,7.1,Remote,Medium (201-1000),Female,22,125000
21.6,Bachelor,15.0,Data Analyst,123000.0,5.3,Austin,Startup (1-50),Female,51,162000
16.8,Bachelor,9.0,ML Engineer,222000.0,5.8,Remote,Medium (201-1000),Male,37,248000
0.0,PhD,6.0,Software Engineer,199000.0,7.6,New York,Small (51-200),Male,40,248000
15.2,Master,10.0,Backend Developer,,8.0,Boston,Startup (1-50),Non-binary,31,246000
5.1,Bachelor,7.0,Software Engineer,181000.0,5.4,Seattle,Medium (201-1000),Male,38,180000
10.1,Bachelor,7.0,DevOps Engineer,180000.0,9.0,Boston,Small (51-200),Male,22,267000
3.0,Master,8.0,Software Engineer,282000.0,,New York,Large (1000+),Male,40,241000
3.6,PhD,12.0,Backend Developer,198000.0,6.0,Remote,Large (1000+),Male,25,194000
3.4,Master,11.0,Engineering Manager,223000.0,7.8,Chicago,Small (51-200),Male,28,252000
5.5,Bachelor,6.0,DevOps Engineer,194000.0,5.7,New York,Small (51-200),Male,36,189000
0.8,Master,7.0,Data Analyst,155000.0,5.9,New York,Small (51-200),Female,35,132000
0.2,Bachelor,5.0,Frontend Developer,110000.0,6.9,Remote,Small (51-200),Female,33,110000
1.8,Bachelor,5.0,DevOps Engineer,145000.0,5.4,Remote,Small (51-200),Female,22,141000
6.1,High School,3.0,Product Manager,122000.0,4.2,Remote,Large (1000+),Male,33,188000
1.1,High School,3.0,Product Manager,,7.4,Remote,Small (51-200),Female,40,128000
5.6,Bachelor,6.0,Full Stack Developer,162000.0,,Seattle,Startup (1-50),Female,28,169000
17.5,Bachelor,9.0,Data Scientist,255000.0,7.8,Seattle,Small (51-200),Female,43,316000
0.5,High School,5.0,Frontend Developer,103000.0,8.7,New York,Startup (1-50),Male,25,124000
5.6,Master,4.0,Data Scientist,250000.0,6.4,San Francisco,Medium (201-1000),Male,32,275000
2.9,High School,4.0,DevOps Engineer,104000.0,4.6,Remote,Small (51-200),Female,44,117000
10.1,Bachelor,9.0,DevOps Engineer,239000.0,9.3,San Francisco,Small (51-200),Female,27,299000
1.0,Bachelor,4.0,Data Analyst,117000.0,6.1,Los Angeles,Small (51-200),Non-binary,40,110000
5.9,PhD,12.0,Product Manager,221000.0,8.6,Chicago,Large (1000+),Female,48,291000
9.1,Bachelor,6.0,ML Engineer,172000.0,7.6,Chicago,Startup (1-50),Male,33,228000
14.5,High School,7.0,Software Engineer,185000.0,8.3,Los Angeles,Large (1000+),Male,28,224000
5.7,Bachelor,6.0,Data Analyst,157000.0,7.9,Seattle,Small (51-200),Female,26,141000
3.4,Master,,Software Engineer,203000.0,7.8,Chicago,Large (1000+),Male,42,206000
4.8,PhD,8.0,Backend Developer,254000.0,9.6,San Francisco,Medium (201-1000),Male,42,327000
10.2,Bachelor,8.0,Software Engineer,195000.0,9.1,San Francisco,Startup (1-50),Female,44,226000
4.2,Bachelor,3.0,ML Engineer,215000.0,8.8,Remote,Large (1000+),Male,32,233000
0.2,PhD,5.0,Engineering Manager,324000.0,9.0,San Francisco,Medium (201-1000),Female,40,366000
13.4,Bachelor,16.0,Software Engineer,146000.0,4.8,Los Angeles,Startup (1-50),Female,32,173000
5.8,Master,8.0,DevOps Engineer,177000.0,9.0,Remote,Startup (1-50),Male,25,170000
5.6,Bachelor,7.0,Data Scientist,181000.0,8.7,Remote,Medium (201-1000),Male,41,193000
1.2,High School,5.0,Product Manager,167000.0,7.2,New York,Medium (201-1000),Male,45,197000
5.4,Bachelor,5.0,Data Analyst,122000.0,8.4,Remote,Medium (201-1000),Female,24,131000
2.5,Bachelor,5.0,Data Scientist,202000.0,6.4,San Francisco,Medium (201-1000),Male,24,230000
5.3,Master,7.0,Software Engineer,173000.0,8.9,Chicago,Medium (201-1000),Male,32,202000
0.6,PhD,5.0,Backend Developer,232000.0,6.2,San Francisco,Medium (201-1000),Non-binary,40,228000
5.4,Bachelor,3.0,ML Engineer,190000.0,5.3,Remote,Medium (201-1000),Male,23,182000
30.0,Master,16.0,Backend Developer,299000.0,9.1,New York,Small (51-200),Male,34,351000
0.2,High School,6.0,Software Engineer,189000.0,6.2,San Francisco,Large (1000+),Male,27,178000
18.9,Bachelor,9.0,Software Engineer,195000.0,8.2,Austin,Startup (1-50),Male,38,209000
2.6,High School,5.0,Backend Developer,171000.0,5.1,San Francisco,Small (51-200),Non-binary,26,148000
10.2,PhD,13.0,Data Scientist,288000.0,9.0,Remote,Medium (201-1000),Male,38,288000
7.6,Master,6.0,Data Analyst,177000.0,6.7,New York,Small (51-200),Male,31,184000
4.2,Master,7.0,Software Engineer,183000.0,7.6,New York,Startup (1-50),Female,25,198000
6.7,Master,5.0,Data Scientist,175000.0,7.3,Austin,Startup (1-50),Female,33,204000
10.5,Master,13.0,Engineering Manager,296000.0,7.5,New York,Medium (201-1000),Male,22,403000
2.6,PhD,7.0,DevOps Engineer,263000.0,7.5,Seattle,Large (1000+),Female,28,270000
2.0,Master,4.0,Full Stack Developer,159000.0,9.2,Chicago,Medium (201-1000),Female,35,194000
5.5,PhD,8.0,Software Engineer,237000.0,6.8,San Francisco,Small (51-200),Male,22,262000
8.2,Bachelor,6.0,Backend Developer,200000.0,7.4,San Francisco,Small (51-200),Female,22,223000
7.2,High School,5.0,Full Stack Developer,136000.0,6.3,New York,Small (51-200),Female,22,199000
8.0,Bachelor,11.0,Data Scientist,178000.0,5.8,Seattle,Startup (1-50),Male,43,192000
2.9,High School,5.0,Data Analyst,93000.0,8.5,Austin,Small (51-200),Female,31,106000
8.5,Bachelor,7.0,Backend Developer,155000.0,5.4,Seattle,Small (51-200),Non-binary,28,208000
0.6,Bachelor,7.0,ML Engineer,147000.0,7.0,Remote,Startup (1-50),Female,40,139000
3.9,Master,7.0,Frontend Developer,186000.0,5.7,San Francisco,Startup (1-50),Male,29,189000
0.0,High School,6.0,Frontend Developer,146000.0,8.8,Seattle,Medium (201-1000),Male,34,147000
2.0,Bachelor,2.0,Software Engineer,199000.0,7.0,Seattle,Large (1000+),Female,32,198000
2.3,Bachelor,6.0,ML Engineer,223000.0,8.8,Boston,Large (1000+),Male,28,256000
2.5,PhD,9.0,ML Engineer,288000.0,8.5,Los Angeles,Medium (201-1000),Female,34,321000
5.9,Bachelor,9.0,ML Engineer,186000.0,7.9,Austin,Startup (1-50),Male,38,165000
2.5,Bachelor,4.0,Full Stack Developer,198000.0,8.1,Los Angeles,Medium (201-1000),Male,31,176000
3.0,Master,6.0,DevOps Engineer,188000.0,8.2,New York,Startup (1-50),Female,28,200000
1.4,Master,6.0,Product Manager,230000.0,5.0,San Francisco,Medium (201-1000),Male,29,232000
2.3,Bachelor,5.0,Data Scientist,191000.0,8.5,San Francisco,Medium (201-1000),Male,22,267000
1.3,Bachelor,7.0,ML Engineer,181000.0,7.7,Seattle,Medium (201-1000),Male,34,216000
0.4,Bachelor,4.0,Full Stack Developer,211000.0,7.7,New York,Large (1000+),Female,22,227000
4.6,PhD,8.0,Frontend Developer,329000.0,7.1,San Francisco,Medium (201-1000),Female,37,258000
5.5,High School,7.0,Frontend Developer,174000.0,5.6,Seattle,Medium (201-1000),Female,31,146000
4.8,Bachelor,8.0,Software Engineer,182000.0,6.1,New York,Small (51-200),Male,33,179000
3.1,High School,6.0,ML Engineer,236000.0,1.6,San Francisco,Large (1000+),Male,38,210000
2.4,Bachelor,5.0,Data Scientist,160000.0,6.5,New York,Startup (1-50),Female,25,189000
10.0,Master,10.0,Engineering Manager,287000.0,10.0,Chicago,Large (1000+),Female,35,340000
3.7,Bachelor,9.0,Data Scientist,176000.0,8.3,New York,Small (51-200),Male,34,242000
3.3,High School,1.0,Product Manager,103000.0,7.5,Remote,Startup (1-50),Female,31,122000
0.1,Bachelor,,Backend Developer,176000.0,8.9,Boston,Large (1000+),Male,25,196000
2.1,High School,3.0,ML Engineer,165000.0,6.9,Seattle,Startup (1-50),Male,37,152000
2.4,High School,3.0,Frontend Developer,180000.0,6.1,New York,Large (1000+),Female,38,150000
2.5,Master,8.0,Data Analyst,161000.0,6.7,Seattle,Small (51-200),Male,33,138000
4.3,Master,7.0,Product Manager,273000.0,5.8,Boston,Large (1000+),Male,23,290000
3.8,PhD,8.0,Software Engineer,238000.0,,Seattle,Medium (201-1000),Male,28,279000
4.7,Master,9.0,ML Engineer,259000.0,6.7,New York,Medium (201-1000),Male,32,269000
7.2,Master,,ML Engineer,290000.0,8.8,San Francisco,Small (51-200),Female,38,325000
8.4,High School,6.0,Software Engineer,102000.0,9.8,Chicago,Startup (1-50),Male,22,144000
6.3,Master,8.0,Frontend Developer,212000.0,8.9,Seattle,Large (1000+),Female,27,288000
15.6,Master,13.0,Data Analyst,152000.0,7.0,Boston,Startup (1-50),Male,29,180000
0.1,Master,5.0,ML Engineer,201000.0,6.9,Austin,Small (51-200),Female,31,176000
1.1,Bachelor,3.0,Full Stack Developer,125000.0,5.5,Chicago,Medium (201-1000),Male,22,153000
0.0,Bachelor,7.0,Backend Developer,139000.0,2.8,Austin,Small (51-200),Female,30,124000
5.2,Master,6.0,ML Engineer,192000.0,8.0,Austin,Startup (1-50),Female,30,214000
11.4,Master,7.0,Software Engineer,199000.0,8.4,Los Angeles,Startup (1-50),Non-binary,24,233000
1.4,PhD,5.0,Full Stack Developer,140000.0,7.7,Remote,Startup (1-50),Female,31,146000
13.1,Bachelor,8.0,Data Analyst,182000.0,8.4,San Francisco,Large (1000+),Male,28,222000
0.3,Bachelor,6.0,Backend Developer,154000.0,6.2,San Francisco,Startup (1-50),Male,36,135000
13.6,Bachelor,,Software Engineer,222000.0,6.3,Remote,Large (1000+),Female,25,239000
2.2,Master,7.0,Data Scientist,158000.0,6.5,Chicago,Startup (1-50),Female,33,153000
0.5,Bachelor,2.0,Software Engineer,119000.0,9.5,Austin,Startup (1-50),Male,26,150000
3.3,High School,5.0,Frontend Developer,,6.7,Austin,Medium (201-1000),Male,27,126000
1.5,PhD,6.0,Full Stack Developer,165000.0,5.5,Boston,Startup (1-50),Female,34,177000
1.7,High School,3.0,Software Engineer,154000.0,6.3,Seattle,Medium (201-1000),Female,34,144000
1.8,Master,5.0,Data Analyst,121000.0,9.9,Remote,Large (1000+),Female,29,151000
8.1,Bachelor,9.0,Frontend Developer,156000.0,9.0,San Francisco,Startup (1-50),Male,30,177000
3.9,Master,5.0,Backend Developer,162000.0,8.7,Los Angeles,Medium (201-1000),Male,22,209000
1.9,Bachelor,6.0,Engineering Manager,178000.0,4.9,Remote,Small (51-200),Male,43,161000
4.7,PhD,9.0,Software Engineer,202000.0,7.7,Boston,Startup (1-50),Male,37,186000
6.3,PhD,8.0,Product Manager,285000.0,7.6,New York,Startup (1-50),Female,37,292000
1.6,High School,6.0,Software Engineer,145000.0,6.9,San Francisco,Large (1000+),Female,22,200000
2.7,High School,,ML Engineer,163000.0,6.1,Seattle,Startup (1-50),Male,27,142000
0.6,Bachelor,8.0,Data Analyst,123000.0,4.6,Remote,Large (1000+),Male,29,97000
1.0,Master,7.0,Product Manager,217000.0,6.8,Boston,Small (51-200),Male,22,233000
5.7,Master,5.0,Frontend Developer,,5.7,Seattle,Startup (1-50),Female,39,176000
1.0,Bachelor,2.0,Frontend Developer,139000.0,7.5,Boston,Small (51-200),Male,44,122000
3.7,Master,4.0,Full Stack Developer,197000.0,4.2,Chicago,Large (1000+),Male,48,180000
6.2,Bachelor,5.0,Data Analyst,150000.0,9.1,San Francisco,Medium (201-1000),Female,24,183000
0.6,Master,5.0,Software Engineer,161000.0,2.7,Seattle,Small (51-200),Female,33,148000
4.2,PhD,7.0,Data Analyst,162000.0,8.5,Remote,Large (1000+),Female,43,197000
1.5,Bachelor,3.0,DevOps Engineer,126000.0,6.0,Austin,Startup (1-50),Male,30,136000
16.5,Bachelor,9.0,DevOps Engineer,241000.0,5.5,Remote,Large (1000+),Male,27,249000
3.3,High School,6.0,DevOps Engineer,149000.0,6.2,Austin,Large (1000+),Male,22,159000
8.2,Bachelor,8.0,Frontend Developer,150000.0,9.3,Los Angeles,Medium (201-1000),Female,41,221000
4.0,Bachelor,9.0,Product Manager,220000.0,8.3,San Francisco,Large (1000+),Female,32,279000
0.2,High School,2.0,Frontend Developer,96000.0,8.9,Austin,Small (51-200),Female,26,120000
5.0,Bachelor,7.0,Engineering Manager,305000.0,6.7,San Francisco,Medium (201-1000),Male,34,315000
15.1,Bachelor,8.0,Software Engineer,255000.0,9.1,San Francisco,Medium (201-1000),Female,33,307000
4.6,Bachelor,3.0,Full Stack Developer,176000.0,4.0,Seattle,Small (51-200),Male,33,138000
8.6,Bachelor,13.0,Data Analyst,148000.0,,San Francisco,Medium (201-1000),Male,30,178000
10.8,High School,8.0,Backend Developer,151000.0,6.9,Los Angeles,Small (51-200),Male,45,197000
1.3,Master,6.0,Backend Developer,159000.0,6.2,Los Angeles,Small (51-200),Female,31,172000
1.2,Master,,Frontend Developer,199000.0,4.9,New York,Small (51-200),Male,45,184000
4.7,Bachelor,6.0,Data Analyst,113000.0,6.8,Boston,Startup (1-50),Female,37,133000
2.6,High School,4.0,Data Analyst,98000.0,9.3,Austin,Small (51-200),Female,35,97000
9.2,Master,10.0,Software Engineer,,8.2,Chicago,Large (1000+),Male,31,240000
11.5,PhD,8.0,Data Analyst,190000.0,,Boston,Small (51-200),Female,40,196000
2.2,Bachelor,6.0,ML Engineer,,6.7,San Francisco,Medium (201-1000),Male,33,294000
1.4,Bachelor,6.0,Data Scientist,123000.0,7.3,Remote,Startup (1-50),Male,25,121000
7.6,Bachelor,10.0,Data Analyst,105000.0,6.1,Remote,Small (51-200),Female,24,129000
1.6,Bachelor,2.0,DevOps Engineer,128000.0,4.4,Austin,Startup (1-50),Female,35,119000
8.6,Bachelor,10.0,Data Analyst,111000.0,7.3,Los Angeles,Startup (1-50),Male,25,131000
2.8,Bachelor,2.0,Data Scientist,170000.0,6.5,Los Angeles,Medium (201-1000),Female,32,208000
5.5,Master,9.0,Software Engineer,184000.0,10.0,Austin,Medium (201-1000),Female,40,240000
0.5,Bachelor,4.0,DevOps Engineer,133000.0,6.2,Boston,Startup (1-50),Male,34,140000
4.9,Bachelor,6.0,Software Engineer,170000.0,7.0,Los Angeles,Small (51-200),Male,26,205000
3.0,Bachelor,11.0,Full Stack Developer,179000.0,7.7,New York,Large (1000+),Female,43,202000
4.4,Bachelor,,Data Scientist,184000.0,3.9,New York,Startup (1-50),Male,36,158000
0.9,High School,2.0,DevOps Engineer,139000.0,5.7,San Francisco,Startup (1-50),Female,40,136000
6.7,High School,7.0,Software Engineer,162000.0,5.3,Chicago,Medium (201-1000),Female,22,157000
9.9,Master,11.0,Data Scientist,168000.0,6.3,Remote,Startup (1-50),Male,35,180000
1.2,High School,11.0,Full Stack Developer,199000.0,9.1,San Francisco,Large (1000+),Non-binary,39,221000
0.5,Master,6.0,Software Engineer,163000.0,8.0,Los Angeles,Medium (201-1000),Male,46,170000
0.1,PhD,7.0,Backend Developer,143000.0,5.5,Remote,Small (51-200),Female,22,164000
5.1,Bachelor,8.0,Product Manager,170000.0,6.1,Chicago,Small (51-200),Male,42,184000
4.7,Bachelor,7.0,Backend Developer,215000.0,4.4,San Francisco,Medium (201-1000),Female,45,181000
4.0,Bachelor,6.0,Data Analyst,97000.0,6.8,Austin,Startup (1-50),Male,22,107000
1.3,Master,11.0,Software Engineer,176000.0,7.5,Remote,Large (1000+),Female,36,183000
2.5,PhD,6.0,Data Scientist,216000.0,7.9,Austin,Medium (201-1000),Male,37,253000
4.5,Master,8.0,Product Manager,172000.0,6.7,Remote,Startup (1-50),Male,29,186000
3.4,High School,5.0,Full Stack Developer,128000.0,6.1,Chicago,Medium (201-1000),Male,28,128000
22.0,Master,15.0,Backend Developer,233000.0,8.1,Seattle,Startup (1-50),Female,37,288000
0.7,Bachelor,4.0,Backend Developer,123000.0,7.4,Chicago,Startup (1-50),Male,27,122000
5.9,Bachelor,7.0,ML Engineer,259000.0,9.1,San Francisco,Medium (201-1000),Female,30,301000
2.6,High School,7.0,Software Engineer,175000.0,4.4,New York,Medium (201-1000),Female,38,177000
2.8,Bachelor,3.0,Full Stack Developer,257000.0,4.1,San Francisco,Medium (201-1000),Female,46,194000
6.3,Master,8.0,Backend Developer,145000.0,7.5,Seattle,Startup (1-50),Male,36,178000
5.9,Bachelor,3.0,DevOps Engineer,183000.0,7.0,Seattle,Medium (201-1000),Female,33,233000
23.7,Bachelor,10.0,Product Manager,186000.0,7.7,Chicago,Startup (1-50),Male,28,268000
0.7,Bachelor,6.0,ML Engineer,144000.0,4.9,Remote,Medium (201-1000),Female,24,156000
0.5,Master,7.0,Data Scientist,241000.0,7.8,Seattle,Medium (201-1000),Female,41,254000
6.4,Master,7.0,Data Analyst,104000.0,4.9,Remote,Medium (201-1000),Male,31,132000
4.3,Bachelor,6.0,Full Stack Developer,239000.0,9.9,San Francisco,Large (1000+),Male,41,282000
1.6,High School,3.0,Frontend Developer,141000.0,5.5,San Francisco,Large (1000+),Male,29,146000
0.4,Bachelor,7.0,Software Engineer,175000.0,6.9,Boston,Large (1000+),Male,27,176000
0.4,PhD,5.0,Data Scientist,253000.0,6.6,Boston,Large (1000+),Female,35,261000
11.2,Bachelor,6.0,Backend Developer,185000.0,5.4,Remote,Medium (201-1000),Male,31,185000
1.1,Bachelor,3.0,ML Engineer,211000.0,7.1,Seattle,Large (1000+),Female,22,240000
2.0,Bachelor,5.0,Data Analyst,113000.0,5.1,Remote,Large (1000+),Male,47,126000
1.3,Bachelor,3.0,Product Manager,126000.0,6.3,Remote,Medium (201-1000),Female,27,142000
2.2,Master,5.0,Data Analyst,143000.0,7.6,Los Angeles,Startup (1-50),Female,39,141000
0.4,Bachelor,6.0,ML Engineer,177000.0,5.1,New York,Startup (1-50),Female,39,160000
3.7,High School,7.0,Full Stack Developer,156000.0,6.5,Austin,Large (1000+),Male,22,143000
0.4,High School,5.0,ML Engineer,161000.0,7.9,Boston,Small (51-200),Female,24,172000
8.1,Bachelor,6.0,Software Engineer,204000.0,7.3,Los Angeles,Large (1000+),Male,30,208000
1.3,PhD,6.0,Software Engineer,228000.0,5.6,New York,Small (51-200),Male,25,248000
3.9,Bachelor,3.0,ML Engineer,185000.0,7.7,Austin,Small (51-200),Female,46,160000
10.6,Master,7.0,Product Manager,262000.0,8.8,New York,Medium (201-1000),Female,30,337000
5.3,Master,5.0,Data Scientist,241000.0,7.1,Austin,Large (1000+),Male,39,267000
3.8,Bachelor,3.0,Data Scientist,217000.0,8.4,New York,Startup (1-50),Male,36,211000
2.0,High School,6.0,Engineering Manager,288000.0,6.3,San Francisco,Large (1000+),Female,34,204000
2.0,High School,4.0,Software Engineer,166000.0,9.2,Boston,Medium (201-1000),Male,32,157000
5.5,Master,5.0,Full Stack Developer,263000.0,6.0,New York,Small (51-200),Male,42,198000
25.7,Bachelor,13.0,ML Engineer,276000.0,9.0,San Francisco,Small (51-200),Female,25,384000
5.4,Bachelor,7.0,Software Engineer,161000.0,7.4,New York,Startup (1-50),Male,46,187000
4.1,Bachelor,6.0,Product Manager,174000.0,8.4,San Francisco,Startup (1-50),Female,22,213000
6.6,Master,5.0,Software Engineer,270000.0,,Los Angeles,Small (51-200),Female,38,187000
3.1,High School,7.0,Frontend Developer,113000.0,9.8,Boston,Startup (1-50),Female,22,120000
0.3,Bachelor,7.0,Data Scientist,108000.0,7.4,Chicago,Startup (1-50),Male,29,126000
4.1,Bachelor,9.0,Software Engineer,181000.0,9.4,Seattle,Large (1000+),Female,33,259000
15.8,Bachelor,9.0,Software Engineer,226000.0,5.8,Los Angeles,Medium (201-1000),Male,28,229000
1.0,Master,8.0,Software Engineer,150000.0,7.2,Austin,Medium (201-1000),Male,31,176000
5.9,Bachelor,6.0,Software Engineer,184000.0,,Boston,Startup (1-50),Male,22,181000
1.1,Master,6.0,Full Stack Developer,204000.0,4.9,Austin,Large (1000+),Female,24,168000
3.8,Master,8.0,DevOps Engineer,198000.0,9.8,Remote,Large (1000+),Female,36,258000
0.5,Bachelor,1.0,ML Engineer,141000.0,7.2,Austin,Small (51-200),Male,32,190000
3.0,Master,8.0,ML Engineer,249000.0,6.3,New York,Large (1000+),Male,26,274000
7.1,Bachelor,5.0,Product Manager,285000.0,8.4,San Francisco,Large (1000+),Male,43,340000
2.1,High School,9.0,Product Manager,163000.0,6.3,Boston,Medium (201-1000),Male,22,141000
5.5,Master,10.0,Full Stack Developer,171000.0,8.0,Austin,Medium (201-1000),Female,29,221000
7.9,Bachelor,8.0,Product Manager,209000.0,8.5,San Francisco,Startup (1-50),Female,28,224000
13.1,Master,11.0,Data Scientist,259000.0,8.3,Seattle,Small (51-200),Female,37,316000
1.3,Bachelor,7.0,ML Engineer,155000.0,9.0,Austin,Startup (1-50),Female,32,169000
2.5,PhD,8.0,Backend Developer,187000.0,7.7,Chicago,Startup (1-50),Female,31,164000
0.8,Bachelor,9.0,Backend Developer,121000.0,6.0,San Francisco,Startup (1-50),Male,22,139000
24.5,High School,12.0,DevOps Engineer,298000.0,6.9,New York,Large (1000+),Male,39,333000
13.1,Bachelor,8.0,ML Engineer,172000.0,7.7,Chicago,Startup (1-50),Male,30,209000
3.9,Master,7.0,Engineering Manager,309000.0,,Boston,Large (1000+),Male,33,329000
9.2,Master,11.0,Data Analyst,199000.0,8.4,New York,Medium (201-1000),Female,26,218000
3.7,Bachelor,11.0,DevOps Engineer,138000.0,8.9,Chicago,Startup (1-50),Female,25,150000
4.9,Master,6.0,Full Stack Developer,154000.0,8.0,Austin,Small (51-200),Female,44,194000
0.5,Bachelor,,Data Scientist,144000.0,5.5,Austin,Startup (1-50),Male,22,134000
7.0,Bachelor,8.0,Software Engineer,201000.0,5.1,Los Angeles,Large (1000+),Male,24,219000
0.7,Master,5.0,ML Engineer,261000.0,5.2,Los Angeles,Large (1000+),Female,44,245000
8.7,Master,9.0,ML Engineer,268000.0,6.5,Seattle,Startup (1-50),Female,37,241000
7.6,Master,8.0,Software Engineer,292000.0,9.5,San Francisco,Large (1000+),Male,29,352000
6.2,Master,6.0,Data Analyst,201000.0,9.3,New York,Medium (201-1000),Female,42,212000
0.2,High School,3.0,ML Engineer,165000.0,6.2,San Francisco,Startup (1-50),Female,36,171000
1.8,Master,4.0,Frontend Developer,235000.0,9.0,San Francisco,Medium (201-1000),Male,34,234000
1.5,Bachelor,5.0,Software Engineer,196000.0,6.3,Seattle,Medium (201-1000),Male,34,181000
2.2,Bachelor,7.0,Software Engineer,118000.0,5.9,Los Angeles,Startup (1-50),Female,36,136000
0.5,Bachelor,6.0,Product Manager,163000.0,8.7,Chicago,Medium (201-1000),Female,36,186000
13.8,Bachelor,6.0,Backend Developer,140000.0,8.0,Austin,Startup (1-50),Male,50,195000
4.0,Bachelor,6.0,Engineering Manager,187000.0,8.5,Austin,Small (51-200),Female,30,251000
1.8,Bachelor,2.0,Engineering Manager,203000.0,7.3,San Francisco,Startup (1-50),Female,31,253000
2.5,High School,3.0,ML Engineer,220000.0,6.2,New York,Large (1000+),Female,22,216000
3.0,Bachelor,7.0,Data Scientist,213000.0,7.4,San Francisco,Medium (201-1000),Male,32,237000
4.6,Bachelor,4.0,Data Analyst,91000.0,8.5,Remote,Startup (1-50),Non-binary,47,103000
3.6,Bachelor,4.0,Engineering Manager,274000.0,6.9,San Francisco,Small (51-200),Male,40,289000
12.6,Bachelor,9.0,Backend Developer,164000.0,5.5,Chicago,Startup (1-50),Female,28,160000
3.4,Master,9.0,Full Stack Developer,206000.0,7.0,Boston,Medium (201-1000),Female,32,263000
24.2,Master,14.0,Full Stack Developer,289000.0,5.8,New York,Startup (1-50),Male,22,287000
9.5,Master,10.0,ML Engineer,371000.0,7.3,San Francisco,Large (1000+),Male,24,436000
1.2,Bachelor,8.0,Frontend Developer,200000.0,6.4,Boston,Large (1000+),Female,33,193000
13.3,Master,9.0,Data Analyst,179000.0,5.2,Los Angeles,Medium (201-1000),Female,28,214000
0.6,Bachelor,4.0,Backend Developer,98000.0,9.7,Remote,Startup (1-50),Male,24,120000
8.5,High School,6.0,Software Engineer,176000.0,6.3,New York,Small (51-200),Male,36,183000
2.4,Bachelor,3.0,ML Engineer,164000.0,5.7,Boston,Small (51-200),Male,31,181000
10.5,Master,9.0,Software Engineer,260000.0,10.0,New York,Medium (201-1000),Male,22,372000
10.1,Bachelor,7.0,Data Scientist,224000.0,5.4,Los Angeles,Medium (201-1000),Female,22,214000
8.2,High School,6.0,Product Manager,149000.0,5.8,Remote,Medium (201-1000),Female,27,157000
7.8,High School,3.0,Software Engineer,148000.0,7.4,Boston,Small (51-200),Female,22,177000
1.8,Master,6.0,Data Scientist,230000.0,6.3,Seattle,Large (1000+),Male,22,221000
0.4,Master,8.0,Data Scientist,156000.0,6.8,Boston,Startup (1-50),Female,41,183000
2.6,Bachelor,4.0,Backend Developer,150000.0,5.0,New York,Small (51-200),Male,31,152000
1.0,Bachelor,2.0,Frontend Developer,193000.0,5.8,San Francisco,Medium (201-1000),Female,30,172000
5.9,Bachelor,4.0,Data Scientist,197000.0,10.0,Seattle,Startup (1-50),Male,30,228000
2.1,Master,11.0,Software Engineer,204000.0,5.1,Los Angeles,Medium (201-1000),Male,23,176000
18.6,Bachelor,15.0,Data Scientist,320000.0,9.5,Boston,Large (1000+),Female,35,367000
5.1,Master,5.0,Frontend Developer,215000.0,10.0,San Francisco,Medium (201-1000),Male,31,298000
8.6,Bachelor,3.0,Data Scientist,157000.0,6.4,Chicago,Startup (1-50),Female,26,151000
0.7,Master,5.0,Product Manager,178000.0,8.3,New York,Startup (1-50),Female,27,218000
9.9,High School,5.0,DevOps Engineer,184000.0,7.7,New York,Small (51-200),Female,22,221000
12.8,Bachelor,8.0,Software Engineer,201000.0,6.4,New York,Startup (1-50),Non-binary,29,195000
3.3,Bachelor,7.0,Full Stack Developer,165000.0,8.1,Boston,Large (1000+),Male,30,196000
4.7,Bachelor,5.0,ML Engineer,196000.0,7.1,Austin,Medium (201-1000),Male,29,239000
7.2,High School,6.0,Backend Developer,124000.0,6.0,Austin,Small (51-200),Female,32,125000
1.0,Master,4.0,Data Scientist,190000.0,5.3,Remote,Large (1000+),Female,31,179000
3.5,Bachelor,9.0,Frontend Developer,176000.0,8.7,New York,Medium (201-1000),Male,34,176000
2.5,Master,8.0,Full Stack Developer,154000.0,7.4,Remote,Small (51-200),Female,40,152000
0.8,Master,7.0,Product Manager,239000.0,8.4,San Francisco,Small (51-200),Male,37,265000
2.3,Bachelor,6.0,Data Scientist,110000.0,8.6,Remote,Startup (1-50),Male,40,153000
0.4,Master,5.0,ML Engineer,189000.0,6.1,Remote,Large (1000+),Male,25,214000
0.1,Master,3.0,DevOps Engineer,135000.0,2.3,Remote,Small (51-200),Male,28,125000
0.7,Bachelor,7.0,Product Manager,205000.0,5.7,Austin,Large (1000+),Male,37,169000
16.5,Master,11.0,Product Manager,275000.0,9.1,Remote,Small (51-200),Male,37,290000
4.0,Bachelor,4.0,Software Engineer,227000.0,7.3,San Francisco,Large (1000+),Male,27,238000
16.9,Bachelor,11.0,Software Engineer,178000.0,10.0,Chicago,Startup (1-50),Male,37,187000
2.8,Master,8.0,DevOps Engineer,226000.0,6.9,San Francisco,Large (1000+),Male,24,281000
1.9,Bachelor,4.0,Software Engineer,220000.0,8.3,San Francisco,Large (1000+),Female,36,265000
3.5,Bachelor,,ML Engineer,181000.0,8.1,Boston,Small (51-200),Male,32,228000
2.9,Bachelor,5.0,Software Engineer,164000.0,3.8,Remote,Medium (201-1000),Male,22,149000
0.6,Master,7.0,Backend Developer,203000.0,6.1,San Francisco,Medium (201-1000),Male,29,218000
5.1,PhD,5.0,Product Manager,257000.0,10.0,Los Angeles,Large (1000+),Male,49,313000
1.2,Bachelor,9.0,Engineering Manager,167000.0,4.9,Los Angeles,Small (51-200),Male,34,196000
4.8,Master,9.0,ML Engineer,225000.0,8.3,Boston,Small (51-200),Male,50,254000
5.3,PhD,7.0,Frontend Developer,207000.0,6.6,Austin,Large (1000+),Female,22,229000
0.8,High School,2.0,Data Analyst,97000.0,7.6,Remote,Medium (201-1000),Female,38,99000
0.3,Bachelor,5.0,Software Engineer,174000.0,6.9,New York,Small (51-200),Female,22,179000
7.6,Master,11.0,Backend Developer,212000.0,7.4,Austin,Large (1000+),Male,32,226000
3.1,Master,5.0,ML Engineer,194000.0,8.8,Los Angeles,Startup (1-50),Male,37,198000
0.3,Master,4.0,Data Scientist,227000.0,7.9,Los Angeles,Medium (201-1000),Male,39,191000
26.4,Bachelor,11.0,ML Engineer,206000.0,7.2,Los Angeles,Startup (1-50),Female,26,269000
0.3,High School,5.0,Software Engineer,130000.0,6.7,New York,Small (51-200),Male,40,157000
5.9,Bachelor,11.0,Backend Developer,222000.0,8.3,New York,Small (51-200),Male,28,199000
20.6,Bachelor,11.0,Data Scientist,260000.0,9.5,New York,Small (51-200),Male,31,318000
1.4,Bachelor,5.0,Data Scientist,,6.7,Seattle,Small (51-200),Female,29,186000
0.8,Master,8.0,Software Engineer,215000.0,9.5,New York,Small (51-200),Female,23,252000
0.6,High School,5.0,Data Analyst,97000.0,4.9,Seattle,Small (51-200),Female,45,112000
1.8,Master,6.0,DevOps Engineer,175000.0,3.7,Boston,Startup (1-50),Male,32,173000
0.5,Bachelor,1.0,Frontend Developer,119000.0,4.5,Remote,Medium (201-1000),Male,41,118000
5.9,Bachelor,4.0,Frontend Developer,155000.0,7.8,Remote,Small (51-200),Female,40,135000
0.3,High School,3.0,ML Engineer,121000.0,7.2,Chicago,Small (51-200),Male,24,142000
3.6,Bachelor,5.0,Software Engineer,186000.0,7.6,San Francisco,Medium (201-1000),Male,42,224000
28.6,High School,15.0,Full Stack Developer,300000.0,6.4,San Francisco,Large (1000+),Female,36,297000
8.4,PhD,8.0,Software Engineer,231000.0,10.0,Remote,Medium (201-1000),Female,24,305000
4.8,Master,8.0,Software Engineer,159000.0,9.3,Austin,Startup (1-50),Non-binary,36,205000
1.8,Bachelor,7.0,Full Stack Developer,183000.0,6.2,Boston,Large (1000+),Female,24,199000
4.9,Bachelor,6.0,Data Scientist,238000.0,6.9,San Francisco,Large (1000+),Male,45,268000
3.7,PhD,6.0,Data Scientist,236000.0,7.6,New York,Small (51-200),Male,39,280000
2.8,Bachelor,4.0,DevOps Engineer,184000.0,8.6,Boston,Large (1000+),Female,31,196000
0.7,Bachelor,6.0,DevOps Engineer,138000.0,4.6,Chicago,Small (51-200),Female,42,141000
10.9,Bachelor,8.0,Full Stack Developer,179000.0,5.9,Los Angeles,Small (51-200),Female,22,215000
3.0,PhD,11.0,Backend Developer,154000.0,5.3,Austin,Small (51-200),Non-binary,26,170000
1.1,High School,3.0,Backend Developer,117000.0,8.9,Austin,Medium (201-1000),Female,30,133000
2.3,Bachelor,2.0,Full Stack Developer,119000.0,6.3,Chicago,Startup (1-50),Male,50,137000
2.7,PhD,7.0,Data Scientist,190000.0,7.6,Austin,Startup (1-50),Female,23,193000
8.8,Bachelor,8.0,ML Engineer,180000.0,8.2,Austin,Startup (1-50),Female,22,220000
6.6,High School,7.0,DevOps Engineer,174000.0,6.6,Los Angeles,Small (51-200),Male,22,148000
7.3,Bachelor,7.0,Data Scientist,144000.0,8.8,Remote,Small (51-200),Male,39,180000
0.1,Master,3.0,Engineering Manager,247000.0,5.1,Los Angeles,Medium (201-1000),Female,27,240000
2.7,Bachelor,7.0,Data Analyst,140000.0,6.5,New York,Small (51-200),Male,31,135000
3.3,PhD,8.0,Software Engineer,233000.0,4.3,Austin,Large (1000+),Female,38,212000
0.1,Master,7.0,Software Engineer,141000.0,7.8,Chicago,Small (51-200),Male,31,154000
1.5,High School,4.0,Software Engineer,139000.0,6.5,San Francisco,Small (51-200),Non-binary,34,165000
7.1,PhD,12.0,Data Scientist,184000.0,,Remote,Startup (1-50),Male,36,242000
0.7,Bachelor,4.0,Software Engineer,143000.0,7.0,San Francisco,Small (51-200),Male,29,190000
3.8,Bachelor,6.0,Frontend Developer,106000.0,9.0,Chicago,Startup (1-50),Male,31,127000
1.2,Bachelor,4.0,Data Analyst,112000.0,7.5,Boston,Medium (201-1000),Male,34,149000
0.1,Bachelor,5.0,Full Stack Developer,195000.0,6.8,San Francisco,Medium (201-1000),Male,39,199000
1.4,High School,4.0,Data Scientist,121000.0,7.9,Austin,Startup (1-50),Male,26,137000
18.6,High School,12.0,ML Engineer,167000.0,7.5,Remote,Small (51-200),Female,22,191000
8.1,Bachelor,4.0,Frontend Developer,130000.0,7.8,Boston,Startup (1-50),Male,37,183000
16.0,Master,11.0,Data Analyst,198000.0,10.0,Seattle,Large (1000+),Female,39,277000
3.3,Bachelor,6.0,Data Analyst,126000.0,7.5,Chicago,Medium (201-1000),Female,34,121000
0.6,PhD,4.0,Product Manager,194000.0,6.8,Austin,Startup (1-50),Female,34,193000
4.0,Bachelor,3.0,Frontend Developer,145000.0,5.7,Austin,Small (51-200),Male,27,118000
3.0,Bachelor,10.0,Backend Developer,245000.0,6.8,San Francisco,Large (1000+),Female,36,231000
9.3,Bachelor,11.0,Software Engineer,211000.0,7.2,Los Angeles,Small (51-200),Male,39,191000
0.5,Bachelor,4.0,Frontend Developer,142000.0,7.2,San Francisco,Small (51-200),Female,32,187000
3.3,Bachelor,5.0,Data Scientist,151000.0,4.6,Austin,Small (51-200),Female,52,157000
0.8,Master,4.0,DevOps Engineer,184000.0,4.2,Chicago,Medium (201-1000),Male,22,149000
2.0,PhD,7.0,Backend Developer,195000.0,6.0,New York,Large (1000+),Male,33,248000
6.7,PhD,9.0,Data Scientist,261000.0,7.7,Austin,Large (1000+),Male,23,246000
3.2,Bachelor,3.0,Software Engineer,215000.0,6.9,New York,Medium (201-1000),Male,39,254000
2.4,Master,6.0,Software Engineer,143000.0,8.8,Remote,Small (51-200),Female,22,139000
2.5,Bachelor,6.0,Software Engineer,153000.0,8.6,Austin,Small (51-200),Female,22,155000
3.1,High School,3.0,Software Engineer,96000.0,5.3,Chicago,Small (51-200),Male,27,125000
7.7,Master,7.0,Software Engineer,220000.0,6.8,Chicago,Large (1000+),Female,34,261000
11.1,Master,7.0,Data Scientist,251000.0,8.4,Boston,Medium (201-1000),Female,27,353000
15.5,Bachelor,7.0,Data Scientist,186000.0,8.3,Remote,Small (51-200),Female,27,221000
7.7,Bachelor,6.0,Engineering Manager,177000.0,6.0,Austin,Startup (1-50),Male,31,214000
1.9,Bachelor,4.0,Data Scientist,202000.0,8.2,Seattle,Small (51-200),Female,30,187000
5.8,Master,7.0,Software Engineer,235000.0,8.8,Boston,Large (1000+),Male,44,239000
2.9,Bachelor,5.0,Frontend Developer,140000.0,8.6,Los Angeles,Small (51-200),Female,37,144000
1.5,PhD,9.0,Data Analyst,169000.0,9.6,Seattle,Startup (1-50),Male,29,141000
9.2,High School,10.0,Backend Developer,138000.0,6.7,New York,Startup (1-50),Male,49,169000
0.2,Bachelor,2.0,Data Scientist,166000.0,7.6,Seattle,Small (51-200),Female,36,173000
11.6,Bachelor,9.0,Frontend Developer,208000.0,7.5,Seattle,Large (1000+),Male,24,247000
3.1,Bachelor,10.0,Full Stack Developer,205000.0,10.0,San Francisco,Large (1000+),Female,34,278000
5.1,Bachelor,6.0,Full Stack Developer,,9.4,Austin,Large (1000+),Male,36,220000
5.4,Master,10.0,Backend Developer,181000.0,7.6,Austin,Medium (201-1000),Female,26,217000
11.3,Master,12.0,Data Analyst,223000.0,10.0,Boston,Medium (201-1000),Male,24,260000
5.1,PhD,8.0,Data Analyst,222000.0,7.5,Seattle,Medium (201-1000),Male,33,192000
4.8,Master,6.0,Frontend Developer,171000.0,7.7,Boston,Small (51-200),Female,29,166000
0.3,Master,8.0,DevOps Engineer,144000.0,10.0,Chicago,Medium (201-1000),Male,44,189000
3.7,Bachelor,7.0,Backend Developer,143000.0,9.4,Los Angeles,Small (51-200),Male,38,170000
0.8,Master,9.0,Data Analyst,155000.0,7.7,Boston,Medium (201-1000),Female,27,158000
6.7,Bachelor,4.0,Software Engineer,,7.3,San Francisco,Startup (1-50),Female,35,212000
3.6,Bachelor,4.0,Engineering Manager,239000.0,5.3,Los Angeles,Small (51-200),Male,42,189000
5.7,Bachelor,6.0,Software Engineer,179000.0,6.7,Remote,Large (1000+),Female,22,164000
0.2,Bachelor,5.0,DevOps Engineer,181000.0,5.3,New York,Large (1000+),Male,24,226000
0.4,Bachelor,5.0,Data Analyst,119000.0,6.1,San Francisco,Small (51-200),Male,32,134000
6.3,PhD,8.0,Data Scientist,240000.0,7.7,San Francisco,Startup (1-50),Male,32,291000
0.4,Bachelor,6.0,DevOps Engineer,196000.0,8.5,San Francisco,Large (1000+),Male,32,244000
0.4,High School,5.0,Software Engineer,142000.0,5.5,San Francisco,Medium (201-1000),Non-binary,30,161000
0.1,Bachelor,2.0,ML Engineer,152000.0,5.7,Los Angeles,Small (51-200),Male,29,160000
15.7,High School,7.0,Software Engineer,175000.0,9.5,Austin,Medium (201-1000),Female,35,210000
6.7,High School,5.0,ML Engineer,163000.0,7.2,Remote,Small (51-200),Female,41,150000
2.2,Bachelor,3.0,ML Engineer,164000.0,7.1,Chicago,Small (51-200),Non-binary,28,200000
1.8,Bachelor,6.0,Engineering Manager,213000.0,8.0,Remote,Large (1000+),Male,52,259000
2.2,Bachelor,4.0,Engineering Manager,167000.0,6.7,Chicago,Startup (1-50),Female,48,184000
7.5,Master,9.0,Software Engineer,162000.0,8.1,Los Angeles,Startup (1-50),Female,43,198000
5.4,Master,3.0,Full Stack Developer,202000.0,10.0,Seattle,Startup (1-50),Male,37,228000
1.0,Bachelor,6.0,Software Engineer,136000.0,7.0,Los Angeles,Small (51-200),Male,48,135000
1.0,Bachelor,6.0,Software Engineer,108000.0,6.4,Remote,Startup (1-50),Male,30,125000
0.5,Bachelor,4.0,Software Engineer,159000.0,6.9,San Francisco,Startup (1-50),Female,25,159000
5.4,Master,10.0,Engineering Manager,247000.0,4.4,Remote,Startup (1-50),Female,28,188000
7.2,High School,7.0,Product Manager,119000.0,6.5,Remote,Startup (1-50),Male,24,136000
1.5,High School,2.0,Software Engineer,104000.0,,Los Angeles,Small (51-200),Female,33,130000
0.1,Master,4.0,Software Engineer,160000.0,10.0,Seattle,Startup (1-50),Male,34,196000
0.4,Bachelor,,Data Scientist,186000.0,7.0,Boston,Medium (201-1000),Female,34,210000
17.2,High School,8.0,Frontend Developer,209000.0,8.0,San Francisco,Medium (201-1000),Male,32,272000
1.8,Bachelor,5.0,Frontend Developer,133000.0,6.2,New York,Startup (1-50),Female,33,147000
7.3,PhD,8.0,Data Scientist,279000.0,10.0,San Francisco,Medium (201-1000),Male,46,354000
4.9,Master,7.0,Full Stack Developer,216000.0,8.2,Austin,Large (1000+),Male,37,237000
2.4,Master,7.0,Data Scientist,245000.0,5.3,Chicago,Large (1000+),Female,39,201000
1.2,Bachelor,6.0,Product Manager,202000.0,9.7,New York,Startup (1-50),Male,34,213000
0.6,Bachelor,5.0,Backend Developer,146000.0,5.6,Austin,Medium (201-1000),Male,22,135000
4.8,PhD,9.0,DevOps Engineer,241000.0,6.7,New York,Small (51-200),Female,22,250000
7.5,PhD,6.0,Full Stack Developer,250000.0,5.7,San Francisco,Startup (1-50),Male,49,256000
5.2,Bachelor,5.0,Data Analyst,111000.0,9.8,Austin,Small (51-200),Female,28,148000
3.8,Master,4.0,Data Scientist,219000.0,9.2,San Francisco,Small (51-200),Male,27,276000
0.2,Bachelor,4.0,ML Engineer,172000.0,,Boston,Small (51-200),Male,34,210000
17.3,Bachelor,10.0,Product Manager,359000.0,9.9,San Francisco,Medium (201-1000),Male,36,354000
8.0,Master,,Software Engineer,259000.0,8.8,San Francisco,Medium (201-1000),Non-binary,37,320000
1.7,Bachelor,4.0,Software Engineer,122000.0,6.8,Austin,Startup (1-50),Male,46,120000
19.6,PhD,12.0,DevOps Engineer,302000.0,9.9,Boston,Small (51-200),Female,44,479000
4.6,High School,5.0,Data Analyst,132000.0,6.3,San Francisco,Small (51-200),Non-binary,26,143000
4.4,Bachelor,7.0,Full Stack Developer,178000.0,6.1,Boston,Small (51-200),Male,40,175000
6.9,PhD,9.0,Product Manager,240000.0,6.3,Chicago,Large (1000+),Female,29,249000
8.4,PhD,7.0,Frontend Developer,,10.0,Remote,Medium (201-1000),Female,31,215000
5.3,Bachelor,4.0,Software Engineer,261000.0,6.0,San Francisco,Large (1000+),Male,23,284000
0.7,Bachelor,6.0,Frontend Developer,143000.0,8.3,Boston,Medium (201-1000),Male,22,151000
2.1,Master,7.0,Full Stack Developer,169000.0,10.0,Remote,Small (51-200),Male,32,182000
13.2,Bachelor,9.0,Software Engineer,251000.0,9.0,San Francisco,Small (51-200),Female,24,324000
1.3,PhD,10.0,Software Engineer,203000.0,5.9,Chicago,Small (51-200),Female,39,175000
2.3,PhD,6.0,Software Engineer,186000.0,6.1,Los Angeles,Small (51-200),Male,30,180000
2.8,Bachelor,2.0,Frontend Developer,161000.0,6.3,Chicago,Large (1000+),Male,34,136000
2.9,High School,6.0,Product Manager,141000.0,10.0,Chicago,Small (51-200),Female,43,161000
4.7,High School,4.0,Backend Developer,124000.0,9.5,Remote,Small (51-200),Male,22,121000
14.3,PhD,11.0,Engineering Manager,406000.0,9.7,Boston,Medium (201-1000),Female,26,481000
1.4,Bachelor,2.0,Software Engineer,168000.0,6.8,Remote,Large (1000+),Male,33,146000
0.6,Bachelor,5.0,Product Manager,135000.0,7.7,Chicago,Small (51-200),Female,35,150000
1.1,Bachelor,4.0,Data Analyst,,7.4,Remote,Medium (201-1000),Female,41,106000
10.9,Bachelor,6.0,Data Scientist,181000.0,8.6,New York,Startup (1-50),Male,39,240000
5.2,High School,3.0,Engineering Manager,191000.0,6.3,Seattle,Small (51-200),Male,33,195000
1.7,Bachelor,5.0,Data Scientist,119000.0,6.4,Chicago,Startup (1-50),Male,34,138000
8.5,PhD,,Product Manager,287000.0,7.8,San Francisco,Startup (1-50),Male,35,339000
9.9,PhD,10.0,Product Manager,276000.0,6.9,Remote,Medium (201-1000),Male,22,267000
9.4,Master,11.0,Full Stack Developer,215000.0,6.5,Los Angeles,Small (51-200),Female,31,224000
12.6,High School,8.0,Frontend Developer,153000.0,8.5,Remote,Medium (201-1000),Male,34,154000
1.5,Bachelor,3.0,Software Engineer,175000.0,7.5,Los Angeles,Large (1000+),Male,36,166000
7.0,Master,10.0,Frontend Developer,136000.0,9.6,Remote,Startup (1-50),Female,25,170000
3.1,Bachelor,3.0,ML Engineer,210000.0,5.3,San Francisco,Medium (201-1000),Female,22,254000
9.2,PhD,8.0,Full Stack Developer,,6.6,Chicago,Small (51-200),Male,30,194000
6.5,Master,10.0,Full Stack Developer,172000.0,10.0,New York,Startup (1-50),Female,48,241000
7.5,High School,5.0,Product Manager,181000.0,10.0,Seattle,Medium (201-1000),Female,25,243000
5.3,PhD,6.0,Software Engineer,294000.0,7.2,New York,Medium (201-1000),Female,41,300000
1.0,PhD,5.0,Data Analyst,144000.0,6.1,New York,Small (51-200),Male,45,160000
3.9,High School,8.0,Product Manager,177000.0,6.6,Seattle,Large (1000+),Male,32,205000
20.9,Bachelor,11.0,Full Stack Developer,229000.0,8.7,Seattle,Small (51-200),Female,27,310000
13.9,Bachelor,8.0,Software Engineer,279000.0,7.7,Boston,Large (1000+),Female,36,261000
0.2,Bachelor,2.0,Software Engineer,126000.0,5.5,Chicago,Small (51-200),Female,34,144000
0.9,Bachelor,5.0,Software Engineer,152000.0,7.9,New York,Startup (1-50),Male,25,148000
0.7,Bachelor,3.0,Backend Developer,165000.0,6.5,New York,Small (51-200),Female,27,178000
6.5,PhD,15.0,Backend Developer,185000.0,8.0,Remote,Startup (1-50),Female,36,182000
8.5,Bachelor,6.0,Engineering Manager,223000.0,5.5,Remote,Medium (201-1000),Male,39,219000
1.2,High School,2.0,ML Engineer,131000.0,8.1,Los Angeles,Medium (201-1000),Male,29,149000
3.5,Master,6.0,ML Engineer,252000.0,6.8,San Francisco,Small (51-200),Female,31,293000
9.2,Bachelor,10.0,Backend Developer,160000.0,9.0,Chicago,Startup (1-50),Female,37,152000
6.6,Master,5.0,Data Analyst,145000.0,8.7,Austin,Small (51-200),Male,31,158000
3.9,Bachelor,6.0,Product Manager,166000.0,5.7,Boston,Startup (1-50),Female,30,173000
4.5,Bachelor,5.0,Data Analyst,,7.4,San Francisco,Medium (201-1000),Female,26,209000
3.6,Bachelor,6.0,DevOps Engineer,158000.0,4.6,Seattle,Medium (201-1000),Female,26,181000
1.8,Master,9.0,Backend Developer,185000.0,6.2,New York,Large (1000+),Female,53,235000
4.2,Bachelor,7.0,Data Analyst,135000.0,9.8,New York,Startup (1-50),Female,30,152000
5.8,Master,7.0,DevOps Engineer,211000.0,5.8,Austin,Small (51-200),Male,43,194000
10.3,Bachelor,5.0,Data Scientist,185000.0,7.8,Chicago,Medium (201-1000),Male,45,210000
5.1,Bachelor,5.0,Software Engineer,,9.0,Remote,Large (1000+),Female,31,218000
7.2,Bachelor,5.0,Software Engineer,205000.0,8.6,Boston,Medium (201-1000),Male,35,215000
0.9,PhD,7.0,Full Stack Developer,187000.0,6.8,Austin,Startup (1-50),Female,33,174000
3.1,PhD,6.0,Software Engineer,211000.0,6.3,Seattle,Small (51-200),Female,22,219000
0.0,Bachelor,8.0,Data Scientist,177000.0,3.8,Los Angeles,Medium (201-1000),Male,22,146000
1.4,Bachelor,5.0,Data Scientist,200000.0,9.7,Austin,Medium (201-1000),Female,32,210000
6.5,High School,5.0,Frontend Developer,176000.0,7.3,New York,Large (1000+),Male,29,204000
24.0,Bachelor,11.0,ML Engineer,274000.0,6.4,New York,Startup (1-50),Male,47,252000
0.5,Bachelor,3.0,Backend Developer,150000.0,4.9,Boston,Large (1000+),Male,30,168000
2.6,PhD,6.0,Software Engineer,150000.0,7.3,Austin,Startup (1-50),Female,48,172000
8.0,PhD,11.0,Software Engineer,355000.0,7.8,San Francisco,Large (1000+),Male,28,323000
1.1,Bachelor,8.0,DevOps Engineer,183000.0,9.7,Chicago,Large (1000+),Female,47,206000
4.0,Bachelor,6.0,ML Engineer,194000.0,8.8,Remote,Medium (201-1000),Male,36,187000
6.6,Master,5.0,Data Scientist,178000.0,8.6,Remote,Medium (201-1000),Male,37,232000
4.8,Master,8.0,Software Engineer,195000.0,9.3,San Francisco,Startup (1-50),Male,28,252000
1.0,High School,3.0,Product Manager,139000.0,9.2,Seattle,Startup (1-50),Female,37,150000
2.2,Bachelor,5.0,Backend Developer,101000.0,8.2,Los Angeles,Startup (1-50),Male,46,145000
7.7,Bachelor,4.0,Software Engineer,146000.0,10.0,Chicago,Startup (1-50),Male,31,161000
4.0,Bachelor,5.0,Software Engineer,219000.0,5.9,New York,Small (51-200),Female,29,205000
0.0,Bachelor,6.0,Engineering Manager,226000.0,5.2,San Francisco,Startup (1-50),Male,30,196000
7.2,High School,5.0,Backend Developer,140000.0,5.4,Seattle,Large (1000+),Male,45,191000
0.2,Master,8.0,ML Engineer,211000.0,7.5,Seattle,Small (51-200),Male,39,247000
6.8,Bachelor,7.0,Full Stack Developer,162000.0,4.0,Remote,Medium (201-1000),Male,44,132000
1.1,High School,7.0,Full Stack Developer,137000.0,9.2,Los Angeles,Medium (201-1000),Female,35,146000
15.9,Bachelor,10.0,Full Stack Developer,224000.0,7.5,Seattle,Small (51-200),Male,32,249000
2.3,Master,5.0,DevOps Engineer,187000.0,9.1,San Francisco,Startup (1-50),Male,35,226000
2.0,Master,4.0,DevOps Engineer,127000.0,5.4,Chicago,Small (51-200),Female,41,169000
0.8,Bachelor,4.0,Software Engineer,195000.0,8.6,San Francisco,Medium (201-1000),Female,30,235000
1.8,Bachelor,4.0,Product Manager,192000.0,10.0,Los Angeles,Medium (201-1000),Female,43,202000
10.5,PhD,9.0,Backend Developer,186000.0,8.8,Remote,Small (51-200),Female,35,228000
28.0,Bachelor,15.0,Data Scientist,326000.0,9.0,Los Angeles,Large (1000+),Female,22,380000
2.3,Bachelor,3.0,Product Manager,154000.0,5.9,San Francisco,Startup (1-50),Female,39,192000
3.0,Bachelor,7.0,Product Manager,191000.0,6.6,San Francisco,Medium (201-1000),Female,22,209000
6.4,Bachelor,8.0,Engineering Manager,212000.0,8.8,Austin,Small (51-200),Female,39,211000
10.9,Bachelor,5.0,Data Analyst,153000.0,7.6,Seattle,Medium (201-1000),Female,39,178000
4.5,PhD,6.0,Engineering Manager,421000.0,10.0,New York,Large (1000+),Male,35,481000
2.5,Master,4.0,Data Scientist,195000.0,4.8,Los Angeles,Medium (201-1000),Female,36,209000
2.7,Bachelor,2.0,Data Analyst,117000.0,5.9,Chicago,Small (51-200),Female,41,98000
5.9,PhD,8.0,Data Analyst,115000.0,4.7,Remote,Startup (1-50),Female,28,130000
0.0,High School,9.0,Data Scientist,188000.0,6.8,San Francisco,Large (1000+),Male,38,199000
4.8,Bachelor,4.0,Software Engineer,113000.0,7.1,Remote,Small (51-200),Male,41,137000
2.2,Bachelor,7.0,Engineering Manager,153000.0,6.1,Remote,Startup (1-50),Male,46,151000
7.9,Master,12.0,Data Scientist,256000.0,9.7,Seattle,Medium (201-1000),Male,23,262000
0.5,High School,4.0,Data Analyst,101000.0,6.3,Los Angeles,Small (51-200),Male,35,84000
4.4,Bachelor,7.0,Software Engineer,147000.0,10.0,San Francisco,Startup (1-50),Male,24,177000
3.3,Master,5.0,Software Engineer,239000.0,8.6,New York,Large (1000+),Male,24,248000
5.1,Master,9.0,DevOps Engineer,268000.0,6.9,San Francisco,Small (51-200),Male,35,286000
0.3,Master,9.0,Data Scientist,177000.0,6.2,Remote,Small (51-200),Female,33,150000
4.3,Bachelor,4.0,Backend Developer,158000.0,6.2,Boston,Medium (201-1000),Female,41,156000
4.1,High School,5.0,Frontend Developer,159000.0,7.5,New York,Large (1000+),Male,29,193000
4.1,Bachelor,7.0,Software Engineer,143000.0,7.0,San Francisco,Startup (1-50),Female,31,188000
4.6,High School,8.0,Software Engineer,145000.0,8.4,San Francisco,Medium (201-1000),Male,34,207000
5.6,PhD,7.0,ML Engineer,315000.0,8.2,San Francisco,Medium (201-1000),Male,25,346000
8.2,Bachelor,7.0,Software Engineer,158000.0,7.4,Seattle,Startup (1-50),Female,26,196000
1.6,Bachelor,2.0,Full Stack Developer,209000.0,7.3,New York,Small (51-200),Female,41,168000
8.7,Master,6.0,ML Engineer,255000.0,,New York,Startup (1-50),Female,28,301000
3.4,Bachelor,5.0,Software Engineer,150000.0,7.0,Chicago,Medium (201-1000),Male,41,176000
0.4,Bachelor,9.0,DevOps Engineer,178000.0,10.0,Austin,Large (1000+),Female,37,196000
0.3,Master,7.0,Software Engineer,139000.0,8.5,Remote,Startup (1-50),Male,22,125000
2.0,Master,3.0,Software Engineer,277000.0,9.0,San Francisco,Large (1000+),Male,36,302000
7.7,Master,8.0,Data Scientist,,9.1,Seattle,Medium (201-1000),Male,36,285000
6.1,High School,5.0,Data Analyst,99000.0,5.9,Austin,Small (51-200),Female,35,106000
7.8,Bachelor,6.0,Product Manager,261000.0,5.2,San Francisco,Medium (201-1000),Male,31,276000
3.6,Master,7.0,Data Analyst,144000.0,2.5,San Francisco,Startup (1-50),Male,24,121000
2.9,High School,2.0,ML Engineer,155000.0,4.4,Chicago,Large (1000+),Female,43,187000
0.8,Bachelor,3.0,Data Scientist,187000.0,9.1,Los Angeles,Medium (201-1000),Male,31,193000
2.0,Master,9.0,Frontend Developer,203000.0,7.6,San Francisco,Medium (201-1000),Male,25,214000
2.8,High School,4.0,Full Stack Developer,148000.0,6.6,New York,Medium (201-1000),Male,36,188000
0.5,Master,5.0,Engineering Manager,237000.0,9.4,Los Angeles,Medium (201-1000),Male,26,310000
1.2,Bachelor,4.0,Software Engineer,224000.0,7.2,San Francisco,Large (1000+),Female,24,190000
4.6,Bachelor,6.0,Software Engineer,156000.0,3.8,Boston,Medium (201-1000),Female,29,153000
6.7,High School,8.0,Backend Developer,158000.0,8.2,Los Angeles,Large (1000+),Male,27,173000
30.0,Master,17.0,Data Analyst,193000.0,9.9,Los Angeles,Medium (201-1000),Male,25,310000
13.5,Bachelor,11.0,Data Analyst,156000.0,9.1,Austin,Startup (1-50),Female,38,144000
5.1,Bachelor,9.0,Backend Developer,225000.0,8.4,San Francisco,Large (1000+),Male,31,287000
2.7,Master,,Engineering Manager,345000.0,4.3,New York,Medium (201-1000),Female,42,290000
5.1,Master,10.0,Frontend Developer,173000.0,7.1,Chicago,Medium (201-1000),Male,25,163000
7.7,PhD,11.0,Product Manager,308000.0,6.4,Los Angeles,Large (1000+),Male,22,342000
0.6,Bachelor,8.0,Engineering Manager,175000.0,7.1,Boston,Startup (1-50),Non-binary,33,193000
2.6,Bachelor,2.0,Data Analyst,95000.0,9.6,Remote,Small (51-200),Female,47,107000
9.2,PhD,10.0,Data Scientist,193000.0,7.2,Remote,Startup (1-50),Male,36,204000
2.4,Master,6.0,Software Engineer,152000.0,8.3,Remote,Medium (201-1000),Male,58,168000
4.2,Bachelor,10.0,Frontend Developer,156000.0,5.4,Chicago,Large (1000+),Male,35,151000
4.4,High School,5.0,DevOps Engineer,123000.0,6.4,Remote,Large (1000+),Male,34,161000
1.0,Master,10.0,Data Analyst,119000.0,5.9,Austin,Small (51-200),Female,22,111000
2.2,Bachelor,2.0,Software Engineer,168000.0,10.0,New York,Medium (201-1000),Female,35,228000
2.0,Master,7.0,Data Scientist,192000.0,5.6,Remote,Large (1000+),Male,33,198000
0.1,Bachelor,5.0,Full Stack Developer,150000.0,6.6,Austin,Medium (201-1000),Male,29,151000
0.1,Bachelor,8.0,Software Engineer,169000.0,8.4,New York,Startup (1-50),Female,31,143000
8.9,Master,7.0,ML Engineer,243000.0,4.4,Chicago,Medium (201-1000),Male,31,248000
1.6,High School,3.0,ML Engineer,146000.0,6.9,Remote,Large (1000+),Female,31,145000
3.6,Bachelor,8.0,Backend Developer,165000.0,6.6,Los Angeles,Large (1000+),Female,49,178000
1.8,Bachelor,5.0,Software Engineer,209000.0,5.7,San Francisco,Medium (201-1000),Female,29,191000
14.1,Bachelor,8.0,Data Analyst,183000.0,9.7,Boston,Large (1000+),Female,33,225000
1.5,Master,5.0,DevOps Engineer,169000.0,9.4,New York,Startup (1-50),Female,29,214000
2.8,Master,3.0,Product Manager,177000.0,9.0,Los Angeles,Startup (1-50),Female,38,212000
10.3,Master,8.0,DevOps Engineer,263000.0,7.6,San Francisco,Large (1000+),Male,33,347000
9.2,High School,7.0,Data Scientist,128000.0,5.2,Remote,Startup (1-50),Female,30,118000
1.0,Bachelor,6.0,Software Engineer,103000.0,7.8,Remote,Startup (1-50),Male,22,133000
8.1,Bachelor,6.0,Software Engineer,180000.0,6.7,Seattle,Small (51-200),Male,34,195000
3.1,PhD,5.0,Frontend Developer,241000.0,7.3,Los Angeles,Medium (201-1000),Male,30,212000
3.3,Master,7.0,Software Engineer,167000.0,5.9,Chicago,Medium (201-1000),Female,32,167000
0.7,Master,7.0,ML Engineer,240000.0,6.3,New York,Small (51-200),Male,23,214000
0.4,Bachelor,4.0,Frontend Developer,208000.0,7.2,San Francisco,Large (1000+),Female,43,225000
6.5,Bachelor,7.0,Data Scientist,274000.0,4.4,New York,Large (1000+),Female,39,221000
3.4,Bachelor,6.0,Software Engineer,185000.0,9.1,New York,Small (51-200),Male,43,188000
2.9,Bachelor,9.0,Full Stack Developer,123000.0,6.1,Chicago,Small (51-200),Female,41,137000
6.5,High School,6.0,Product Manager,163000.0,7.3,Los Angeles,Medium (201-1000),Female,37,196000
7.3,PhD,10.0,Software Engineer,261000.0,7.0,San Francisco,Medium (201-1000),Female,23,296000
0.9,Bachelor,4.0,Software Engineer,131000.0,8.3,Austin,Small (51-200),Male,47,133000
4.7,Bachelor,5.0,Engineering Manager,194000.0,9.0,Austin,Small (51-200),Female,25,212000
0.7,High School,3.0,Software Engineer,133000.0,7.1,San Francisco,Small (51-200),Female,30,151000
7.0,PhD,8.0,Engineering Manager,299000.0,6.2,Seattle,Startup (1-50),Male,38,276000
5.3,Bachelor,5.0,Software Engineer,179000.0,7.1,New York,Small (51-200),Male,38,244000
15.7,Master,13.0,Data Analyst,178000.0,10.0,Austin,Medium (201-1000),Male,37,268000
0.4,PhD,7.0,Data Scientist,161000.0,6.8,Remote,Medium (201-1000),Female,29,218000
0.3,Bachelor,5.0,Product Manager,151000.0,8.9,Remote,Medium (201-1000),Male,27,176000
1.7,Master,6.0,Data Scientist,218000.0,7.2,San Francisco,Small (51-200),Male,52,244000
1.5,High School,3.0,Backend Developer,111000.0,6.3,Chicago,Medium (201-1000),Female,32,136000
1.4,Bachelor,5.0,Software Engineer,117000.0,8.2,Remote,Startup (1-50),Male,31,127000
11.8,Master,11.0,Data Scientist,215000.0,7.8,Chicago,Small (51-200),Female,26,227000
1.4,Master,7.0,Full Stack Developer,210000.0,8.1,Seattle,Medium (201-1000),Male,34,260000
1.6,Bachelor,4.0,Frontend Developer,142000.0,6.6,Chicago,Medium (201-1000),Male,34,147000
7.1,Bachelor,6.0,Product Manager,185000.0,9.0,Chicago,Small (51-200),Male,32,227000
3.0,Bachelor,3.0,DevOps Engineer,221000.0,9.5,Seattle,Medium (201-1000),Female,35,255000
7.5,High School,7.0,Data Analyst,142000.0,7.6,Seattle,Large (1000+),Female,46,136000
0.3,Bachelor,,DevOps Engineer,145000.0,6.1,Los Angeles,Medium (201-1000),Female,27,153000
3.3,Bachelor,4.0,Engineering Manager,185000.0,7.2,Remote,Medium (201-1000),Female,32,206000
0.2,Bachelor,3.0,Engineering Manager,213000.0,5.8,Los Angeles,Large (1000+),Male,27,234000
0.3,Master,8.0,ML Engineer,163000.0,7.7,Remote,Medium (201-1000),Male,34,210000
11.8,Bachelor,6.0,Product Manager,188000.0,7.3,Boston,Medium (201-1000),Male,27,269000
0.7,Bachelor,2.0,Data Analyst,118000.0,4.9,San Francisco,Startup (1-50),Female,28,126000
3.8,Bachelor,,Data Scientist,196000.0,7.9,New York,Small (51-200),Female,22,229000
2.6,Master,7.0,Backend Developer,218000.0,8.5,Los Angeles,Medium (201-1000),Male,33,214000
2.1,Bachelor,2.0,Software Engineer,228000.0,9.5,New York,Medium (201-1000),Female,35,217000
11.5,High School,7.0,Data Analyst,154000.0,7.6,San Francisco,Small (51-200),Female,47,167000
0.1,Bachelor,4.0,Software Engineer,153000.0,8.8,Remote,Large (1000+),Male,36,168000
5.5,Master,6.0,Software Engineer,148000.0,6.4,Remote,Small (51-200),Female,28,184000
16.5,Bachelor,8.0,ML Engineer,317000.0,10.0,New York,Medium (201-1000),Male,22,348000
4.1,Master,7.0,Frontend Developer,190000.0,9.4,New York,Small (51-200),Female,22,239000
13.8,PhD,14.0,Data Analyst,210000.0,9.1,Seattle,Small (51-200),Male,22,218000
0.3,Master,6.0,Engineering Manager,289000.0,7.6,San Francisco,Large (1000+),Male,47,316000
2.7,Master,6.0,DevOps Engineer,162000.0,9.0,Remote,Small (51-200),Male,34,188000
1.5,Bachelor,4.0,Software Engineer,133000.0,8.0,New York,Startup (1-50),Non-binary,27,158000
6.6,High School,6.0,Full Stack Developer,174000.0,8.6,Chicago,Small (51-200),Female,24,149000
19.9,PhD,13.0,Frontend Developer,277000.0,7.6,Chicago,Small (51-200),Male,25,257000
1.5,Bachelor,7.0,DevOps Engineer,164000.0,4.2,Remote,Medium (201-1000),Non-binary,27,144000
5.3,Bachelor,3.0,Data Scientist,215000.0,7.7,New York,Large (1000+),Female,43,273000
1.1,Master,7.0,Frontend Developer,110000.0,6.2,Austin,Startup (1-50),Female,32,133000
4.2,Bachelor,4.0,ML Engineer,223000.0,8.4,Seattle,Medium (201-1000),Male,22,269000
3.1,Bachelor,7.0,Full Stack Developer,189000.0,3.5,New York,Medium (201-1000),Male,50,188000
17.9,Bachelor,9.0,Frontend Developer,256000.0,9.1,Chicago,Large (1000+),Female,23,268000
4.7,Bachelor,10.0,Data Analyst,144000.0,6.3,Austin,Large (1000+),Male,27,156000
2.2,Master,4.0,Frontend Developer,155000.0,6.0,Chicago,Medium (201-1000),Male,42,177000
0.6,Bachelor,6.0,Data Scientist,215000.0,6.0,San Francisco,Small (51-200),Male,35,176000
0.8,Bachelor,7.0,Data Analyst,118000.0,1.8,San Francisco,Startup (1-50),Male,28,105000
1.3,Bachelor,3.0,Frontend Developer,134000.0,6.4,Los Angeles,Small (51-200),Male,22,142000
1.4,Master,4.0,Data Scientist,228000.0,,Boston,Medium (201-1000),Female,24,231000
9.5,Master,9.0,Backend Developer,192000.0,6.1,Austin,Medium (201-1000),Male,25,197000
4.1,Bachelor,5.0,ML Engineer,211000.0,10.0,Austin,Medium (201-1000),Male,32,216000
3.7,Master,8.0,Data Analyst,181000.0,5.1,New York,Medium (201-1000),Male,34,168000
0.6,Bachelor,4.0,DevOps Engineer,116000.0,7.5,Remote,Small (51-200),Female,31,154000
9.8,PhD,9.0,Full Stack Developer,378000.0,8.0,San Francisco,Medium (201-1000),Female,32,347000
6.4,Bachelor,7.0,Software Engineer,148000.0,6.4,Boston,Startup (1-50),Female,24,164000
0.4,Master,7.0,ML Engineer,149000.0,6.1,Boston,Startup (1-50),Male,34,171000
6.2,High School,7.0,Engineering Manager,154000.0,8.5,Los Angeles,Startup (1-50),Male,42,204000
3.9,Bachelor,6.0,Data Analyst,120000.0,9.5,Austin,Large (1000+),Female,31,165000
0.4,Bachelor,7.0,Software Engineer,156000.0,6.2,San Francisco,Startup (1-50),Female,31,151000
3.1,Master,5.0,Data Scientist,277000.0,9.3,Boston,Large (1000+),Female,33,253000
3.3,Bachelor,4.0,ML Engineer,199000.0,6.0,San Francisco,Startup (1-50),Male,41,213000
0.9,PhD,6.0,Backend Developer,,6.5,New York,Small (51-200),Male,25,226000
14.6,Bachelor,8.0,Full Stack Developer,323000.0,10.0,San Francisco,Large (1000+),Male,44,341000
9.5,Bachelor,5.0,Full Stack Developer,143000.0,5.1,Austin,Medium (201-1000),Female,35,201000
5.5,High School,5.0,Frontend Developer,150000.0,5.5,San Francisco,Startup (1-50),Male,32,148000
3.1,Master,5.0,Data Analyst,133000.0,7.8,Seattle,Small (51-200),Male,42,173000
2.7,Bachelor,3.0,DevOps Engineer,196000.0,7.3,Los Angeles,Large (1000+),Male,23,217000
5.3,Master,7.0,Software Engineer,159000.0,6.1,Remote,Small (51-200),Male,36,163000
3.9,PhD,10.0,Frontend Developer,325000.0,10.0,San Francisco,Medium (201-1000),Male,35,278000
0.3,PhD,8.0,Engineering Manager,296000.0,5.7,New York,Small (51-200),Male,25,336000
3.6,Bachelor,8.0,Full Stack Developer,141000.0,9.0,Remote,Small (51-200),Female,36,148000
8.2,Master,4.0,Frontend Developer,166000.0,8.7,Chicago,Startup (1-50),Male,34,150000
3.1,Master,5.0,Backend Developer,192000.0,6.9,San Francisco,Medium (201-1000),Male,31,216000
0.3,High School,3.0,Product Manager,149000.0,7.1,Chicago,Medium (201-1000),Male,39,121000
7.7,Master,7.0,DevOps Engineer,191000.0,6.8,Austin,Small (51-200),Male,27,233000
1.1,High School,5.0,ML Engineer,139000.0,7.0,Austin,Medium (201-1000),Female,34,183000
1.5,Bachelor,4.0,Engineering Manager,250000.0,8.6,Los Angeles,Large (1000+),Male,31,266000
0.9,Bachelor,7.0,Data Analyst,96000.0,6.1,Remote,Large (1000+),Female,27,100000
2.0,Bachelor,,ML Engineer,154000.0,7.5,Chicago,Startup (1-50),Female,36,168000
7.1,Bachelor,7.0,DevOps Engineer,187000.0,6.3,Seattle,Small (51-200),Female,30,209000
3.7,Bachelor,8.0,ML Engineer,203000.0,7.7,Austin,Large (1000+),Male,22,251000
1.1,Master,4.0,Software Engineer,123000.0,6.4,Boston,Startup (1-50),Male,22,168000
10.5,High School,7.0,Engineering Manager,238000.0,7.2,New York,Startup (1-50),Female,38,216000
10.6,Bachelor,7.0,ML Engineer,272000.0,5.3,Boston,Large (1000+),Male,22,289000
10.2,Bachelor,11.0,Data Analyst,151000.0,9.9,New York,Small (51-200),Male,34,171000
1.4,Bachelor,2.0,Software Engineer,160000.0,,San Francisco,Small (51-200),Female,32,193000
3.0,Master,8.0,Frontend Developer,186000.0,7.7,Seattle,Small (51-200),Male,29,206000
21.0,Bachelor,11.0,Software Engineer,239000.0,7.5,Remote,Large (1000+),Male,48,286000
7.4,Master,11.0,Full Stack Developer,194000.0,7.6,Los Angeles,Small (51-200),Female,33,201000
0.1,Bachelor,5.0,Frontend Developer,150000.0,8.5,Seattle,Large (1000+),Female,38,169000
0.3,Master,5.0,Backend Developer,182000.0,8.4,Boston,Medium (201-1000),Female,34,197000
3.1,Bachelor,5.0,Software Engineer,,9.0,San Francisco,Small (51-200),Male,30,249000
12.0,Bachelor,10.0,Data Scientist,232000.0,9.0,Los Angeles,Small (51-200),Male,32,253000
3.9,Master,8.0,Software Engineer,135000.0,8.7,Austin,Startup (1-50),Male,44,211000
3.4,High School,4.0,Data Scientist,125000.0,6.7,Remote,Medium (201-1000),Male,41,141000
0.6,Master,6.0,Backend Developer,164000.0,6.4,Remote,Small (51-200),Female,48,150000
5.3,Master,7.0,Frontend Developer,242000.0,,New York,Large (1000+),Male,34,246000
8.6,Bachelor,4.0,Backend Developer,163000.0,7.2,Austin,Small (51-200),Male,25,165000
2.4,High School,3.0,Frontend Developer,127000.0,6.6,Los Angeles,Small (51-200),Female,28,113000
7.5,High School,7.0,Data Scientist,227000.0,4.5,San Francisco,Small (51-200),Female,22,193000
16.7,PhD,10.0,Data Scientist,248000.0,10.0,Remote,Medium (201-1000),Female,38,386000
1.1,Master,,Software Engineer,204000.0,4.4,Los Angeles,Small (51-200),Female,27,153000
3.7,High School,6.0,Data Analyst,114000.0,7.0,New York,Small (51-200),Female,22,139000
1.7,Bachelor,10.0,Backend Developer,156000.0,8.5,Chicago,Large (1000+),Male,52,199000
7.9,Bachelor,7.0,Software Engineer,189000.0,8.7,Los Angeles,Medium (201-1000),Male,27,234000
4.3,Master,7.0,Software Engineer,199000.0,5.8,Remote,Medium (201-1000),Male,27,181000
5.0,High School,6.0,Data Analyst,144000.0,8.1,New York,Medium (201-1000),Male,45,140000
8.0,Bachelor,6.0,Full Stack Developer,218000.0,9.7,New York,Medium (201-1000),Female,22,296000
2.5,Master,7.0,Backend Developer,178000.0,9.6,San Francisco,Small (51-200),Male,41,214000
12.3,High School,9.0,ML Engineer,150000.0,9.2,Chicago,Startup (1-50),Male,27,194000
3.8,Bachelor,7.0,Data Scientist,160000.0,8.7,Chicago,Large (1000+),Male,22,189000
0.9,PhD,7.0,Engineering Manager,252000.0,7.0,Boston,Startup (1-50),Male,46,226000
6.0,Master,8.0,Full Stack Developer,209000.0,6.6,Seattle,Medium (201-1000),Female,39,239000
7.9,Bachelor,5.0,Data Scientist,201000.0,8.0,San Francisco,Startup (1-50),Female,39,243000
1.9,High School,4.0,Data Analyst,91000.0,8.2,Remote,Small (51-200),Female,35,98000
9.7,High School,6.0,Full Stack Developer,128000.0,5.3,Remote,Startup (1-50),Male,37,122000
11.8,Bachelor,18.0,Data Scientist,210000.0,6.3,Los Angeles,Small (51-200),Female,22,211000
1.6,Master,7.0,DevOps Engineer,153000.0,7.5,Remote,Medium (201-1000),Female,33,169000
20.5,Bachelor,10.0,Software Engineer,190000.0,7.6,Chicago,Startup (1-50),Female,25,221000
0.8,Master,2.0,Software Engineer,131000.0,7.6,Remote,Small (51-200),Female,22,162000
1.1,PhD,7.0,Full Stack Developer,244000.0,8.7,Boston,Large (1000+),Non-binary,35,267000
1.0,Bachelor,6.0,Data Scientist,147000.0,,Seattle,Small (51-200),Non-binary,41,192000
11.2,Bachelor,7.0,Data Analyst,187000.0,7.9,Los Angeles,Large (1000+),Female,29,215000
5.3,Bachelor,6.0,Engineering Manager,227000.0,5.5,Remote,Large (1000+),Female,30,247000
0.8,PhD,5.0,Software Engineer,239000.0,6.4,Seattle,Large (1000+),Male,23,223000
2.9,Master,6.0,DevOps Engineer,273000.0,6.9,San Francisco,Large (1000+),Female,32,302000
4.8,High School,5.0,Data Analyst,117000.0,6.7,New York,Small (51-200),Female,38,141000
0.4,Master,7.0,Full Stack Developer,186000.0,6.3,Austin,Large (1000+),Female,38,179000
10.7,Bachelor,5.0,Full Stack Developer,292000.0,7.8,New York,Large (1000+),Female,36,315000
8.1,PhD,12.0,ML Engineer,407000.0,,New York,Large (1000+),Male,27,558000
3.5,High School,3.0,DevOps Engineer,125000.0,5.8,Austin,Startup (1-50),Male,27,124000
17.1,Bachelor,10.0,Frontend Developer,287000.0,7.9,San Francisco,Large (1000+),Male,38,318000
2.7,Master,7.0,Engineering Manager,223000.0,9.7,Chicago,Medium (201-1000),Female,38,269000
20.7,Bachelor,11.0,ML Engineer,302000.0,8.4,Austin,Medium (201-1000),Male,31,325000
5.5,Bachelor,4.0,Product Manager,155000.0,7.1,Boston,Startup (1-50),Male,29,163000
5.0,High School,6.0,Data Scientist,191000.0,7.0,San Francisco,Startup (1-50),Female,41,152000
0.9,Bachelor,7.0,Engineering Manager,286000.0,5.7,New York,Large (1000+),Female,29,275000
10.7,Bachelor,6.0,Backend Developer,214000.0,7.7,Seattle,Small (51-200),Female,38,214000
2.8,PhD,7.0,DevOps Engineer,194000.0,6.3,Chicago,Small (51-200),Female,31,204000
0.9,Bachelor,4.0,Backend Developer,140000.0,6.1,Remote,Large (1000+),Female,24,143000
0.1,Bachelor,6.0,Data Scientist,,6.1,New York,Startup (1-50),Female,45,163000
4.1,Master,6.0,Data Scientist,175000.0,6.7,Boston,Small (51-200),Female,33,232000
3.7,Bachelor,9.0,Software Engineer,170000.0,5.4,New York,Small (51-200),Male,26,152000
6.4,Bachelor,10.0,Software Engineer,161000.0,9.8,Los Angeles,Small (51-200),Male,22,184000
11.0,Master,7.0,ML Engineer,214000.0,9.1,Los Angeles,Small (51-200),Female,22,281000
0.4,Master,4.0,Full Stack Developer,147000.0,8.3,Austin,Startup (1-50),Female,29,152000
6.6,Master,,Backend Developer,162000.0,6.2,Remote,Startup (1-50),Female,47,134000
1.0,Master,6.0,Software Engineer,138000.0,6.9,Chicago,Medium (201-1000),Male,27,162000
9.8,High School,10.0,Data Analyst,114000.0,7.3,Remote,Large (1000+),Male,44,140000
8.5,PhD,7.0,Backend Developer,184000.0,,Remote,Small (51-200),Female,31,238000
3.9,High School,5.0,Engineering Manager,180000.0,5.1,Los Angeles,Small (51-200),Male,23,140000
6.2,Master,7.0,Backend Developer,185000.0,6.3,Boston,Startup (1-50),Male,28,176000
1.9,Bachelor,4.0,Software Engineer,178000.0,6.9,Boston,Large (1000+),Male,22,192000
3.2,PhD,7.0,DevOps Engineer,247000.0,7.0,Chicago,Large (1000+),Male,25,224000
8.6,Master,10.0,Backend Developer,168000.0,10.0,Remote,Small (51-200),Female,25,201000
3.1,Master,7.0,Software Engineer,142000.0,8.6,Remote,Small (51-200),Female,22,177000
2.2,Bachelor,10.0,Software Engineer,194000.0,6.4,New York,Medium (201-1000),Female,44,211000
3.4,Bachelor,6.0,Software Engineer,160000.0,6.3,Seattle,Medium (201-1000),Female,34,192000
8.8,Master,8.0,Data Scientist,258000.0,7.6,San Francisco,Small (51-200),Female,27,313000
2.0,Master,6.0,DevOps Engineer,181000.0,4.0,Austin,Medium (201-1000),Female,34,175000
1.0,High School,3.0,DevOps Engineer,142000.0,6.1,Seattle,Medium (201-1000),Male,25,129000
6.2,PhD,9.0,Software Engineer,329000.0,6.9,Los Angeles,Large (1000+),Male,22,274000
8.7,Master,6.0,Backend Developer,205000.0,9.2,Boston,Startup (1-50),Female,56,194000
0.5,Bachelor,8.0,Frontend Developer,137000.0,5.2,Remote,Large (1000+),Male,34,134000
1.4,Master,6.0,Data Scientist,219000.0,8.2,New York,Small (51-200),Female,27,230000
0.8,Bachelor,7.0,Software Engineer,149000.0,7.9,Chicago,Medium (201-1000),Male,22,153000
2.1,Bachelor,6.0,Software Engineer,179000.0,7.6,Boston,Medium (201-1000),Female,22,172000
3.0,Bachelor,5.0,ML Engineer,178000.0,8.0,Remote,Small (51-200),Non-binary,45,165000
6.9,Bachelor,5.0,Software Engineer,236000.0,3.8,New York,Medium (201-1000),Male,44,211000
5.3,Master,7.0,ML Engineer,168000.0,8.1,Austin,Small (51-200),Male,38,215000
4.9,Bachelor,6.0,Backend Developer,155000.0,6.7,Boston,Startup (1-50),Female,23,145000
2.2,Master,6.0,Frontend Developer,149000.0,7.6,Boston,Small (51-200),Male,44,154000
9.2,Master,8.0,Data Scientist,208000.0,6.3,Los Angeles,Small (51-200),Male,36,240000
3.2,Master,9.0,ML Engineer,184000.0,6.2,Chicago,Startup (1-50),Female,37,157000
19.3,High School,8.0,Backend Developer,177000.0,9.1,Los Angeles,Large (1000+),Non-binary,36,259000
5.0,Master,11.0,Data Analyst,127000.0,8.9,Remote,Startup (1-50),Female,22,132000
0.7,Bachelor,7.0,Full Stack Developer,153000.0,9.2,Los Angeles,Small (51-200),Male,22,180000
5.6,Bachelor,7.0,Frontend Developer,126000.0,,Chicago,Startup (1-50),Male,28,143000
2.0,Bachelor,6.0,ML Engineer,218000.0,4.9,New York,Small (51-200),Male,37,207000
5.8,Bachelor,7.0,ML Engineer,230000.0,7.6,Seattle,Small (51-200),Male,22,228000
0.4,Master,7.0,Data Analyst,145000.0,7.4,New York,Small (51-200),Male,31,131000
1.0,Bachelor,2.0,Software Engineer,168000.0,9.0,San Francisco,Startup (1-50),Male,31,158000
9.7,Master,6.0,Engineering Manager,271000.0,10.0,San Francisco,Startup (1-50),Female,38,392000
1.3,High School,2.0,Backend Developer,170000.0,4.8,San Francisco,Medium (201-1000),Female,37,168000
9.1,Bachelor,9.0,Backend Developer,171000.0,6.6,Remote,Medium (201-1000),Female,24,147000
1.6,PhD,6.0,Software Engineer,236000.0,10.0,Seattle,Small (51-200),Female,44,250000
5.1,Master,7.0,Backend Developer,189000.0,5.7,New York,Startup (1-50),Male,23,195000
5.9,Bachelor,4.0,DevOps Engineer,182000.0,5.2,Remote,Large (1000+),Male,41,168000
3.6,Bachelor,9.0,Software Engineer,115000.0,8.2,Chicago,Startup (1-50),Female,28,133000
1.8,Bachelor,6.0,Data Scientist,189000.0,9.3,Los Angeles,Large (1000+),Non-binary,33,202000
1.2,Bachelor,5.0,Product Manager,178000.0,4.1,Boston,Small (51-200),Female,34,137000
0.2,Master,9.0,Frontend Developer,171000.0,,Seattle,Small (51-200),Male,34,158000
1.8,Master,5.0,ML Engineer,299000.0,7.7,New York,Medium (201-1000),Female,37,292000
5.3,Bachelor,8.0,Software Engineer,236000.0,10.0,New York,Large (1000+),Male,35,264000
13.9,PhD,,Full Stack Developer,296000.0,9.8,New York,Small (51-200),Male,38,389000
10.2,Bachelor,8.0,Full Stack Developer,207000.0,4.5,Seattle,Small (51-200),Male,36,166000
7.3,Bachelor,4.0,Backend Developer,152000.0,5.9,Los Angeles,Small (51-200),Female,22,175000
7.8,Bachelor,6.0,Frontend Developer,260000.0,9.0,San Francisco,Large (1000+),Male,34,285000
5.5,Master,8.0,DevOps Engineer,241000.0,8.3,San Francisco,Medium (201-1000),Female,27,238000
1.5,Bachelor,3.0,Frontend Developer,139000.0,5.7,San Francisco,Startup (1-50),Male,23,141000
11.9,Bachelor,10.0,Data Scientist,143000.0,9.1,Remote,Startup (1-50),Male,30,195000
5.6,Bachelor,8.0,Product Manager,179000.0,7.8,Seattle,Startup (1-50),Female,33,220000
4.1,Bachelor,8.0,Frontend Developer,165000.0,3.3,Seattle,Small (51-200),Male,34,128000
0.6,Master,4.0,Data Scientist,226000.0,3.4,San Francisco,Startup (1-50),Female,40,197000
3.0,Bachelor,5.0,DevOps Engineer,186000.0,7.7,Seattle,Medium (201-1000),Male,42,214000
3.1,High School,,Data Analyst,103000.0,10.0,San Francisco,Startup (1-50),Female,35,116000
10.0,Master,,Software Engineer,151000.0,9.5,Austin,Small (51-200),Male,36,257000
4.0,PhD,7.0,Data Scientist,298000.0,3.9,San Francisco,Medium (201-1000),Male,33,334000
2.4,PhD,7.0,Backend Developer,161000.0,5.6,Remote,Small (51-200),Female,38,158000
18.8,Bachelor,11.0,Data Scientist,202000.0,9.6,Austin,Startup (1-50),Male,36,240000
0.6,High School,4.0,Full Stack Developer,109000.0,7.4,Remote,Startup (1-50),Male,32,93000
2.7,Bachelor,1.0,Software Engineer,154000.0,7.1,Seattle,Startup (1-50),Female,49,182000
0.2,High School,3.0,Full Stack Developer,148000.0,5.4,Seattle,Large (1000+),Male,28,145000
6.7,PhD,10.0,Software Engineer,264000.0,9.4,San Francisco,Medium (201-1000),Male,44,317000
12.5,Bachelor,8.0,Software Engineer,145000.0,9.6,Austin,Startup (1-50),Female,22,189000
1.6,Bachelor,8.0,Product Manager,149000.0,8.2,Austin,Small (51-200),Female,39,165000
9.8,Bachelor,7.0,Frontend Developer,185000.0,6.6,Seattle,Small (51-200),Male,43,184000
1.7,Bachelor,1.0,ML Engineer,131000.0,8.1,Remote,Medium (201-1000),Female,22,169000
12.1,Master,9.0,Data Scientist,211000.0,7.8,Chicago,Small (51-200),Female,33,230000
7.0,Bachelor,5.0,Backend Developer,151000.0,6.5,Remote,Small (51-200),Male,38,151000
8.2,Bachelor,11.0,Frontend Developer,173000.0,6.1,San Francisco,Small (51-200),Male,34,226000
0.1,Bachelor,6.0,Engineering Manager,170000.0,6.7,Boston,Startup (1-50),Male,35,168000
16.5,Bachelor,12.0,Engineering Manager,334000.0,8.9,San Francisco,Medium (201-1000),Female,33,398000
6.5,High School,9.0,Backend Developer,107000.0,3.6,Remote,Large (1000+),Male,23,137000
1.8,Master,5.0,DevOps Engineer,210000.0,5.8,Seattle,Large (1000+),Female,51,242000
8.8,Bachelor,7.0,DevOps Engineer,179000.0,6.9,San Francisco,Startup (1-50),Female,28,246000
1.7,Master,7.0,Backend Developer,173000.0,8.9,Chicago,Medium (201-1000),Male,35,206000
10.3,PhD,11.0,Software Engineer,283000.0,6.5,Boston,Medium (201-1000),Male,27,257000
0.6,PhD,6.0,ML Engineer,250000.0,7.6,Seattle,Large (1000+),Female,22,258000
6.1,PhD,8.0,Software Engineer,294000.0,9.5,San Francisco,Small (51-200),Male,25,322000
3.9,Bachelor,6.0,Software Engineer,174000.0,,Austin,Medium (201-1000),Male,22,184000
0.5,High School,5.0,Software Engineer,104000.0,8.2,Los Angeles,Startup (1-50),Female,41,134000
1.4,Bachelor,8.0,DevOps Engineer,178000.0,6.6,Boston,Medium (201-1000),Male,27,186000
0.1,Master,9.0,Full Stack Developer,145000.0,9.8,Los Angeles,Small (51-200),Male,28,178000
3.2,PhD,6.0,DevOps Engineer,214000.0,10.0,San Francisco,Medium (201-1000),Male,23,357000
1.8,Master,8.0,ML Engineer,226000.0,7.4,Austin,Large (1000+),Male,33,224000
4.6,High School,3.0,Software Engineer,101000.0,8.0,Remote,Small (51-200),Male,26,153000
1.8,PhD,9.0,Frontend Developer,162000.0,8.3,Austin,Small (51-200),Female,40,190000
1.8,Bachelor,7.0,Data Scientist,180000.0,8.6,San Francisco,Startup (1-50),Non-binary,34,184000
6.8,High School,7.0,Backend Developer,116000.0,7.4,Boston,Small (51-200),Male,27,146000
0.2,Bachelor,6.0,Engineering Manager,197000.0,8.9,Boston,Small (51-200),Male,39,223000
11.7,High School,8.0,Software Engineer,135000.0,8.8,Remote,Startup (1-50),Male,32,146000
9.6,Bachelor,7.0,Data Scientist,163000.0,10.0,Remote,Large (1000+),Male,32,243000
5.5,Bachelor,9.0,DevOps Engineer,141000.0,5.8,Remote,Startup (1-50),Male,22,122000
4.5,Bachelor,4.0,Engineering Manager,242000.0,7.6,Remote,Medium (201-1000),Male,31,218000
11.1,Master,7.0,Full Stack Developer,291000.0,9.0,New York,Large (1000+),Female,35,378000
1.0,Master,7.0,Product Manager,258000.0,4.8,Seattle,Large (1000+),Male,43,221000
0.4,Master,6.0,ML Engineer,162000.0,7.5,Remote,Medium (201-1000),Male,26,198000
1.4,Bachelor,7.0,Engineering Manager,189000.0,8.2,Los Angeles,Startup (1-50),Male,50,210000
7.9,Master,8.0,Software Engineer,302000.0,10.0,San Francisco,Large (1000+),Male,36,367000
0.2,PhD,4.0,Software Engineer,176000.0,7.0,Austin,Small (51-200),Female,22,166000
4.4,High School,4.0,Data Analyst,143000.0,7.5,New York,Large (1000+),Male,25,158000
26.9,Bachelor,19.0,Product Manager,334000.0,7.5,New York,Medium (201-1000),Female,43,414000
9.7,Bachelor,9.0,Software Engineer,186000.0,6.4,Austin,Medium (201-1000),Male,42,210000
3.7,High School,6.0,Software Engineer,111000.0,8.7,Boston,Startup (1-50),Female,32,154000
0.3,Master,5.0,Software Engineer,211000.0,8.0,San Francisco,Medium (201-1000),Non-binary,33,255000
8.9,Master,7.0,Software Engineer,209000.0,7.1,Remote,Large (1000+),Male,23,211000
4.6,Bachelor,8.0,Data Scientist,166000.0,5.6,Chicago,Large (1000+),Male,43,220000
0.6,Master,6.0,Engineering Manager,192000.0,6.4,Los Angeles,Startup (1-50),Female,24,223000
0.5,Master,6.0,Backend Developer,224000.0,7.4,San Francisco,Large (1000+),Male,39,238000
12.0,PhD,12.0,Full Stack Developer,218000.0,7.9,Boston,Startup (1-50),Female,43,291000
5.5,Bachelor,4.0,Full Stack Developer,199000.0,6.6,Seattle,Medium (201-1000),Male,32,203000
8.8,PhD,13.0,Frontend Developer,285000.0,5.6,New York,Medium (201-1000),Male,40,277000
10.6,Bachelor,6.0,Full Stack Developer,147000.0,7.8,Austin,Startup (1-50),Male,47,166000
4.2,Bachelor,,Frontend Developer,113000.0,4.9,Remote,Startup (1-50),Female,34,102000
3.6,High School,9.0,Data Scientist,206000.0,8.0,San Francisco,Medium (201-1000),Male,31,213000
2.8,High School,1.0,Frontend Developer,105000.0,5.6,Los Angeles,Small (51-200),Male,31,116000
1.9,Master,5.0,Frontend Developer,107000.0,8.8,Chicago,Startup (1-50),Female,26,128000
2.9,Bachelor,5.0,Data Analyst,98000.0,8.1,Remote,Medium (201-1000),Male,26,124000
7.4,Bachelor,8.0,Engineering Manager,247000.0,5.5,Remote,Large (1000+),Male,36,252000
4.6,Bachelor,6.0,ML Engineer,209000.0,,Seattle,Medium (201-1000),Male,31,235000
11.2,Master,12.0,Full Stack Developer,147000.0,10.0,Remote,Startup (1-50),Female,35,209000
2.9,High School,1.0,Software Engineer,142000.0,5.1,Seattle,Startup (1-50),Female,22,128000
4.7,Master,5.0,Full Stack Developer,162000.0,10.0,Chicago,Medium (201-1000),Male,31,222000
5.0,High School,8.0,ML Engineer,207000.0,8.1,San Francisco,Medium (201-1000),Male,40,244000
4.5,Bachelor,6.0,Software Engineer,,8.1,New York,Medium (201-1000),Female,23,237000
6.1,Bachelor,5.0,ML Engineer,234000.0,7.9,Austin,Large (1000+),Female,32,235000
1.4,Bachelor,5.0,Backend Developer,169000.0,7.9,New York,Small (51-200),Male,22,161000
3.6,Bachelor,7.0,Software Engineer,140000.0,,Seattle,Startup (1-50),Male,22,177000
0.6,Bachelor,,Product Manager,192000.0,7.0,Austin,Large (1000+),Male,38,195000
2.4,PhD,8.0,Software Engineer,176000.0,6.7,Chicago,Small (51-200),Female,30,193000
3.3,Master,7.0,Product Manager,215000.0,5.2,Austin,Medium (201-1000),Non-binary,47,227000
5.3,High School,3.0,Full Stack Developer,203000.0,7.4,Seattle,Large (1000+),Male,35,195000
15.0,Bachelor,11.0,ML Engineer,292000.0,7.3,New York,Large (1000+),Male,36,367000
4.6,Master,3.0,ML Engineer,262000.0,7.3,Seattle,Medium (201-1000),Male,23,286000
6.8,Bachelor,7.0,Full Stack Developer,161000.0,6.7,Austin,Small (51-200),Male,29,158000
3.5,High School,5.0,Backend Developer,142000.0,6.6,Remote,Large (1000+),Male,26,138000
5.0,Master,4.0,Backend Developer,280000.0,6.5,San Francisco,Medium (201-1000),Female,23,247000
0.4,Master,9.0,ML Engineer,262000.0,6.8,New York,Small (51-200),Male,37,249000
1.5,Bachelor,5.0,DevOps Engineer,195000.0,4.6,Seattle,Medium (201-1000),Female,39,168000
2.2,High School,3.0,Engineering Manager,171000.0,6.5,Seattle,Small (51-200),Male,35,192000
3.2,High School,3.0,Data Scientist,174000.0,4.5,Seattle,Large (1000+),Female,25,175000
0.2,Master,5.0,ML Engineer,174000.0,7.2,Remote,Small (51-200),Male,35,142000
0.8,Bachelor,4.0,Data Scientist,190000.0,4.7,New York,Large (1000+),Male,22,201000
1.6,Bachelor,5.0,Full Stack Developer,162000.0,6.5,Austin,Large (1000+),Female,43,174000
17.8,Bachelor,9.0,Full Stack Developer,246000.0,10.0,Boston,Large (1000+),Male,22,308000
2.0,Bachelor,7.0,Data Scientist,182000.0,8.9,New York,Medium (201-1000),Female,23,232000
3.3,PhD,8.0,Software Engineer,211000.0,9.1,Remote,Large (1000+),Female,33,266000
1.1,Master,4.0,Software Engineer,170000.0,9.0,Austin,Small (51-200),Male,34,194000
4.7,Master,3.0,DevOps Engineer,196000.0,8.5,Seattle,Startup (1-50),Female,31,182000
1.6,High School,6.0,ML Engineer,159000.0,4.8,Chicago,Large (1000+),Female,23,164000
1.2,High School,3.0,Engineering Manager,184000.0,5.0,New York,Small (51-200),Non-binary,41,196000
3.6,Bachelor,4.0,DevOps Engineer,124000.0,3.8,Chicago,Startup (1-50),Female,22,123000
0.0,Bachelor,3.0,Data Scientist,140000.0,6.6,Austin,Startup (1-50),Male,22,111000
0.0,PhD,9.0,Product Manager,180000.0,4.9,Boston,Startup (1-50),Female,31,197000
1.2,Bachelor,5.0,DevOps Engineer,142000.0,5.5,Chicago,Medium (201-1000),Female,22,145000
0.2,Bachelor,4.0,Frontend Developer,133000.0,6.6,Chicago,Medium (201-1000),Female,42,136000
0.6,Bachelor,7.0,Software Engineer,120000.0,6.2,Boston,Startup (1-50),Female,23,126000
2.1,Master,7.0,ML Engineer,207000.0,7.0,Remote,Large (1000+),Male,44,207000
8.1,High School,9.0,Product Manager,169000.0,6.7,Seattle,Small (51-200),Male,40,208000
4.2,Bachelor,8.0,Frontend Developer,140000.0,6.2,Austin,Medium (201-1000),Female,42,179000
3.6,Bachelor,11.0,ML Engineer,212000.0,4.8,San Francisco,Small (51-200),Female,47,207000
1.7,Master,5.0,Backend Developer,231000.0,7.3,San Francisco,Medium (201-1000),Male,33,261000
13.4,High School,11.0,Product Manager,172000.0,10.0,Chicago,Small (51-200),Female,24,202000
2.5,PhD,10.0,Data Scientist,262000.0,8.7,San Francisco,Small (51-200),Female,31,280000
0.5,Master,5.0,Frontend Developer,233000.0,10.0,San Francisco,Large (1000+),Female,27,228000
4.8,Bachelor,4.0,Engineering Manager,175000.0,6.4,Remote,Startup (1-50),Female,26,181000
0.6,Master,3.0,Software Engineer,232000.0,7.4,San Francisco,Large (1000+),Female,33,251000
2.1,High School,4.0,Full Stack Developer,170000.0,6.7,New York,Medium (201-1000),Female,30,169000
3.5,PhD,7.0,Backend Developer,195000.0,7.6,Boston,Small (51-200),Female,26,212000
10.4,Bachelor,10.0,Backend Developer,208000.0,8.7,Boston,Medium (201-1000),Male,30,216000
3.4,Bachelor,8.0,ML Engineer,154000.0,4.0,Remote,Startup (1-50),Male,36,139000
6.1,Bachelor,6.0,Data Scientist,178000.0,6.1,Austin,Small (51-200),Male,40,177000
24.7,High School,11.0,Backend Developer,182000.0,10.0,Austin,Large (1000+),Male,22,276000
0.7,PhD,6.0,Data Scientist,,6.8,Remote,Startup (1-50),Male,30,152000
1.6,High School,1.0,ML Engineer,161000.0,7.6,Austin,Medium (201-1000),Female,31,168000
2.5,Master,8.0,Software Engineer,144000.0,8.5,Boston,Small (51-200),Female,23,239000
2.7,Bachelor,4.0,Software Engineer,155000.0,7.5,Chicago,Medium (201-1000),Male,31,155000
2.6,PhD,6.0,Engineering Manager,259000.0,7.7,Seattle,Startup (1-50),Female,33,267000
11.9,Bachelor,6.0,DevOps Engineer,279000.0,7.9,Seattle,Small (51-200),Male,36,233000
6.3,Bachelor,5.0,Engineering Manager,334000.0,3.6,San Francisco,Large (1000+),Male,33,279000
4.7,Bachelor,6.0,Software Engineer,146000.0,7.4,Boston,Startup (1-50),Female,25,185000
1.9,Master,5.0,Frontend Developer,231000.0,6.5,San Francisco,Medium (201-1000),Male,48,180000
8.7,High School,6.0,Data Scientist,163000.0,5.7,Austin,Medium (201-1000),Female,39,159000
15.5,Bachelor,13.0,Full Stack Developer,204000.0,8.1,Chicago,Medium (201-1000),Male,36,245000
8.6,Bachelor,7.0,Full Stack Developer,184000.0,9.2,Austin,Medium (201-1000),Male,40,205000
0.0,Master,8.0,Software Engineer,198000.0,8.3,New York,Small (51-200),Female,34,207000
5.1,Bachelor,5.0,Product Manager,128000.0,7.0,Remote,Startup (1-50),Male,42,151000
0.3,Bachelor,5.0,Software Engineer,213000.0,7.9,New York,Large (1000+),Non-binary,32,224000
1.5,Bachelor,5.0,Backend Developer,137000.0,6.8,Remote,Large (1000+),Male,32,154000
0.3,Master,8.0,Engineering Manager,246000.0,8.4,Boston,Startup (1-50),Male,37,217000
4.6,PhD,7.0,Product Manager,240000.0,9.3,San Francisco,Small (51-200),Female,45,332000
5.8,Bachelor,8.0,Engineering Manager,220000.0,4.6,Los Angeles,Medium (201-1000),Female,44,231000
0.6,Bachelor,7.0,ML Engineer,188000.0,7.1,New York,Large (1000+),Male,37,282000
2.4,Bachelor,5.0,Software Engineer,239000.0,8.7,Los Angeles,Large (1000+),Male,36,193000
3.0,High School,3.0,Software Engineer,165000.0,6.2,San Francisco,Large (1000+),Female,38,203000
2.3,Bachelor,2.0,Frontend Developer,154000.0,7.4,New York,Startup (1-50),Male,40,167000
0.6,Master,6.0,Full Stack Developer,254000.0,10.0,San Francisco,Large (1000+),Male,42,251000
2.7,Bachelor,4.0,Software Engineer,199000.0,4.6,San Francisco,Large (1000+),Female,30,195000
7.0,PhD,12.0,Backend Developer,195000.0,6.5,Remote,Small (51-200),Female,43,226000
0.4,Bachelor,6.0,ML Engineer,127000.0,8.2,Remote,Small (51-200),Male,35,149000
0.4,Master,6.0,ML Engineer,150000.0,6.1,Remote,Small (51-200),Male,37,167000
2.2,Bachelor,8.0,Backend Developer,156000.0,7.6,New York,Medium (201-1000),Female,43,197000
14.2,Bachelor,10.0,DevOps Engineer,238000.0,8.2,Seattle,Small (51-200),Female,38,258000
5.5,Bachelor,6.0,Data Analyst,78000.0,4.5,Remote,Startup (1-50),Female,39,90000
5.7,Bachelor,7.0,Software Engineer,164000.0,6.4,Seattle,Startup (1-50),Male,29,169000
2.2,Bachelor,5.0,Full Stack Developer,126000.0,10.0,Remote,Small (51-200),Male,44,143000
4.5,Master,9.0,Software Engineer,224000.0,6.6,Boston,Small (51-200),Male,38,197000
0.1,PhD,5.0,Software Engineer,242000.0,6.6,San Francisco,Medium (201-1000),Male,33,215000
5.1,Bachelor,6.0,Backend Developer,130000.0,7.3,Remote,Startup (1-50),Male,41,130000
12.2,High School,5.0,Data Analyst,132000.0,7.0,Remote,Large (1000+),Male,53,143000
4.7,Bachelor,7.0,Data Scientist,176000.0,5.8,Remote,Large (1000+),Female,23,199000
10.3,Bachelor,9.0,ML Engineer,344000.0,7.7,San Francisco,Large (1000+),Female,26,382000
6.4,Bachelor,6.0,Frontend Developer,202000.0,7.6,New York,Medium (201-1000),Male,53,210000
0.6,Master,4.0,Data Scientist,187000.0,8.2,Seattle,Startup (1-50),Female,35,204000
11.6,PhD,11.0,Data Analyst,194000.0,9.9,New York,Small (51-200),Female,34,238000
0.3,PhD,5.0,Full Stack Developer,202000.0,8.0,New York,Startup (1-50),Male,31,202000
3.8,Bachelor,4.0,Software Engineer,182000.0,7.5,Chicago,Large (1000+),Male,42,211000
0.8,Master,3.0,DevOps Engineer,158000.0,4.7,Boston,Small (51-200),Female,53,174000
0.1,Master,5.0,Full Stack Developer,166000.0,6.6,Austin,Medium (201-1000),Male,27,178000
2.7,Bachelor,2.0,ML Engineer,189000.0,8.0,New York,Medium (201-1000),Male,31,247000
1.7,Bachelor,5.0,Backend Developer,142000.0,5.2,Los Angeles,Large (1000+),Male,29,193000
3.3,Master,9.0,Software Engineer,232000.0,5.0,San Francisco,Medium (201-1000),Male,38,242000
4.3,Bachelor,7.0,Backend Developer,171000.0,9.3,Remote,Medium (201-1000),Female,42,189000
0.2,Bachelor,2.0,Software Engineer,168000.0,5.2,Los Angeles,Small (51-200),Female,45,131000
0.7,Bachelor,2.0,Data Analyst,98000.0,6.6,Remote,Medium (201-1000),Male,38,98000
4.1,Bachelor,7.0,ML Engineer,148000.0,6.8,Los Angeles,Startup (1-50),Female,52,164000
2.1,Bachelor,4.0,Data Scientist,182000.0,,Remote,Large (1000+),Female,27,199000
6.5,PhD,11.0,Data Analyst,154000.0,9.3,New York,Small (51-200),Female,25,255000
5.3,Master,6.0,Software Engineer,187000.0,8.9,New York,Startup (1-50),Male,44,240000
9.3,Master,9.0,ML Engineer,310000.0,8.1,New York,Large (1000+),Female,33,409000
5.9,High School,4.0,ML Engineer,194000.0,10.0,San Francisco,Small (51-200),Male,22,240000
2.8,Master,3.0,Data Scientist,223000.0,6.6,Remote,Large (1000+),Male,29,186000
5.6,High School,4.0,Product Manager,168000.0,7.7,New York,Large (1000+),Male,34,284000
1.6,High School,3.0,Full Stack Developer,139000.0,6.9,Chicago,Large (1000+),Male,27,151000
1.8,Bachelor,6.0,Software Engineer,147000.0,,Seattle,Startup (1-50),Male,24,171000
7.8,Bachelor,9.0,Full Stack Developer,146000.0,7.3,Austin,Startup (1-50),Male,30,174000
3.0,Bachelor,4.0,Frontend Developer,170000.0,3.6,Los Angeles,Large (1000+),Female,23,135000
8.0,High School,7.0,Product Manager,243000.0,6.5,New York,Large (1000+),Male,37,238000
8.6,Bachelor,6.0,Data Scientist,166000.0,10.0,Remote,Small (51-200),Female,22,210000
9.7,Bachelor,16.0,Frontend Developer,116000.0,7.4,Remote,Small (51-200),Female,33,157000
12.4,PhD,10.0,Frontend Developer,218000.0,9.4,New York,Startup (1-50),Male,36,286000
2.8,Bachelor,5.0,DevOps Engineer,210000.0,6.8,Austin,Large (1000+),Male,31,211000
1.9,Master,2.0,DevOps Engineer,152000.0,6.6,Seattle,Startup (1-50),Female,41,182000
4.4,Bachelor,6.0,Data Scientist,134000.0,8.9,Remote,Startup (1-50),Male,22,186000
2.3,High School,3.0,Full Stack Developer,134000.0,7.5,Boston,Medium (201-1000),Female,26,157000
4.6,PhD,13.0,DevOps Engineer,194000.0,10.0,Austin,Startup (1-50),Female,29,235000
6.1,Bachelor,5.0,Engineering Manager,223000.0,8.2,Remote,Large (1000+),Male,38,268000
5.8,Bachelor,11.0,Data Scientist,,8.3,New York,Startup (1-50),Male,34,202000
2.3,Master,4.0,Backend Developer,132000.0,6.8,Remote,Startup (1-50),Male,49,125000
0.9,High School,4.0,Product Manager,119000.0,7.3,Chicago,Small (51-200),Female,26,134000
2.8,Master,6.0,Backend Developer,120000.0,6.9,Chicago,Small (51-200),Female,22,188000
0.8,Bachelor,2.0,Data Analyst,76000.0,5.1,Remote,Startup (1-50),Female,46,79000
11.0,Bachelor,7.0,Data Analyst,133000.0,9.1,Seattle,Small (51-200),Male,22,186000
2.1,High School,7.0,ML Engineer,129000.0,7.8,Los Angeles,Small (51-200),Male,37,157000
0.8,Bachelor,4.0,Backend Developer,186000.0,5.0,Seattle,Large (1000+),Male,24,177000
0.1,Master,,Software Engineer,183000.0,9.1,Boston,Startup (1-50),Female,22,187000
5.2,Master,3.0,Frontend Developer,192000.0,7.3,San Francisco,Large (1000+),Male,29,272000
5.1,Bachelor,5.0,Data Scientist,163000.0,5.9,Los Angeles,Medium (201-1000),Male,39,187000
2.1,High School,3.0,Full Stack Developer,100000.0,6.8,Remote,Startup (1-50),Female,22,118000
0.4,Master,6.0,Frontend Developer,112000.0,7.8,Remote,Startup (1-50),Male,37,120000
2.6,Bachelor,8.0,ML Engineer,221000.0,8.0,San Francisco,Small (51-200),Female,38,248000
1.9,Bachelor,3.0,Data Scientist,123000.0,7.1,Remote,Startup (1-50),Male,22,118000
5.7,Bachelor,6.0,Engineering Manager,214000.0,7.8,Remote,Small (51-200),Male,30,232000
4.7,Bachelor,6.0,Software Engineer,130000.0,5.1,Remote,Startup (1-50),Female,45,152000
2.3,Master,6.0,Software Engineer,239000.0,7.4,New York,Medium (201-1000),Female,37,238000
1.2,PhD,7.0,Data Scientist,235000.0,5.7,Austin,Medium (201-1000),Male,30,198000
22.1,Bachelor,12.0,Engineering Manager,286000.0,10.0,San Francisco,Startup (1-50),Male,35,430000
3.0,Bachelor,2.0,Engineering Manager,203000.0,6.6,Austin,Small (51-200),Male,27,205000
5.8,Bachelor,6.0,Backend Developer,214000.0,10.0,New York,Medium (201-1000),Female,41,288000
0.8,Bachelor,4.0,Product Manager,162000.0,6.0,New York,Startup (1-50),Male,41,164000
3.3,Bachelor,9.0,Data Scientist,232000.0,7.1,San Francisco,Large (1000+),Female,33,233000
0.1,Master,4.0,Engineering Manager,265000.0,6.9,New York,Medium (201-1000),Male,34,297000
3.5,Bachelor,6.0,Software Engineer,204000.0,5.4,San Francisco,Large (1000+),Female,24,236000
16.6,Bachelor,9.0,Software Engineer,162000.0,10.0,Los Angeles,Startup (1-50),Male,22,218000
2.4,Bachelor,4.0,Software Engineer,210000.0,6.1,Austin,Large (1000+),Female,29,190000
0.2,Bachelor,5.0,Frontend Developer,170000.0,7.7,Seattle,Medium (201-1000),Male,31,166000
0.2,High School,2.0,Full Stack Developer,124000.0,8.9,Austin,Medium (201-1000),Male,41,138000
2.5,Master,5.0,ML Engineer,179000.0,7.4,Boston,Small (51-200),Female,39,236000
0.9,Bachelor,8.0,Engineering Manager,180000.0,7.4,Los Angeles,Startup (1-50),Male,33,180000
0.1,Master,7.0,DevOps Engineer,234000.0,,San Francisco,Large (1000+),Male,42,244000
7.1,Bachelor,7.0,Software Engineer,213000.0,5.4,New York,Medium (201-1000),Male,24,195000
3.1,Bachelor,7.0,DevOps Engineer,177000.0,4.4,Los Angeles,Startup (1-50),Male,41,130000
1.7,Bachelor,3.0,Backend Developer,164000.0,4.7,Seattle,Startup (1-50),Female,26,162000
11.5,Bachelor,8.0,Data Analyst,120000.0,10.0,San Francisco,Startup (1-50),Male,42,188000
0.6,High School,,DevOps Engineer,173000.0,6.3,San Francisco,Medium (201-1000),Female,32,159000
15.6,Bachelor,11.0,Frontend Developer,253000.0,9.4,San Francisco,Medium (201-1000),Female,22,335000
1.9,Master,5.0,Data Scientist,188000.0,7.2,Los Angeles,Small (51-200),Female,38,195000
11.0,Master,7.0,Backend Developer,225000.0,5.7,New York,Small (51-200),Male,38,255000
4.6,Bachelor,5.0,Engineering Manager,209000.0,7.8,Los Angeles,Small (51-200),Male,28,238000
8.8,Bachelor,6.0,Software Engineer,156000.0,5.8,Los Angeles,Small (51-200),Female,29,206000
20.7,Bachelor,11.0,Product Manager,259000.0,8.0,Boston,Startup (1-50),Male,31,245000
1.7,Bachelor,8.0,Frontend Developer,179000.0,9.2,San Francisco,Small (51-200),Female,22,211000
16.2,High School,12.0,Data Scientist,244000.0,8.6,San Francisco,Startup (1-50),Male,22,260000
2.5,Master,5.0,Engineering Manager,242000.0,8.6,Austin,Large (1000+),Male,42,299000
2.4,Bachelor,2.0,DevOps Engineer,189000.0,4.8,Seattle,Medium (201-1000),Female,25,169000
2.1,Bachelor,,ML Engineer,263000.0,10.0,Boston,Large (1000+),Female,47,250000
3.9,Bachelor,6.0,Software Engineer,157000.0,8.3,Seattle,Small (51-200),Female,43,190000
0.8,High School,7.0,Data Scientist,141000.0,7.0,Los Angeles,Large (1000+),Female,45,192000
4.0,Master,7.0,Data Analyst,145000.0,8.5,Austin,Medium (201-1000),Female,27,179000
3.9,High School,4.0,Backend Developer,123000.0,6.9,Remote,Small (51-200),Male,22,114000
7.2,High School,6.0,Product Manager,123000.0,7.1,Chicago,Startup (1-50),Non-binary,23,170000
9.0,Master,9.0,Data Scientist,355000.0,9.3,San Francisco,Medium (201-1000),Female,28,376000
2.9,Bachelor,6.0,Software Engineer,193000.0,7.0,New York,Large (1000+),Female,22,236000
1.8,Master,8.0,Software Engineer,196000.0,7.5,San Francisco,Startup (1-50),Male,28,195000
1.5,Bachelor,4.0,Frontend Developer,135000.0,8.9,San Francisco,Startup (1-50),Female,30,158000
1.1,Bachelor,4.0,Engineering Manager,191000.0,6.6,Austin,Medium (201-1000),Male,22,219000
0.3,Master,4.0,Backend Developer,235000.0,7.7,New York,Large (1000+),Male,24,243000
2.1,High School,1.0,Data Scientist,158000.0,4.8,Seattle,Medium (201-1000),Male,30,154000
1.6,Bachelor,5.0,Data Analyst,93000.0,8.4,Los Angeles,Small (51-200),Male,35,133000
17.0,Bachelor,11.0,Full Stack Developer,234000.0,10.0,San Francisco,Small (51-200),Male,25,320000
4.1,Bachelor,6.0,Software Engineer,159000.0,9.6,Austin,Small (51-200),Female,34,182000
2.1,Master,5.0,Data Analyst,192000.0,9.8,San Francisco,Large (1000+),Female,33,238000
4.3,Master,7.0,Data Scientist,270000.0,5.9,New York,Medium (201-1000),Male,32,277000
0.7,PhD,8.0,Software Engineer,181000.0,7.4,Austin,Medium (201-1000),Female,27,183000
2.9,Master,7.0,Data Scientist,168000.0,8.4,Los Angeles,Small (51-200),Male,22,225000
4.9,Bachelor,8.0,DevOps Engineer,198000.0,7.5,Seattle,Large (1000+),Male,46,238000
3.4,Bachelor,6.0,DevOps Engineer,197000.0,6.6,San Francisco,Medium (201-1000),Male,37,217000
2.6,Bachelor,5.0,Data Scientist,209000.0,5.5,Seattle,Large (1000+),Female,40,214000
25.5,Bachelor,11.0,Software Engineer,263000.0,10.0,San Francisco,Medium (201-1000),Male,31,362000
10.6,Bachelor,8.0,Full Stack Developer,285000.0,6.1,New York,Large (1000+),Male,31,276000
4.9,PhD,11.0,Engineering Manager,362000.0,10.0,Boston,Large (1000+),Male,36,413000
4.2,Bachelor,7.0,Full Stack Developer,173000.0,7.8,San Francisco,Small (51-200),Female,22,222000
4.8,Bachelor,8.0,Data Scientist,219000.0,7.7,Seattle,Large (1000+),Female,23,219000
1.1,Bachelor,5.0,Data Scientist,133000.0,8.3,Boston,Startup (1-50),Male,26,165000
2.5,Master,4.0,Data Scientist,218000.0,9.6,Seattle,Medium (201-1000),Male,28,260000
0.2,Master,7.0,Software Engineer,215000.0,3.6,San Francisco,Large (1000+),Female,25,258000
3.2,Master,8.0,Frontend Developer,198000.0,7.7,Los Angeles,Small (51-200),Female,35,150000
3.9,Bachelor,8.0,Backend Developer,151000.0,7.7,Seattle,Medium (201-1000),Male,33,210000
1.3,Master,,Full Stack Developer,139000.0,8.1,Remote,Medium (201-1000),Female,43,181000
16.6,High School,10.0,Backend Developer,212000.0,9.4,New York,Medium (201-1000),Non-binary,52,282000
12.0,Master,9.0,Data Scientist,271000.0,7.6,Austin,Large (1000+),Male,22,293000
6.4,Bachelor,5.0,ML Engineer,232000.0,5.4,Seattle,Medium (201-1000),Female,33,241000
3.8,Bachelor,4.0,Backend Developer,227000.0,5.4,New York,Large (1000+),Male,33,213000
10.2,Bachelor,7.0,ML Engineer,268000.0,5.1,San Francisco,Small (51-200),Female,32,347000
0.7,Master,11.0,Data Scientist,157000.0,7.4,Seattle,Startup (1-50),Male,23,181000
7.8,High School,8.0,ML Engineer,171000.0,8.3,Chicago,Small (51-200),Male,25,166000
0.7,Master,7.0,Data Scientist,179000.0,7.7,Remote,Medium (201-1000),Female,34,215000
7.9,Bachelor,4.0,Software Engineer,215000.0,,San Francisco,Startup (1-50),Female,24,208000
1.6,Bachelor,2.0,Data Analyst,125000.0,7.0,Boston,Medium (201-1000),Male,33,139000
10.5,High School,9.0,Data Analyst,118000.0,10.0,Chicago,Small (51-200),Male,30,142000
14.4,Bachelor,13.0,Data Scientist,156000.0,10.0,Remote,Medium (201-1000),Male,33,255000
0.8,Bachelor,3.0,Software Engineer,147000.0,8.0,San Francisco,Startup (1-50),Female,24,165000
3.1,Bachelor,5.0,Full Stack Developer,138000.0,4.3,Chicago,Medium (201-1000),Female,33,148000
19.8,Master,11.0,Data Scientist,380000.0,10.0,New York,Medium (201-1000),Male,25,415000
3.3,Bachelor,6.0,ML Engineer,214000.0,6.5,Seattle,Large (1000+),Female,33,217000
10.0,PhD,12.0,Software Engineer,271000.0,8.6,Austin,Medium (201-1000),Female,43,268000
4.4,Bachelor,3.0,Data Scientist,184000.0,7.3,Chicago,Medium (201-1000),Male,34,154000
2.4,Master,5.0,Full Stack Developer,192000.0,8.2,Los Angeles,Large (1000+),Female,35,222000
1.7,High School,8.0,Data Analyst,104000.0,6.8,Los Angeles,Medium (201-1000),Male,39,104000
1.1,Bachelor,6.0,Data Scientist,184000.0,6.5,San Francisco,Small (51-200),Female,22,206000
7.2,Bachelor,6.0,ML Engineer,238000.0,8.1,Los Angeles,Large (1000+),Male,46,270000
2.4,Bachelor,4.0,Software Engineer,214000.0,8.5,San Francisco,Medium (201-1000),Male,24,222000
3.6,Master,7.0,Software Engineer,200000.0,9.4,New York,Small (51-200),Male,39,266000
3.4,High School,8.0,Engineering Manager,154000.0,4.7,Austin,Medium (201-1000),Female,38,172000
4.3,High School,3.0,Backend Developer,155000.0,6.1,Austin,Large (1000+),Male,25,139000
10.0,Master,10.0,Frontend Developer,264000.0,9.7,Boston,Large (1000+),Male,40,235000
19.7,Bachelor,10.0,Full Stack Developer,213000.0,6.2,Austin,Large (1000+),Non-binary,36,276000
2.6,Master,6.0,Data Analyst,128000.0,8.4,Los Angeles,Small (51-200),Female,47,144000
8.8,Bachelor,9.0,Data Analyst,140000.0,6.6,New York,Small (51-200),Non-binary,34,184000
7.2,Master,11.0,Software Engineer,228000.0,8.0,New York,Startup (1-50),Male,31,215000
4.3,High School,1.0,Software Engineer,134000.0,5.1,Los Angeles,Startup (1-50),Female,28,127000
15.6,High School,10.0,Backend Developer,222000.0,8.1,San Francisco,Large (1000+),Male,22,230000
1.1,Bachelor,6.0,ML Engineer,152000.0,7.3,Boston,Small (51-200),Male,29,169000
0.6,PhD,4.0,Engineering Manager,239000.0,7.8,Remote,Medium (201-1000),Male,30,263000
9.6,Bachelor,11.0,Backend Developer,160000.0,9.4,Austin,Medium (201-1000),Male,34,227000
2.9,Bachelor,4.0,Engineering Manager,208000.0,8.7,Remote,Medium (201-1000),Male,22,191000
9.4,Master,8.0,Data Scientist,238000.0,,San Francisco,Startup (1-50),Male,30,260000
11.2,PhD,10.0,Data Analyst,193000.0,6.1,Chicago,Small (51-200),Female,37,176000
0.3,Master,4.0,ML Engineer,268000.0,10.0,San Francisco,Small (51-200),Male,37,267000
10.7,PhD,11.0,Engineering Manager,401000.0,9.2,Seattle,Small (51-200),Male,22,429000
3.0,High School,5.0,Software Engineer,194000.0,7.3,San Francisco,Large (1000+),Male,38,218000
3.6,High School,2.0,Frontend Developer,124000.0,7.1,Austin,Large (1000+),Female,30,133000
4.9,Master,6.0,Full Stack Developer,136000.0,7.9,Remote,Small (51-200),Male,31,184000
13.0,Master,9.0,DevOps Engineer,293000.0,7.4,Los Angeles,Large (1000+),Male,22,293000
0.1,Bachelor,4.0,DevOps Engineer,134000.0,8.0,Remote,Small (51-200),Male,44,142000
3.2,Bachelor,6.0,Engineering Manager,218000.0,10.0,Austin,Medium (201-1000),Female,33,245000
5.8,Master,11.0,DevOps Engineer,153000.0,3.7,Los Angeles,Startup (1-50),Male,22,181000
6.4,High School,5.0,Backend Developer,130000.0,8.1,Austin,Medium (201-1000),Male,35,168000
5.9,Bachelor,5.0,Software Engineer,157000.0,,Austin,Small (51-200),Male,35,151000
0.7,Bachelor,6.0,Data Analyst,93000.0,8.3,Boston,Startup (1-50),Female,42,97000
1.8,Bachelor,5.0,Backend Developer,140000.0,8.4,Seattle,Small (51-200),Male,30,188000
2.2,Master,8.0,ML Engineer,164000.0,6.9,Chicago,Small (51-200),Female,32,182000
8.2,Bachelor,11.0,Software Engineer,227000.0,8.1,San Francisco,Medium (201-1000),Male,27,250000
1.6,Master,10.0,Frontend Developer,129000.0,5.0,Austin,Startup (1-50),Female,37,138000
1.2,Bachelor,8.0,Software Engineer,126000.0,3.6,Remote,Medium (201-1000),Female,26,117000
15.8,Bachelor,10.0,Software Engineer,224000.0,8.0,Los Angeles,Medium (201-1000),Female,25,263000
0.0,Master,8.0,Backend Developer,157000.0,6.9,Chicago,Medium (201-1000),Male,31,162000
30.0,Bachelor,15.0,Software Engineer,241000.0,7.8,Austin,Medium (201-1000),Male,22,268000
5.6,High School,6.0,Software Engineer,117000.0,1.3,Boston,Startup (1-50),Male,45,121000
8.8,High School,5.0,Backend Developer,165000.0,5.9,Seattle,Medium (201-1000),Female,47,185000
1.7,Bachelor,3.0,Software Engineer,189000.0,4.8,Seattle,Large (1000+),Female,28,200000
0.1,Bachelor,6.0,Data Scientist,167000.0,7.9,Los Angeles,Medium (201-1000),Male,22,177000
6.7,Master,8.0,Software Engineer,183000.0,9.1,Los Angeles,Medium (201-1000),Female,35,233000
9.0,Master,9.0,Frontend Developer,179000.0,6.3,Chicago,Medium (201-1000),Male,28,215000
6.7,Master,5.0,Backend Developer,236000.0,7.5,San Francisco,Small (51-200),Female,41,236000
0.8,Bachelor,8.0,Full Stack Developer,134000.0,6.6,Chicago,Medium (201-1000),Male,26,150000
7.0,Bachelor,4.0,Data Scientist,225000.0,10.0,Los Angeles,Large (1000+),Male,36,273000
7.3,Bachelor,5.0,Software Engineer,165000.0,7.2,Seattle,Startup (1-50),Male,33,170000
5.4,Bachelor,3.0,Software Engineer,176000.0,7.2,Austin,Large (1000+),Female,27,189000
7.3,High School,8.0,DevOps Engineer,132000.0,6.6,Remote,Startup (1-50),Female,34,123000
9.4,Bachelor,7.0,Product Manager,185000.0,5.1,Austin,Small (51-200),Male,39,206000
4.8,PhD,5.0,Data Scientist,261000.0,8.5,Los Angeles,Large (1000+),Male,33,314000
0.5,Bachelor,6.0,Data Scientist,189000.0,6.7,Seattle,Large (1000+),Male,33,187000
3.3,High School,3.0,Software Engineer,156000.0,5.9,Remote,Large (1000+),Male,25,162000
0.4,Master,6.0,Backend Developer,185000.0,7.2,Remote,Large (1000+),Male,41,177000
2.6,Bachelor,2.0,Backend Developer,153000.0,4.9,Austin,Small (51-200),Female,40,130000
2.6,Master,5.0,Backend Developer,180000.0,10.0,Chicago,Medium (201-1000),Female,29,194000
0.3,Master,9.0,Data Analyst,105000.0,5.1,Austin,Small (51-200),Female,31,111000
2.1,PhD,7.0,DevOps Engineer,206000.0,9.9,Seattle,Small (51-200),Female,43,249000
0.6,Bachelor,4.0,Software Engineer,158000.0,5.8,San Francisco,Small (51-200),Male,23,191000
8.3,Master,10.0,Data Scientist,285000.0,8.0,Seattle,Medium (201-1000),Female,37,353000
14.8,Bachelor,8.0,Backend Developer,210000.0,9.3,Remote,Small (51-200),Male,28,193000
0.4,Master,6.0,Backend Developer,198000.0,6.7,Los Angeles,Large (1000+),Female,46,187000
15.5,Bachelor,10.0,Frontend Developer,283000.0,9.3,New York,Medium (201-1000),Male,33,288000
3.7,Bachelor,7.0,Backend Developer,150000.0,6.7,Seattle,Startup (1-50),Female,42,137000
1.8,Bachelor,5.0,Backend Developer,193000.0,7.6,San Francisco,Medium (201-1000),Male,26,213000
0.4,Bachelor,2.0,Product Manager,129000.0,8.7,Remote,Small (51-200),Male,22,157000
3.5,Master,6.0,Frontend Developer,171000.0,7.1,Los Angeles,Small (51-200),Female,30,176000
7.9,Master,6.0,Full Stack Developer,269000.0,9.2,Boston,Large (1000+),Male,34,251000
6.1,Master,9.0,Data Scientist,236000.0,7.6,Boston,Small (51-200),Male,28,197000
0.3,High School,7.0,Backend Developer,132000.0,9.4,Austin,Large (1000+),Female,38,146000
0.4,Master,6.0,Product Manager,247000.0,6.6,San Francisco,Medium (201-1000),Female,30,267000
2.6,Bachelor,6.0,ML Engineer,165000.0,10.0,Remote,Medium (201-1000),Male,22,172000
1.7,Master,4.0,Full Stack Developer,181000.0,6.3,Boston,Medium (201-1000),Male,36,214000
1.3,PhD,8.0,Full Stack Developer,159000.0,5.3,Remote,Startup (1-50),Male,25,142000
1.6,High School,2.0,Software Engineer,84000.0,4.3,Chicago,Startup (1-50),Female,29,91000
8.1,Master,4.0,Frontend Developer,120000.0,6.7,Remote,Startup (1-50),Male,44,154000
13.2,High School,14.0,Software Engineer,135000.0,8.1,Remote,Small (51-200),Female,46,148000
2.6,Bachelor,5.0,Engineering Manager,157000.0,7.4,Los Angeles,Startup (1-50),Male,27,159000
11.8,Bachelor,8.0,Data Analyst,187000.0,9.5,Los Angeles,Large (1000+),Male,37,224000
1.9,High School,6.0,Software Engineer,124000.0,5.1,Boston,Small (51-200),Male,28,128000
3.2,Master,3.0,Software Engineer,254000.0,10.0,San Francisco,Medium (201-1000),Male,30,263000
1.3,High School,2.0,Frontend Developer,138000.0,8.8,Seattle,Small (51-200),Female,27,132000
5.1,Bachelor,5.0,ML Engineer,162000.0,8.6,Remote,Small (51-200),Male,22,174000
19.3,Bachelor,10.0,Software Engineer,274000.0,10.0,San Francisco,Small (51-200),Non-binary,33,323000
4.6,Master,7.0,Frontend Developer,251000.0,4.8,San Francisco,Medium (201-1000),Male,34,218000
2.2,PhD,9.0,ML Engineer,300000.0,8.8,San Francisco,Small (51-200),Male,27,328000
5.2,Master,8.0,Software Engineer,130000.0,9.3,Remote,Small (51-200),Male,41,178000
0.7,Master,10.0,Data Analyst,123000.0,9.3,Austin,Medium (201-1000),Female,29,136000
11.0,Bachelor,,Product Manager,260000.0,9.0,Seattle,Medium (201-1000),Female,27,281000
3.5,High School,6.0,Full Stack Developer,145000.0,7.5,San Francisco,Startup (1-50),Male,36,190000
3.0,High School,5.0,Data Analyst,83000.0,7.1,Remote,Medium (201-1000),Female,22,100000
4.4,Bachelor,7.0,Data Scientist,184000.0,9.5,New York,Medium (201-1000),Male,39,267000
4.9,Master,6.0,Data Scientist,271000.0,6.0,New York,Medium (201-1000),Female,29,260000
0.4,Bachelor,2.0,Data Scientist,121000.0,7.0,Remote,Small (51-200),Female,40,161000
5.7,Master,4.0,Full Stack Developer,175000.0,4.8,Austin,Small (51-200),Female,42,190000
1.4,Bachelor,9.0,Product Manager,161000.0,6.1,Seattle,Startup (1-50),Female,37,150000
6.3,High School,2.0,Full Stack Developer,172000.0,2.8,Boston,Large (1000+),Female,26,162000
8.6,Bachelor,5.0,Product Manager,209000.0,,New York,Small (51-200),Non-binary,22,235000
8.1,Master,9.0,Backend Developer,196000.0,6.6,Remote,Large (1000+),Male,22,220000
4.0,Master,8.0,ML Engineer,231000.0,6.3,New York,Small (51-200),Male,41,277000
3.7,Master,4.0,DevOps Engineer,237000.0,7.6,San Francisco,Startup (1-50),Female,31,201000
0.8,High School,2.0,Software Engineer,107000.0,4.4,Remote,Small (51-200),Female,27,103000
7.5,PhD,7.0,Software Engineer,222000.0,6.7,Remote,Startup (1-50),Male,31,174000
1.6,Bachelor,5.0,Backend Developer,177000.0,8.1,San Francisco,Large (1000+),Male,41,252000
3.4,High School,8.0,DevOps Engineer,191000.0,5.9,San Francisco,Large (1000+),Female,38,219000
1.7,PhD,7.0,Frontend Developer,168000.0,9.5,Chicago,Medium (201-1000),Female,36,173000
0.7,Bachelor,5.0,Frontend Developer,114000.0,8.9,Remote,Medium (201-1000),Male,37,129000
5.0,Master,5.0,Data Scientist,246000.0,6.0,New York,Medium (201-1000),Male,33,239000
0.3,Bachelor,4.0,DevOps Engineer,144000.0,7.8,Remote,Large (1000+),Male,34,165000
6.9,Bachelor,3.0,DevOps Engineer,192000.0,6.2,San Francisco,Small (51-200),Male,34,229000
1.9,PhD,6.0,ML Engineer,279000.0,6.5,Austin,Medium (201-1000),Female,32,260000
0.0,Bachelor,5.0,Data Analyst,,7.3,San Francisco,Medium (201-1000),Female,38,146000
3.6,Master,7.0,DevOps Engineer,,8.4,Seattle,Large (1000+),Male,35,265000
0.2,Bachelor,4.0,Backend Developer,215000.0,9.1,San Francisco,Large (1000+),Female,25,228000
1.6,Master,7.0,Product Manager,248000.0,7.7,Austin,Large (1000+),Female,36,303000
6.1,Bachelor,9.0,Data Analyst,133000.0,7.9,Seattle,Medium (201-1000),Male,34,146000
0.3,Bachelor,,Product Manager,174000.0,6.6,Seattle,Startup (1-50),Female,37,138000
9.1,Bachelor,5.0,Data Scientist,230000.0,10.0,San Francisco,Small (51-200),Female,31,271000
0.0,Bachelor,3.0,Software Engineer,202000.0,8.5,Seattle,Medium (201-1000),Female,38,174000
1.4,PhD,6.0,Data Scientist,204000.0,8.0,Remote,Medium (201-1000),Male,32,202000
6.8,Bachelor,4.0,Data Scientist,157000.0,9.3,Seattle,Startup (1-50),Female,38,208000
1.9,Bachelor,7.0,Product Manager,162000.0,7.4,Remote,Small (51-200),Male,28,141000
0.5,Bachelor,5.0,Backend Developer,147000.0,8.1,Seattle,Startup (1-50),Male,29,139000
2.2,Bachelor,5.0,Software Engineer,169000.0,8.8,Seattle,Large (1000+),Male,37,214000
1.6,Master,12.0,Software Engineer,154000.0,7.4,Austin,Startup (1-50),Male,29,152000
9.2,PhD,6.0,Software Engineer,296000.0,8.1,Los Angeles,Medium (201-1000),Male,50,285000
1.9,Bachelor,3.0,Backend Developer,179000.0,8.0,San Francisco,Small (51-200),Male,37,187000
7.8,Master,7.0,Full Stack Developer,216000.0,8.6,San Francisco,Small (51-200),Female,32,259000
11.1,Bachelor,6.0,Data Analyst,191000.0,6.9,Boston,Large (1000+),Female,39,186000
2.8,Bachelor,6.0,Product Manager,162000.0,8.2,Los Angeles,Startup (1-50),Male,28,170000
12.0,Master,9.0,Data Scientist,206000.0,6.9,Los Angeles,Startup (1-50),Male,39,251000
2.4,Bachelor,5.0,Data Scientist,132000.0,5.9,Austin,Startup (1-50),Female,39,126000
16.6,Master,17.0,Data Scientist,299000.0,7.9,Seattle,Small (51-200),Male,42,324000
0.5,Master,4.0,ML Engineer,197000.0,7.1,Boston,Medium (201-1000),Male,28,233000
5.8,Bachelor,5.0,Product Manager,178000.0,9.6,Austin,Small (51-200),Female,22,211000
3.4,PhD,9.0,Frontend Developer,235000.0,8.8,Boston,Medium (201-1000),Male,27,244000
2.5,Master,6.0,Full Stack Developer,163000.0,8.5,Chicago,Startup (1-50),Male,30,143000
5.0,Bachelor,6.0,DevOps Engineer,164000.0,9.7,Remote,Large (1000+),Male,45,209000
6.1,Master,10.0,Software Engineer,184000.0,6.5,Austin,Large (1000+),Male,50,232000
0.0,Bachelor,6.0,Software Engineer,168000.0,,Seattle,Large (1000+),Female,35,207000
0.9,PhD,5.0,Frontend Developer,229000.0,9.8,Boston,Large (1000+),Male,32,246000
6.2,Master,9.0,Full Stack Developer,190000.0,8.2,Seattle,Small (51-200),Male,29,223000
5.5,High School,6.0,Data Scientist,179000.0,8.5,Seattle,Small (51-200),Female,39,200000
16.9,Bachelor,8.0,Full Stack Developer,259000.0,9.2,San Francisco,Medium (201-1000),Male,50,306000
7.2,Master,8.0,Data Analyst,150000.0,8.6,San Francisco,Startup (1-50),Male,46,164000
15.1,High School,,ML Engineer,187000.0,6.5,Austin,Small (51-200),Female,41,188000
6.1,High School,2.0,Full Stack Developer,125000.0,6.9,Chicago,Startup (1-50),Female,41,127000
1.8,Bachelor,5.0,ML Engineer,170000.0,7.9,New York,Small (51-200),Male,39,208000
0.6,Bachelor,6.0,Backend Developer,146000.0,8.2,Austin,Medium (201-1000),Male,32,156000
7.6,Bachelor,8.0,Full Stack Developer,184000.0,6.2,New York,Startup (1-50),Female,26,212000
5.2,Bachelor,3.0,Engineering Manager,211000.0,7.1,San Francisco,Startup (1-50),Male,32,231000
0.2,Bachelor,8.0,ML Engineer,185000.0,5.4,Los Angeles,Medium (201-1000),Male,35,155000
2.2,Master,7.0,ML Engineer,159000.0,6.5,Chicago,Startup (1-50),Male,22,182000
15.7,Bachelor,9.0,Software Engineer,265000.0,8.8,San Francisco,Large (1000+),Male,31,331000
3.5,Bachelor,9.0,Data Scientist,128000.0,7.9,Remote,Startup (1-50),Male,25,131000
2.8,Bachelor,6.0,Backend Developer,167000.0,8.8,New York,Medium (201-1000),Male,40,210000
3.1,Bachelor,6.0,Product Manager,,8.0,Los Angeles,Small (51-200),Female,28,186000
1.2,High School,5.0,ML Engineer,,5.8,New York,Startup (1-50),Male,35,142000
2.3,High School,,Software Engineer,143000.0,6.9,New York,Small (51-200),Male,26,164000
2.3,High School,1.0,Data Scientist,142000.0,9.8,Austin,Small (51-200),Male,45,145000
0.3,Master,8.0,DevOps Engineer,180000.0,5.8,Chicago,Large (1000+),Female,22,173000
7.3,Master,7.0,Data Scientist,255000.0,6.1,San Francisco,Medium (201-1000),Male,36,255000
2.7,Master,5.0,Data Scientist,153000.0,6.8,Remote,Startup (1-50),Male,22,127000
8.6,Master,9.0,Full Stack Developer,231000.0,9.6,San Francisco,Startup (1-50),Male,28,268000
9.5,Master,8.0,Software Engineer,180000.0,9.7,Los Angeles,Small (51-200),Male,34,222000
1.2,Bachelor,4.0,Frontend Developer,161000.0,8.3,San Francisco,Startup (1-50),Female,34,159000
5.4,Master,10.0,Full Stack Developer,215000.0,6.2,Los Angeles,Small (51-200),Female,34,226000
3.2,High School,5.0,Data Scientist,170000.0,7.2,Austin,Large (1000+),Male,33,180000
10.6,Master,13.0,Backend Developer,220000.0,5.7,Seattle,Small (51-200),Female,27,229000
1.2,Master,7.0,Backend Developer,212000.0,8.2,Los Angeles,Medium (201-1000),Male,31,200000
5.7,Bachelor,7.0,Backend Developer,180000.0,7.5,Los Angeles,Medium (201-1000),Male,32,224000
4.7,Bachelor,7.0,DevOps Engineer,175000.0,6.9,Remote,Large (1000+),Male,34,159000
1.7,Bachelor,3.0,ML Engineer,220000.0,6.7,San Francisco,Startup (1-50),Female,31,194000
0.7,Master,4.0,Data Analyst,150000.0,5.1,Austin,Medium (201-1000),Male,38,142000
5.3,Master,7.0,Full Stack Developer,183000.0,5.4,Austin,Large (1000+),Male,33,220000
6.7,Master,8.0,ML Engineer,182000.0,7.7,Austin,Startup (1-50),Male,34,236000
1.9,Bachelor,4.0,Software Engineer,148000.0,10.0,Austin,Small (51-200),Male,29,158000
5.2,Master,5.0,Software Engineer,303000.0,7.6,San Francisco,Large (1000+),Female,24,269000
2.5,Bachelor,,Software Engineer,126000.0,7.0,Remote,Medium (201-1000),Female,33,177000
6.2,Master,7.0,Frontend Developer,164000.0,8.1,Remote,Small (51-200),Female,42,171000
1.1,Bachelor,6.0,Software Engineer,183000.0,5.6,San Francisco,Medium (201-1000),Female,36,206000
11.0,Bachelor,10.0,ML Engineer,240000.0,6.4,Boston,Small (51-200),Female,25,259000
1.7,Bachelor,7.0,Full Stack Developer,131000.0,5.9,Austin,Small (51-200),Male,39,157000
2.3,Master,8.0,Data Scientist,127000.0,8.4,Remote,Small (51-200),Male,29,185000
0.3,PhD,4.0,Full Stack Developer,185000.0,8.6,San Francisco,Small (51-200),Male,38,255000
0.6,High School,1.0,Full Stack Developer,122000.0,6.6,Boston,Medium (201-1000),Male,29,149000
3.6,High School,7.0,Data Scientist,171000.0,8.5,New York,Medium (201-1000),Male,35,197000
1.6,PhD,9.0,Full Stack Developer,216000.0,10.0,Austin,Large (1000+),Male,28,279000
9.0,Bachelor,7.0,Full Stack Developer,130000.0,8.5,Remote,Startup (1-50),Male,28,152000
0.1,Master,8.0,ML Engineer,193000.0,5.4,Remote,Large (1000+),Male,22,211000
2.4,Bachelor,8.0,Data Scientist,186000.0,4.0,San Francisco,Small (51-200),Female,36,198000
2.1,High School,3.0,Frontend Developer,119000.0,4.6,Boston,Small (51-200),Male,35,97000
0.1,Master,7.0,Product Manager,,8.5,Los Angeles,Large (1000+),Male,35,257000
0.7,Master,5.0,Backend Developer,189000.0,6.1,San Francisco,Small (51-200),Female,34,198000
2.7,Bachelor,3.0,Software Engineer,129000.0,7.8,Chicago,Startup (1-50),Male,26,151000
3.4,Bachelor,5.0,Backend Developer,123000.0,6.9,Remote,Startup (1-50),Male,40,140000
2.6,Master,6.0,DevOps Engineer,153000.0,8.4,Remote,Small (51-200),Male,40,177000
3.8,High School,2.0,Frontend Developer,129000.0,8.2,New York,Medium (201-1000),Female,26,179000
4.5,Master,4.0,Full Stack Developer,,6.5,New York,Large (1000+),Female,36,243000
0.0,Bachelor,8.0,Frontend Developer,130000.0,8.6,Los Angeles,Medium (201-1000),Female,39,154000
3.1,Bachelor,3.0,Data Analyst,161000.0,6.1,Seattle,Large (1000+),Male,28,175000
16.6,PhD,12.0,Full Stack Developer,413000.0,8.6,San Francisco,Medium (201-1000),Male,30,427000
3.7,Master,7.0,Backend Developer,206000.0,9.1,Boston,Large (1000+),Male,36,265000
5.7,Bachelor,9.0,Software Engineer,180000.0,7.7,San Francisco,Startup (1-50),Female,22,197000
1.9,Master,8.0,Data Analyst,140000.0,7.9,Remote,Large (1000+),Female,23,144000
7.4,Bachelor,7.0,Product Manager,183000.0,6.0,Boston,Small (51-200),Male,24,218000
7.4,Bachelor,7.0,Software Engineer,185000.0,6.6,Chicago,Large (1000+),Female,22,157000
3.7,PhD,7.0,DevOps Engineer,139000.0,9.3,Remote,Startup (1-50),Male,41,196000
18.7,Master,12.0,Data Scientist,399000.0,10.0,San Francisco,Medium (201-1000),Non-binary,22,375000
0.7,Master,3.0,Full Stack Developer,229000.0,10.0,Seattle,Medium (201-1000),Female,35,228000
0.1,Bachelor,3.0,Full Stack Developer,146000.0,6.5,Remote,Large (1000+),Male,38,141000
7.4,High School,10.0,Software Engineer,159000.0,5.3,Seattle,Medium (201-1000),Female,30,160000
8.2,High School,5.0,Data Analyst,113000.0,10.0,Los Angeles,Small (51-200),Male,27,150000
0.6,Bachelor,5.0,Software Engineer,118000.0,7.5,Remote,Medium (201-1000),Male,34,159000
1.5,Master,5.0,Full Stack Developer,193000.0,7.3,San Francisco,Small (51-200),Female,32,212000
0.1,Bachelor,6.0,DevOps Engineer,114000.0,6.6,Chicago,Startup (1-50),Male,40,150000
1.7,Master,6.0,ML Engineer,202000.0,5.8,San Francisco,Startup (1-50),Male,22,236000
7.4,High School,5.0,Software Engineer,161000.0,9.3,San Francisco,Startup (1-50),Female,25,184000
3.6,Bachelor,5.0,Software Engineer,139000.0,9.1,Remote,Small (51-200),Female,36,133000
2.1,Bachelor,3.0,Backend Developer,154000.0,10.0,Chicago,Large (1000+),Male,32,182000
2.3,Bachelor,4.0,Frontend Developer,170000.0,8.5,Austin,Large (1000+),Male,38,167000
0.0,High School,2.0,Software Engineer,129000.0,6.7,New York,Startup (1-50),Female,34,125000
1.8,PhD,9.0,Software Engineer,176000.0,10.0,Seattle,Startup (1-50),Male,31,228000
5.2,Bachelor,4.0,Software Engineer,167000.0,10.0,New York,Startup (1-50),Female,30,193000
18.3,PhD,15.0,Full Stack Developer,324000.0,10.0,New York,Small (51-200),Male,51,453000
9.4,Bachelor,10.0,Full Stack Developer,180000.0,8.8,New York,Startup (1-50),Male,44,210000
0.1,PhD,7.0,Software Engineer,198000.0,8.6,Boston,Small (51-200),Male,36,195000
11.4,Bachelor,9.0,Frontend Developer,151000.0,7.0,Los Angeles,Medium (201-1000),Male,33,217000
7.6,PhD,9.0,Software Engineer,285000.0,10.0,New York,Medium (201-1000),Female,36,345000
7.6,High School,7.0,Product Manager,203000.0,8.0,San Francisco,Small (51-200),Male,39,240000
3.1,Master,7.0,Product Manager,189000.0,9.3,Chicago,Small (51-200),Male,35,211000
2.5,PhD,7.0,Backend Developer,198000.0,,Remote,Medium (201-1000),Female,26,189000
1.8,High School,2.0,Product Manager,165000.0,7.8,Los Angeles,Large (1000+),Male,46,188000
0.3,High School,5.0,Data Analyst,117000.0,7.8,San Francisco,Small (51-200),Male,34,110000
1.3,Bachelor,8.0,Data Analyst,125000.0,5.1,San Francisco,Startup (1-50),Male,48,118000
1.4,PhD,9.0,Frontend Developer,168000.0,6.3,Austin,Small (51-200),Male,33,162000
3.3,Bachelor,8.0,Data Scientist,134000.0,9.3,Boston,Startup (1-50),Male,30,177000
6.9,Bachelor,8.0,Data Scientist,192000.0,6.5,Austin,Small (51-200),Male,43,185000
3.2,High School,8.0,ML Engineer,142000.0,4.4,Boston,Startup (1-50),Male,34,145000
0.3,High School,5.0,Backend Developer,135000.0,3.6,San Francisco,Small (51-200),Female,33,122000
15.8,Master,11.0,Software Engineer,179000.0,8.9,Austin,Startup (1-50),Male,22,193000
14.3,High School,8.0,Data Scientist,136000.0,7.5,Remote,Medium (201-1000),Female,37,182000
7.7,Master,6.0,DevOps Engineer,241000.0,8.4,Seattle,Startup (1-50),Female,28,232000
23.7,PhD,11.0,Data Scientist,307000.0,7.4,Remote,Medium (201-1000),Male,28,374000
3.9,Bachelor,6.0,Frontend Developer,124000.0,9.0,Seattle,Startup (1-50),Male,28,164000
16.5,Master,14.0,Product Manager,249000.0,6.9,New York,Startup (1-50),Male,36,340000
0.4,High School,6.0,Full Stack Developer,163000.0,4.5,New York,Large (1000+),Male,22,163000
2.3,Master,5.0,Backend Developer,,8.2,Seattle,Medium (201-1000),Female,30,222000
1.3,Bachelor,5.0,Frontend Developer,153000.0,6.9,San Francisco,Startup (1-50),Female,40,150000
1.1,Master,4.0,DevOps Engineer,175000.0,8.0,Remote,Medium (201-1000),Female,22,196000
0.8,Bachelor,2.0,Software Engineer,130000.0,5.0,Chicago,Medium (201-1000),Female,33,159000
4.9,Bachelor,5.0,Product Manager,190000.0,8.1,Seattle,Small (51-200),Male,27,202000
7.6,Bachelor,9.0,Data Scientist,226000.0,5.2,San Francisco,Small (51-200),Male,29,232000
4.3,Bachelor,4.0,Software Engineer,186000.0,3.7,Los Angeles,Large (1000+),Male,45,161000
0.8,Master,7.0,Full Stack Developer,181000.0,9.9,New York,Startup (1-50),Female,22,232000
8.3,Bachelor,11.0,Software Engineer,246000.0,9.1,San Francisco,Small (51-200),Female,38,251000
5.1,Master,8.0,ML Engineer,237000.0,8.0,Seattle,Small (51-200),Male,28,260000
2.5,Bachelor,6.0,Software Engineer,134000.0,3.4,Remote,Medium (201-1000),Male,28,120000
5.6,Master,8.0,Software Engineer,226000.0,6.8,New York,Large (1000+),Male,23,276000
1.5,High School,1.0,Software Engineer,156000.0,7.2,Boston,Large (1000+),Female,38,164000
2.1,Bachelor,8.0,Software Engineer,164000.0,7.0,Seattle,Medium (201-1000),Female,30,172000
12.5,Bachelor,12.0,Backend Developer,277000.0,10.0,San Francisco,Large (1000+),Male,29,332000
1.7,Master,5.0,Data Analyst,168000.0,8.4,New York,Medium (201-1000),Male,33,170000
3.2,Bachelor,,ML Engineer,197000.0,5.2,Remote,Medium (201-1000),Male,31,175000
11.0,Master,9.0,Data Analyst,203000.0,5.8,Boston,Large (1000+),Male,22,193000
6.2,Master,6.0,Data Scientist,234000.0,10.0,San Francisco,Startup (1-50),Female,28,274000
0.3,Bachelor,9.0,ML Engineer,204000.0,8.0,San Francisco,Medium (201-1000),Male,39,236000
0.8,Master,6.0,Software Engineer,,8.4,Boston,Medium (201-1000),Female,22,214000
0.0,High School,7.0,Backend Developer,137000.0,9.1,Chicago,Large (1000+),Male,23,143000
5.0,Bachelor,7.0,ML Engineer,294000.0,7.6,New York,Large (1000+),Male,29,291000
3.0,Master,5.0,Backend Developer,201000.0,7.1,Boston,Large (1000+),Male,26,211000
0.7,Master,8.0,Full Stack Developer,,7.9,San Francisco,Large (1000+),Female,32,272000
15.8,Master,13.0,Frontend Developer,288000.0,10.0,New York,Small (51-200),Female,23,320000
3.8,Bachelor,7.0,Backend Developer,182000.0,8.4,San Francisco,Startup (1-50),Male,29,193000
1.4,Bachelor,4.0,Product Manager,125000.0,7.1,Remote,Startup (1-50),Male,32,135000
3.5,High School,4.0,Data Scientist,170000.0,8.6,Seattle,Small (51-200),Male,37,172000
5.7,Master,6.0,ML Engineer,197000.0,8.9,Chicago,Small (51-200),Male,42,212000
0.4,Bachelor,3.0,Full Stack Developer,124000.0,7.4,Remote,Small (51-200),Female,30,124000
1.6,Master,6.0,Backend Developer,124000.0,7.5,Chicago,Small (51-200),Male,47,152000
8.2,Bachelor,6.0,Software Engineer,274000.0,7.6,New York,Large (1000+),Male,31,293000
3.1,Bachelor,9.0,ML Engineer,180000.0,7.3,San Francisco,Small (51-200),Female,39,211000
4.0,Bachelor,5.0,DevOps Engineer,229000.0,6.5,Los Angeles,Large (1000+),Male,47,184000
2.8,High School,4.0,ML Engineer,186000.0,8.8,Remote,Large (1000+),Male,33,176000
0.2,Bachelor,4.0,Software Engineer,98000.0,6.9,Chicago,Small (51-200),Male,22,126000
0.9,Master,5.0,Product Manager,261000.0,9.2,San Francisco,Small (51-200),Female,33,250000
2.9,Master,8.0,Full Stack Developer,201000.0,8.9,Seattle,Medium (201-1000),Female,27,229000
1.2,Bachelor,5.0,DevOps Engineer,,6.1,Remote,Medium (201-1000),Male,30,139000
0.3,Bachelor,3.0,Backend Developer,141000.0,9.2,San Francisco,Small (51-200),Female,48,176000
9.3,High School,8.0,Product Manager,141000.0,7.3,Austin,Startup (1-50),Male,22,150000
19.9,Master,11.0,Software Engineer,245000.0,8.2,Seattle,Small (51-200),Female,34,315000
7.9,High School,7.0,Data Scientist,159000.0,8.0,San Francisco,Startup (1-50),Female,25,174000
9.6,PhD,12.0,Frontend Developer,281000.0,8.8,New York,Small (51-200),Female,30,306000
1.4,Bachelor,5.0,Full Stack Developer,187000.0,10.0,New York,Small (51-200),Female,38,187000
16.2,Bachelor,11.0,Software Engineer,298000.0,9.2,San Francisco,Medium (201-1000),Male,35,345000
1.1,PhD,8.0,Engineering Manager,293000.0,6.7,Boston,Large (1000+),Female,30,309000
15.1,High School,15.0,DevOps Engineer,214000.0,10.0,New York,Medium (201-1000),Female,27,309000
26.3,Bachelor,14.0,ML Engineer,,6.0,New York,Large (1000+),Male,35,395000
6.2,Bachelor,8.0,Data Scientist,191000.0,6.6,Chicago,Medium (201-1000),Female,46,175000
19.9,Bachelor,11.0,Software Engineer,320000.0,7.6,Seattle,Medium (201-1000),Female,25,371000
4.2,Bachelor,7.0,Full Stack Developer,195000.0,6.7,Seattle,Small (51-200),Male,47,174000
1.5,Master,4.0,Engineering Manager,193000.0,8.3,Remote,Small (51-200),Male,42,206000
2.9,Master,6.0,ML Engineer,254000.0,8.1,Los Angeles,Large (1000+),Female,43,260000
4.5,High School,3.0,Engineering Manager,,7.5,San Francisco,Large (1000+),Female,34,295000
0.4,PhD,8.0,Data Analyst,162000.0,8.2,Seattle,Small (51-200),Female,41,146000
4.9,Bachelor,3.0,DevOps Engineer,184000.0,6.5,Boston,Startup (1-50),Female,24,166000
19.9,Bachelor,13.0,Backend Developer,258000.0,10.0,New York,Medium (201-1000),Female,27,299000
1.1,Bachelor,5.0,DevOps Engineer,122000.0,4.7,Remote,Small (51-200),Female,38,125000
7.9,High School,5.0,Frontend Developer,116000.0,4.4,Los Angeles,Startup (1-50),Male,34,129000
11.9,High School,6.0,Software Engineer,190000.0,8.7,Los Angeles,Large (1000+),Female,31,215000
14.4,PhD,10.0,Backend Developer,311000.0,8.6,New York,Small (51-200),Male,22,366000
16.1,Bachelor,7.0,Software Engineer,263000.0,10.0,New York,Medium (201-1000),Male,29,288000
3.7,High School,4.0,Data Analyst,108000.0,8.7,Los Angeles,Large (1000+),Male,23,128000
18.9,High School,8.0,Data Analyst,138000.0,8.7,Seattle,Small (51-200),Male,36,162000
7.1,Master,5.0,Data Scientist,218000.0,6.3,New York,Small (51-200),Male,30,303000
0.9,Master,2.0,ML Engineer,164000.0,,Remote,Small (51-200),Male,27,186000
3.2,Bachelor,3.0,DevOps Engineer,205000.0,6.2,New York,Small (51-200),Male,53,183000
6.3,High School,5.0,Frontend Developer,172000.0,8.6,New York,Medium (201-1000),Male,40,187000
1.4,Bachelor,4.0,Data Scientist,150000.0,6.2,Chicago,Small (51-200),Male,40,147000
5.1,High School,2.0,Frontend Developer,122000.0,8.2,San Francisco,Startup (1-50),Female,50,149000
5.5,High School,6.0,Data Scientist,144000.0,7.0,San Francisco,Startup (1-50),Female,38,160000
0.9,Bachelor,5.0,Software Engineer,169000.0,8.8,New York,Small (51-200),Female,26,211000
4.2,Bachelor,10.0,Software Engineer,184000.0,7.7,Boston,Small (51-200),Male,25,196000
7.4,Bachelor,11.0,Software Engineer,246000.0,6.6,San Francisco,Medium (201-1000),Female,40,249000
3.5,Bachelor,5.0,Full Stack Developer,136000.0,6.3,Austin,Small (51-200),Male,22,156000
0.1,PhD,9.0,Engineering Manager,283000.0,5.6,Boston,Startup (1-50),Male,31,230000
0.0,PhD,5.0,DevOps Engineer,139000.0,4.4,Chicago,Small (51-200),Female,22,157000
2.2,Bachelor,8.0,Frontend Developer,191000.0,8.2,New York,Large (1000+),Female,33,203000
13.0,Bachelor,10.0,Software Engineer,159000.0,7.2,Chicago,Startup (1-50),Female,39,200000
1.3,Bachelor,6.0,Frontend Developer,166000.0,4.7,New York,Medium (201-1000),Female,34,174000
5.0,Bachelor,7.0,Software Engineer,160000.0,8.2,Remote,Medium (201-1000),Male,40,155000
1.3,Master,8.0,Backend Developer,185000.0,5.8,Seattle,Medium (201-1000),Female,48,186000
1.9,Bachelor,4.0,Product Manager,155000.0,6.3,San Francisco,Startup (1-50),Female,31,195000
9.4,Master,8.0,Software Engineer,210000.0,6.2,Remote,Large (1000+),Female,54,233000
6.5,PhD,7.0,Full Stack Developer,281000.0,7.9,New York,Medium (201-1000),Female,34,325000
0.5,Bachelor,4.0,Software Engineer,224000.0,7.0,San Francisco,Large (1000+),Male,40,193000
2.8,Bachelor,1.0,ML Engineer,197000.0,7.9,Seattle,Startup (1-50),Male,27,194000
0.1,High School,3.0,Software Engineer,103000.0,6.1,Remote,Medium (201-1000),Male,45,126000
3.3,Bachelor,5.0,ML Engineer,270000.0,7.7,New York,Medium (201-1000),Male,40,224000
5.4,Bachelor,3.0,Software Engineer,187000.0,4.5,San Francisco,Small (51-200),Male,44,220000
0.6,Bachelor,7.0,ML Engineer,190000.0,10.0,San Francisco,Small (51-200),Male,32,242000
1.7,Master,8.0,ML Engineer,197000.0,8.2,Austin,Medium (201-1000),Female,22,231000
2.5,Bachelor,6.0,Data Scientist,129000.0,9.8,Seattle,Startup (1-50),Female,36,173000
12.6,Bachelor,11.0,Backend Developer,226000.0,7.3,New York,Medium (201-1000),Female,22,251000
25.0,Master,12.0,Product Manager,357000.0,7.2,San Francisco,Startup (1-50),Male,29,345000
0.2,Master,4.0,ML Engineer,191000.0,6.8,Seattle,Startup (1-50),Male,34,171000
7.2,Bachelor,9.0,Software Engineer,164000.0,7.0,Remote,Medium (201-1000),Female,51,171000
2.3,Master,4.0,Data Scientist,149000.0,6.2,Remote,Startup (1-50),Male,35,139000
2.5,Bachelor,2.0,Data Analyst,138000.0,10.0,Chicago,Large (1000+),Female,33,154000
7.0,Bachelor,3.0,Frontend Developer,205000.0,6.4,San Francisco,Large (1000+),Female,31,187000
12.5,High School,12.0,DevOps Engineer,202000.0,6.6,Los Angeles,Medium (201-1000),Male,22,198000
15.1,Bachelor,10.0,Software Engineer,,9.1,New York,Large (1000+),Female,33,315000
4.3,Master,7.0,DevOps Engineer,207000.0,5.2,Los Angeles,Large (1000+),Male,33,226000
2.2,Master,6.0,Data Scientist,225000.0,7.8,New York,Small (51-200),Female,24,287000
7.7,Master,7.0,Product Manager,254000.0,7.3,Austin,Large (1000+),Male,23,319000
1.4,Bachelor,4.0,Product Manager,146000.0,7.4,Seattle,Startup (1-50),Male,28,165000
4.2,High School,4.0,Software Engineer,129000.0,8.3,Seattle,Small (51-200),Female,33,160000
2.2,High School,5.0,Frontend Developer,110000.0,10.0,Chicago,Medium (201-1000),Female,28,128000
5.3,Bachelor,5.0,Data Scientist,157000.0,6.4,Remote,Medium (201-1000),Female,24,174000
1.4,Master,6.0,ML Engineer,196000.0,6.5,Los Angeles,Startup (1-50),Male,34,193000
1.1,Master,3.0,Data Analyst,126000.0,8.3,Boston,Small (51-200),Female,36,129000
12.5,Bachelor,7.0,Frontend Developer,200000.0,8.2,Seattle,Medium (201-1000),Female,33,273000
0.5,Bachelor,5.0,ML Engineer,223000.0,7.1,San Francisco,Small (51-200),Female,27,228000
3.5,Bachelor,8.0,Data Scientist,208000.0,5.4,Los Angeles,Medium (201-1000),Female,37,197000
1.2,Bachelor,3.0,Data Analyst,104000.0,9.9,Austin,Medium (201-1000),Female,30,138000
0.2,Bachelor,5.0,Backend Developer,92000.0,7.6,Remote,Startup (1-50),Female,22,105000
0.2,High School,6.0,DevOps Engineer,127000.0,4.2,Seattle,Startup (1-50),Female,40,124000
1.0,Bachelor,2.0,Data Scientist,,8.9,Austin,Medium (201-1000),Male,35,180000
10.1,High School,10.0,ML Engineer,169000.0,5.8,Los Angeles,Small (51-200),Male,31,164000
1.7,Bachelor,9.0,Engineering Manager,235000.0,8.9,San Francisco,Startup (1-50),Female,22,244000
15.0,High School,11.0,Frontend Developer,178000.0,6.4,New York,Small (51-200),Female,26,182000
4.4,Master,8.0,ML Engineer,309000.0,9.0,San Francisco,Small (51-200),Female,48,283000
2.9,Bachelor,2.0,Frontend Developer,108000.0,4.6,Remote,Startup (1-50),Male,22,111000
4.3,PhD,12.0,Full Stack Developer,251000.0,6.3,San Francisco,Small (51-200),Male,30,257000
3.6,Bachelor,7.0,ML Engineer,299000.0,7.8,San Francisco,Medium (201-1000),Male,32,264000
7.1,Bachelor,7.0,Software Engineer,223000.0,6.0,New York,Medium (201-1000),Male,35,249000
1.7,Bachelor,5.0,Frontend Developer,142000.0,6.6,Austin,Large (1000+),Male,22,134000
2.2,High School,5.0,Backend Developer,106000.0,5.1,Seattle,Startup (1-50),Female,33,128000
11.2,Master,9.0,Full Stack Developer,246000.0,7.8,San Francisco,Small (51-200),Male,22,297000
14.6,High School,12.0,Product Manager,214000.0,9.7,Los Angeles,Medium (201-1000),Male,33,255000
11.2,PhD,10.0,ML Engineer,337000.0,10.0,Los Angeles,Medium (201-1000),Male,27,377000
2.7,Master,7.0,Software Engineer,191000.0,8.9,New York,Medium (201-1000),Non-binary,25,268000
7.6,Bachelor,9.0,Engineering Manager,216000.0,9.3,Remote,Medium (201-1000),Female,39,279000
3.2,Bachelor,9.0,DevOps Engineer,206000.0,3.8,Boston,Medium (201-1000),Male,30,168000
3.4,Master,11.0,Backend Developer,182000.0,7.0,New York,Startup (1-50),Non-binary,36,189000
1.1,Bachelor,6.0,Backend Developer,202000.0,6.6,New York,Medium (201-1000),Male,36,194000
4.5,Master,6.0,Frontend Developer,149000.0,6.0,Austin,Medium (201-1000),Male,42,153000
1.0,High School,3.0,Data Scientist,167000.0,4.0,Seattle,Large (1000+),Female,22,160000
2.0,High School,4.0,Full Stack Developer,163000.0,8.5,New York,Medium (201-1000),Male,39,189000
9.7,Bachelor,9.0,Data Analyst,142000.0,5.6,Chicago,Medium (201-1000),Female,32,134000
1.2,Bachelor,5.0,Frontend Developer,115000.0,5.0,Austin,Small (51-200),Female,29,116000
0.4,Master,6.0,DevOps Engineer,182000.0,6.3,Remote,Large (1000+),Female,23,178000
0.4,High School,3.0,Software Engineer,182000.0,6.6,San Francisco,Large (1000+),Male,37,173000
14.1,Master,13.0,Software Engineer,236000.0,7.2,Austin,Medium (201-1000),Male,25,261000
3.5,Bachelor,8.0,ML Engineer,241000.0,5.0,New York,Medium (201-1000),Male,36,220000
2.6,Bachelor,4.0,Data Scientist,143000.0,5.6,Austin,Startup (1-50),Male,47,160000
8.3,Bachelor,8.0,Engineering Manager,206000.0,9.9,Remote,Medium (201-1000),Male,40,244000
9.0,Bachelor,4.0,Full Stack Developer,165000.0,5.0,Remote,Medium (201-1000),Male,43,182000
2.0,Bachelor,8.0,Backend Developer,148000.0,7.3,Seattle,Medium (201-1000),Female,26,173000
5.9,Bachelor,6.0,Frontend Developer,100000.0,7.1,Remote,Startup (1-50),Female,38,130000
7.4,Master,8.0,Software Engineer,219000.0,6.8,Los Angeles,Medium (201-1000),Male,23,243000
5.3,Bachelor,3.0,Engineering Manager,184000.0,5.4,Boston,Small (51-200),Male,30,256000
0.8,Bachelor,4.0,ML Engineer,215000.0,8.2,San Francisco,Medium (201-1000),Male,46,253000
10.4,Master,8.0,Software Engineer,170000.0,9.3,Remote,Startup (1-50),Male,27,189000
3.9,Master,7.0,DevOps Engineer,248000.0,7.9,San Francisco,Medium (201-1000),Male,41,277000
1.7,Bachelor,8.0,Data Analyst,124000.0,5.8,Chicago,Small (51-200),Male,40,118000
2.8,Bachelor,5.0,Product Manager,151000.0,6.8,Austin,Startup (1-50),Female,41,156000
0.2,Master,6.0,Software Engineer,186000.0,7.9,Seattle,Medium (201-1000),Female,22,189000
0.7,Bachelor,5.0,Product Manager,185000.0,6.7,San Francisco,Startup (1-50),Male,36,177000
7.3,Bachelor,6.0,Data Scientist,191000.0,7.8,Seattle,Medium (201-1000),Female,31,237000
0.0,Bachelor,8.0,Software Engineer,183000.0,5.8,Los Angeles,Large (1000+),Male,41,178000
2.7,Master,7.0,Data Analyst,179000.0,2.3,San Francisco,Large (1000+),Female,22,150000
3.7,High School,5.0,Data Analyst,94000.0,7.0,Austin,Startup (1-50),Male,35,87000
0.3,PhD,8.0,Frontend Developer,207000.0,8.7,Los Angeles,Large (1000+),Male,34,229000
18.1,High School,10.0,Frontend Developer,192000.0,7.7,Seattle,Small (51-200),Male,22,203000
1.3,Master,5.0,Data Analyst,153000.0,7.4,Seattle,Large (1000+),Male,25,176000
1.8,Bachelor,2.0,Full Stack Developer,149000.0,6.0,Boston,Medium (201-1000),Female,22,174000
1.8,Bachelor,5.0,Product Manager,143000.0,6.5,Seattle,Startup (1-50),Non-binary,26,171000
1.3,Master,5.0,Frontend Developer,155000.0,7.5,San Francisco,Small (51-200),Female,36,186000
0.0,Bachelor,5.0,Engineering Manager,216000.0,9.3,San Francisco,Small (51-200),Male,34,275000
6.5,Bachelor,6.0,Engineering Manager,238000.0,9.8,Boston,Medium (201-1000),Female,33,291000
17.0,High School,8.0,Software Engineer,196000.0,9.4,Los Angeles,Small (51-200),Female,24,216000
1.3,High School,3.0,Data Analyst,110000.0,6.9,San Francisco,Medium (201-1000),Female,41,118000
5.4,Bachelor,6.0,DevOps Engineer,269000.0,5.4,New York,Medium (201-1000),Female,32,221000
6.8,Master,8.0,ML Engineer,263000.0,8.9,Seattle,Large (1000+),Female,32,345000
9.4,High School,5.0,Backend Developer,144000.0,8.2,Chicago,Large (1000+),Female,40,182000
2.7,High School,7.0,Software Engineer,128000.0,8.0,New York,Small (51-200),Female,24,156000
1.8,Bachelor,8.0,Frontend Developer,134000.0,7.7,Chicago,Medium (201-1000),Male,34,161000
2.0,Master,8.0,Data Analyst,178000.0,7.0,San Francisco,Large (1000+),Male,35,207000
6.2,Master,6.0,Data Scientist,242000.0,7.6,Los Angeles,Large (1000+),Female,28,269000
8.5,Bachelor,7.0,DevOps Engineer,162000.0,9.4,Austin,Startup (1-50),Female,37,183000
1.0,High School,1.0,Product Manager,130000.0,5.2,Remote,Small (51-200),Male,36,111000
2.3,PhD,4.0,DevOps Engineer,193000.0,5.5,Seattle,Small (51-200),Non-binary,31,209000
11.6,Bachelor,7.0,ML Engineer,189000.0,6.5,Remote,Small (51-200),Male,31,230000
8.2,Master,9.0,DevOps Engineer,246000.0,8.4,San Francisco,Startup (1-50),Male,36,253000
21.0,Master,13.0,Frontend Developer,254000.0,8.0,San Francisco,Small (51-200),Male,38,413000
7.0,Master,8.0,Backend Developer,290000.0,7.6,Seattle,Medium (201-1000),Female,33,224000
2.5,Bachelor,6.0,Data Analyst,128000.0,4.9,Chicago,Small (51-200),Male,41,103000
4.5,Master,5.0,DevOps Engineer,178000.0,8.2,Remote,Medium (201-1000),Male,37,207000
5.4,Master,5.0,Data Analyst,107000.0,6.2,Austin,Startup (1-50),Male,22,126000
0.4,Bachelor,3.0,Frontend Developer,145000.0,7.4,Boston,Large (1000+),Male,22,152000
3.9,Bachelor,6.0,ML Engineer,269000.0,4.1,San Francisco,Large (1000+),Female,41,226000
6.2,Bachelor,7.0,Backend Developer,168000.0,6.1,Chicago,Medium (201-1000),Male,30,168000
0.9,High School,6.0,Full Stack Developer,105000.0,4.6,Remote,Large (1000+),Female,33,112000
7.6,Bachelor,6.0,Frontend Developer,111000.0,7.9,Remote,Startup (1-50),Female,41,151000
4.4,Bachelor,4.0,Software Engineer,189000.0,6.2,Seattle,Medium (201-1000),Male,32,192000
15.2,Bachelor,10.0,Software Engineer,157000.0,9.4,Los Angeles,Startup (1-50),Female,32,224000
0.2,Bachelor,2.0,Data Scientist,133000.0,8.0,Chicago,Small (51-200),Male,25,151000
1.5,Bachelor,6.0,Data Scientist,170000.0,9.2,Boston,Small (51-200),Male,35,187000
4.6,Master,6.0,Backend Developer,204000.0,8.3,Seattle,Medium (201-1000),Female,37,265000
1.8,PhD,9.0,Software Engineer,183000.0,5.5,Boston,Small (51-200),Female,27,217000
6.3,Bachelor,5.0,Full Stack Developer,190000.0,8.7,Boston,Medium (201-1000),Male,25,221000
7.1,Bachelor,8.0,Data Scientist,207000.0,10.0,Seattle,Small (51-200),Male,53,253000
0.5,High School,7.0,Data Scientist,166000.0,6.4,New York,Large (1000+),Female,31,207000
3.6,Master,8.0,Frontend Developer,199000.0,9.5,Seattle,Medium (201-1000),Female,27,217000
3.6,Master,6.0,Data Scientist,185000.0,7.8,Boston,Startup (1-50),Male,38,175000
2.3,PhD,7.0,Product Manager,247000.0,5.4,Seattle,Small (51-200),Male,32,247000
13.5,Bachelor,9.0,Software Engineer,280000.0,7.5,New York,Large (1000+),Male,23,342000
8.8,PhD,8.0,DevOps Engineer,208000.0,7.5,Remote,Small (51-200),Male,36,200000
6.0,High School,10.0,Data Analyst,98000.0,5.8,Austin,Small (51-200),Male,25,98000
6.3,Master,6.0,Backend Developer,235000.0,6.5,San Francisco,Medium (201-1000),Male,45,254000
3.1,High School,6.0,Data Scientist,162000.0,5.2,Seattle,Small (51-200),Male,36,140000
12.7,Master,7.0,DevOps Engineer,206000.0,,Chicago,Small (51-200),Female,30,254000
5.9,Bachelor,5.0,Full Stack Developer,149000.0,4.3,Remote,Small (51-200),Male,33,126000
6.5,Master,8.0,Engineering Manager,281000.0,6.5,New York,Startup (1-50),Female,39,278000
9.9,Master,11.0,Product Manager,211000.0,8.3,Los Angeles,Small (51-200),Male,33,283000
1.6,Bachelor,12.0,ML Engineer,179000.0,6.5,San Francisco,Startup (1-50),Male,49,164000
8.2,High School,4.0,Engineering Manager,194000.0,8.5,Los Angeles,Small (51-200),Male,41,207000
1.1,Master,6.0,Software Engineer,194000.0,6.4,New York,Small (51-200),Female,36,224000
2.1,Bachelor,2.0,Software Engineer,224000.0,7.6,San Francisco,Large (1000+),Male,25,220000
2.0,High School,5.0,Data Analyst,114000.0,4.7,Seattle,Medium (201-1000),Male,31,88000
19.2,Bachelor,11.0,Software Engineer,261000.0,5.2,Seattle,Medium (201-1000),Male,36,276000
9.7,Bachelor,7.0,Software Engineer,147000.0,7.5,Austin,Startup (1-50),Male,25,171000
6.0,High School,6.0,Data Scientist,130000.0,4.2,Remote,Startup (1-50),Male,42,115000
6.5,Bachelor,7.0,DevOps Engineer,195000.0,7.6,Chicago,Large (1000+),Female,24,211000
4.1,High School,3.0,Full Stack Developer,156000.0,5.2,Seattle,Medium (201-1000),Male,27,175000
14.7,Bachelor,9.0,Backend Developer,179000.0,7.0,Seattle,Startup (1-50),Female,28,196000
3.4,Master,6.0,Data Scientist,237000.0,9.5,San Francisco,Small (51-200),Female,38,270000
2.4,PhD,4.0,Frontend Developer,215000.0,8.6,San Francisco,Small (51-200),Male,26,236000
0.9,Master,4.0,Product Manager,197000.0,5.8,Boston,Large (1000+),Female,22,246000
7.7,Bachelor,8.0,Data Analyst,126000.0,6.6,San Francisco,Startup (1-50),Female,41,160000
6.6,PhD,7.0,ML Engineer,273000.0,7.8,Remote,Medium (201-1000),Female,28,277000
2.4,Bachelor,3.0,Engineering Manager,215000.0,3.9,Austin,Medium (201-1000),Male,23,233000
0.1,Bachelor,5.0,Full Stack Developer,190000.0,7.0,San Francisco,Large (1000+),Female,26,224000
9.1,PhD,9.0,Software Engineer,253000.0,9.9,Austin,Large (1000+),Female,46,353000
0.1,Master,4.0,Software Engineer,178000.0,7.0,San Francisco,Small (51-200),Male,27,191000
6.1,Master,5.0,Software Engineer,213000.0,6.3,Seattle,Medium (201-1000),Male,31,225000
17.6,Master,9.0,Full Stack Developer,257000.0,6.7,Remote,Medium (201-1000),Female,28,301000
2.9,Bachelor,3.0,Software Engineer,176000.0,8.5,Seattle,Medium (201-1000),Female,22,183000
1.3,Bachelor,2.0,Frontend Developer,209000.0,6.4,San Francisco,Large (1000+),Male,26,213000
6.1,Master,,Software Engineer,231000.0,7.4,Remote,Large (1000+),Female,22,240000
8.5,Bachelor,,Product Manager,205000.0,5.9,San Francisco,Startup (1-50),Male,40,246000
4.0,Bachelor,6.0,ML Engineer,124000.0,10.0,Remote,Startup (1-50),Male,33,149000
17.1,Master,12.0,Product Manager,297000.0,8.9,Austin,Medium (201-1000),Male,52,332000
0.3,Master,,Product Manager,180000.0,8.4,Seattle,Small (51-200),Female,26,230000
3.5,Bachelor,8.0,Software Engineer,125000.0,7.6,Chicago,Startup (1-50),Female,25,146000
6.3,Master,5.0,DevOps Engineer,174000.0,3.0,Remote,Small (51-200),Male,44,158000
9.9,Master,10.0,Software Engineer,362000.0,7.9,San Francisco,Large (1000+),Female,40,324000
1.0,Master,7.0,Product Manager,201000.0,5.5,New York,Startup (1-50),Male,35,191000
8.0,Bachelor,7.0,Frontend Developer,151000.0,8.8,Chicago,Medium (201-1000),Female,23,175000
4.0,Bachelor,7.0,Software Engineer,180000.0,5.6,San Francisco,Startup (1-50),Male,46,157000
2.5,Bachelor,4.0,Software Engineer,139000.0,7.4,Austin,Startup (1-50),Male,31,136000
0.7,High School,4.0,ML Engineer,137000.0,8.3,Remote,Small (51-200),Female,29,157000
10.0,Bachelor,7.0,Product Manager,173000.0,8.8,Boston,Startup (1-50),Male,41,218000
0.9,Bachelor,6.0,Backend Developer,161000.0,7.0,Remote,Large (1000+),Female,32,134000
1.9,Bachelor,5.0,Data Analyst,143000.0,6.2,Remote,Large (1000+),Male,23,115000
1.7,PhD,7.0,ML Engineer,239000.0,7.1,Remote,Medium (201-1000),Male,32,259000
10.3,High School,7.0,Software Engineer,146000.0,5.7,Chicago,Startup (1-50),Male,26,116000
5.6,Master,7.0,Engineering Manager,247000.0,7.7,Boston,Small (51-200),Female,22,287000
8.0,Master,5.0,Software Engineer,228000.0,10.0,Seattle,Startup (1-50),Male,25,249000
1.4,High School,3.0,Product Manager,125000.0,4.6,Austin,Small (51-200),Female,28,117000
4.9,PhD,7.0,ML Engineer,208000.0,7.9,Remote,Small (51-200),Female,23,237000
4.2,Bachelor,5.0,Software Engineer,149000.0,7.2,Chicago,Medium (201-1000),Male,37,158000
8.9,Bachelor,7.0,Backend Developer,167000.0,8.2,New York,Startup (1-50),Male,26,184000
11.8,Master,8.0,Engineering Manager,336000.0,7.2,New York,Small (51-200),Male,36,394000
0.1,Bachelor,5.0,Engineering Manager,197000.0,5.2,Los Angeles,Large (1000+),Female,22,253000
5.6,Master,7.0,Software Engineer,181000.0,6.3,Boston,Small (51-200),Male,39,198000
0.3,High School,7.0,Software Engineer,157000.0,3.4,San Francisco,Large (1000+),Male,22,166000
4.0,Master,6.0,Frontend Developer,198000.0,8.3,Remote,Large (1000+),Male,22,200000
1.7,Bachelor,5.0,Backend Developer,163000.0,7.4,Los Angeles,Small (51-200),Female,42,153000
1.8,Master,5.0,Full Stack Developer,197000.0,7.5,Chicago,Small (51-200),Female,25,157000
2.2,Bachelor,4.0,Software Engineer,140000.0,5.4,Remote,Medium (201-1000),Female,46,131000
4.9,Master,9.0,Engineering Manager,257000.0,7.7,New York,Startup (1-50),Female,37,267000
2.0,Master,4.0,Backend Developer,159000.0,7.2,Chicago,Small (51-200),Male,38,156000
6.6,Bachelor,6.0,Data Analyst,115000.0,7.2,Austin,Medium (201-1000),Male,40,138000
2.6,Master,5.0,Frontend Developer,130000.0,6.4,Chicago,Small (51-200),Female,33,137000
0.4,Bachelor,4.0,ML Engineer,147000.0,9.7,New York,Startup (1-50),Female,33,198000
7.7,Master,6.0,Engineering Manager,379000.0,6.2,San Francisco,Medium (201-1000),Male,42,351000
1.7,Bachelor,6.0,Frontend Developer,128000.0,8.7,Austin,Medium (201-1000),Male,33,166000
2.8,Master,6.0,Data Analyst,151000.0,4.6,New York,Startup (1-50),Female,26,129000
5.8,Master,5.0,Engineering Manager,206000.0,10.0,Remote,Small (51-200),Male,37,279000
2.0,Bachelor,5.0,Backend Developer,126000.0,3.1,Los Angeles,Startup (1-50),Male,22,117000
0.3,Bachelor,4.0,Frontend Developer,109000.0,6.8,Remote,Small (51-200),Female,43,112000
2.3,Bachelor,4.0,Software Engineer,151000.0,5.9,Chicago,Medium (201-1000),Female,43,150000
14.5,Master,10.0,Software Engineer,259000.0,8.9,Seattle,Medium (201-1000),Male,42,321000
5.1,Bachelor,7.0,Data Scientist,183000.0,7.1,Remote,Medium (201-1000),Male,41,182000
5.6,Bachelor,5.0,Software Engineer,130000.0,8.1,Chicago,Startup (1-50),Male,31,154000
5.0,Master,5.0,Data Scientist,160000.0,4.5,Remote,Startup (1-50),Female,31,146000
1.1,Bachelor,6.0,Data Scientist,134000.0,8.0,Austin,Startup (1-50),Non-binary,22,144000
2.7,Master,4.0,ML Engineer,189000.0,8.0,Boston,Small (51-200),Female,46,235000
7.0,Bachelor,6.0,DevOps Engineer,156000.0,5.7,Remote,Startup (1-50),Male,28,111000
0.5,High School,5.0,Software Engineer,131000.0,6.1,New York,Small (51-200),Male,35,150000
1.6,Master,6.0,Software Engineer,148000.0,6.1,Chicago,Startup (1-50),Female,34,131000
1.6,High School,1.0,Backend Developer,139000.0,7.1,Los Angeles,Medium (201-1000),Male,22,136000
2.8,Bachelor,3.0,Frontend Developer,141000.0,7.7,Seattle,Medium (201-1000),Female,22,171000
19.7,Master,10.0,DevOps Engineer,247000.0,8.6,Remote,Medium (201-1000),Female,32,319000
0.3,Bachelor,5.0,Backend Developer,111000.0,7.6,Remote,Startup (1-50),Male,28,123000
3.7,PhD,8.0,Data Analyst,152000.0,9.7,Remote,Large (1000+),Female,31,184000
1.0,PhD,6.0,DevOps Engineer,218000.0,5.2,Austin,Large (1000+),Male,41,218000
17.6,Bachelor,10.0,Backend Developer,170000.0,10.0,Chicago,Startup (1-50),Female,34,207000
0.6,High School,1.0,Engineering Manager,183000.0,7.8,Seattle,Medium (201-1000),Male,38,208000
2.6,Master,9.0,Data Analyst,,7.0,San Francisco,Large (1000+),Female,36,218000
6.7,Bachelor,5.0,DevOps Engineer,158000.0,10.0,Chicago,Small (51-200),Female,29,243000
6.1,High School,5.0,Backend Developer,113000.0,6.6,Remote,Small (51-200),Male,24,122000
2.7,Master,8.0,Software Engineer,142000.0,5.5,Chicago,Small (51-200),Male,34,166000
2.1,High School,,Frontend Developer,145000.0,7.5,San Francisco,Small (51-200),Male,33,142000
2.5,Master,4.0,Engineering Manager,218000.0,6.6,San Francisco,Small (51-200),Male,39,275000
1.5,High School,4.0,Frontend Developer,138000.0,9.6,Los Angeles,Large (1000+),Female,31,146000
1.1,High School,3.0,Product Manager,183000.0,7.5,San Francisco,Medium (201-1000),Male,30,221000
3.3,Bachelor,7.0,ML Engineer,134000.0,7.5,Chicago,Startup (1-50),Male,30,169000
1.6,PhD,4.0,Engineering Manager,219000.0,7.6,Chicago,Medium (201-1000),Male,25,267000
1.7,Master,8.0,Frontend Developer,152000.0,9.0,Remote,Medium (201-1000),Female,44,171000
5.3,Master,14.0,Software Engineer,,6.9,San Francisco,Startup (1-50),Female,41,231000
17.3,Bachelor,13.0,Frontend Developer,169000.0,8.2,Remote,Small (51-200),Male,22,215000
4.6,Bachelor,8.0,Data Scientist,155000.0,6.6,Chicago,Large (1000+),Female,38,205000
0.4,Bachelor,3.0,Software Engineer,175000.0,5.6,Seattle,Medium (201-1000),Female,22,169000
0.4,Bachelor,6.0,Data Analyst,113000.0,8.9,Seattle,Startup (1-50),Male,40,130000
15.1,Bachelor,10.0,Data Scientist,209000.0,9.0,Seattle,Startup (1-50),Female,26,233000
1.8,Master,5.0,Full Stack Developer,186000.0,8.5,San Francisco,Small (51-200),Male,35,197000
0.5,Bachelor,7.0,Data Scientist,145000.0,6.7,Chicago,Small (51-200),Male,22,161000
4.6,PhD,7.0,Software Engineer,181000.0,6.9,Chicago,Small (51-200),Male,22,194000
4.9,Bachelor,8.0,Engineering Manager,253000.0,7.9,Los Angeles,Medium (201-1000),Male,36,289000
5.2,PhD,9.0,ML Engineer,228000.0,7.3,Boston,Startup (1-50),Female,26,290000
1.6,High School,4.0,Backend Developer,74000.0,5.9,Remote,Startup (1-50),Male,25,109000
0.1,Bachelor,2.0,Backend Developer,123000.0,7.8,New York,Small (51-200),Male,43,134000
16.8,Bachelor,8.0,Frontend Developer,139000.0,7.2,Remote,Startup (1-50),Male,50,179000
1.4,Bachelor,9.0,Product Manager,212000.0,6.3,Boston,Large (1000+),Female,39,202000
5.6,Bachelor,3.0,Backend Developer,132000.0,8.6,Los Angeles,Startup (1-50),Female,23,152000
6.1,Bachelor,8.0,ML Engineer,201000.0,7.5,Chicago,Medium (201-1000),Male,46,218000
4.7,Bachelor,6.0,Data Analyst,111000.0,9.3,Los Angeles,Small (51-200),Female,22,132000
1.9,Master,8.0,Software Engineer,188000.0,9.0,Chicago,Small (51-200),Female,30,187000
1.6,Master,8.0,Frontend Developer,150000.0,5.8,Chicago,Medium (201-1000),Male,32,174000
4.6,Master,7.0,Engineering Manager,301000.0,6.6,San Francisco,Small (51-200),Female,47,307000
10.1,Bachelor,9.0,Backend Developer,157000.0,5.8,Chicago,Medium (201-1000),Male,39,187000
14.7,Master,8.0,Data Analyst,172000.0,7.1,Boston,Small (51-200),Male,28,193000
0.6,Bachelor,3.0,Backend Developer,169000.0,9.3,Seattle,Medium (201-1000),Male,24,193000
0.8,Bachelor,3.0,Data Analyst,141000.0,5.8,San Francisco,Medium (201-1000),Male,40,162000
14.5,Bachelor,11.0,Product Manager,161000.0,7.3,Remote,Medium (201-1000),Non-binary,28,248000
6.7,Bachelor,7.0,Data Scientist,,3.8,New York,Medium (201-1000),Male,34,220000
10.7,High School,4.0,Software Engineer,197000.0,5.2,Seattle,Medium (201-1000),Female,22,212000
1.1,Bachelor,3.0,DevOps Engineer,167000.0,5.3,Remote,Large (1000+),Male,37,150000
4.4,High School,5.0,Full Stack Developer,148000.0,7.0,Los Angeles,Small (51-200),Female,36,139000
6.0,Master,9.0,Data Scientist,207000.0,7.1,Chicago,Medium (201-1000),Male,22,211000
5.7,Master,5.0,Software Engineer,231000.0,,Seattle,Startup (1-50),Female,40,186000
2.6,PhD,4.0,ML Engineer,251000.0,6.4,Seattle,Small (51-200),Male,36,240000
0.1,Master,6.0,Engineering Manager,198000.0,9.6,New York,Small (51-200),Female,38,291000
4.4,High School,5.0,Backend Developer,170000.0,6.8,Seattle,Large (1000+),Female,29,181000
1.5,Master,6.0,ML Engineer,263000.0,8.6,San Francisco,Small (51-200),Female,33,247000
3.0,Master,6.0,Software Engineer,166000.0,,Los Angeles,Medium (201-1000),Male,33,187000
15.8,Bachelor,7.0,ML Engineer,217000.0,8.7,Boston,Startup (1-50),Male,31,228000
2.5,Bachelor,4.0,Software Engineer,204000.0,5.1,San Francisco,Small (51-200),Female,33,214000
9.2,PhD,16.0,Software Engineer,282000.0,6.6,Seattle,Large (1000+),Male,42,363000
1.0,Bachelor,5.0,Product Manager,134000.0,5.2,Austin,Startup (1-50),Male,41,129000
5.6,PhD,7.0,Engineering Manager,260000.0,9.7,Austin,Startup (1-50),Male,23,291000
18.9,High School,10.0,Software Engineer,197000.0,8.2,San Francisco,Small (51-200),Male,40,245000
0.5,Bachelor,5.0,Software Engineer,154000.0,5.8,Los Angeles,Medium (201-1000),Male,42,170000
0.0,Bachelor,6.0,ML Engineer,171000.0,6.3,New York,Small (51-200),Female,31,205000
2.8,Bachelor,8.0,DevOps Engineer,185000.0,7.4,San Francisco,Small (51-200),Male,36,186000
0.5,Master,10.0,Data Scientist,239000.0,5.9,San Francisco,Medium (201-1000),Male,36,220000
6.9,PhD,,Data Scientist,272000.0,7.7,Boston,Small (51-200),Male,25,272000
12.3,Bachelor,8.0,Data Scientist,283000.0,7.4,San Francisco,Medium (201-1000),Male,29,344000
2.8,High School,10.0,Full Stack Developer,132000.0,6.5,San Francisco,Startup (1-50),Female,38,142000
1.5,Master,6.0,Full Stack Developer,203000.0,4.5,Seattle,Small (51-200),Male,28,194000
2.8,Master,7.0,Backend Developer,201000.0,8.2,Boston,Medium (201-1000),Female,40,218000
6.4,Bachelor,5.0,ML Engineer,231000.0,6.1,San Francisco,Large (1000+),Male,42,276000
0.0,Bachelor,7.0,Product Manager,218000.0,2.9,New York,Medium (201-1000),Male,41,174000
4.5,Master,8.0,Engineering Manager,289000.0,7.5,Seattle,Medium (201-1000),Male,48,333000
4.8,Master,5.0,Software Engineer,220000.0,8.5,San Francisco,Small (51-200),Male,31,270000
5.1,Bachelor,6.0,Data Scientist,167000.0,8.5,Austin,Startup (1-50),Female,33,183000
1.4,Bachelor,5.0,Frontend Developer,142000.0,8.4,San Francisco,Startup (1-50),Male,35,165000
6.3,PhD,10.0,Software Engineer,341000.0,8.3,San Francisco,Large (1000+),Female,32,369000
0.5,Master,,DevOps Engineer,219000.0,7.0,Austin,Large (1000+),Female,36,245000
1.1,Bachelor,6.0,Frontend Developer,185000.0,6.4,New York,Large (1000+),Female,22,232000
10.5,Bachelor,8.0,Frontend Developer,191000.0,8.6,San Francisco,Startup (1-50),Male,34,214000
6.7,Master,8.0,ML Engineer,259000.0,7.5,Seattle,Small (51-200),Male,22,233000
0.1,Bachelor,8.0,Frontend Developer,146000.0,4.7,Los Angeles,Medium (201-1000),Female,24,137000
1.4,Bachelor,3.0,Engineering Manager,200000.0,6.2,Remote,Medium (201-1000),Female,38,192000
1.2,Bachelor,8.0,Data Scientist,140000.0,7.3,Chicago,Medium (201-1000),Female,30,152000
1.6,Bachelor,7.0,Backend Developer,131000.0,5.2,Chicago,Medium (201-1000),Male,38,140000
1.4,Master,6.0,Software Engineer,146000.0,8.4,Los Angeles,Small (51-200),Female,30,171000
0.3,High School,1.0,Software Engineer,110000.0,6.9,Remote,Startup (1-50),Female,41,101000
3.1,Master,9.0,Frontend Developer,126000.0,5.6,Boston,Startup (1-50),Male,30,159000
6.6,Bachelor,8.0,Software Engineer,185000.0,5.7,Seattle,Startup (1-50),Female,22,175000
4.7,High School,7.0,Software Engineer,171000.0,7.1,San Francisco,Small (51-200),Male,34,192000
5.6,High School,5.0,Software Engineer,98000.0,8.7,Remote,Startup (1-50),Male,22,129000
0.4,PhD,5.0,Frontend Developer,147000.0,8.2,Los Angeles,Small (51-200),Female,22,197000
15.1,Master,10.0,Full Stack Developer,275000.0,9.3,Seattle,Medium (201-1000),Male,25,370000
9.1,Bachelor,14.0,Data Scientist,194000.0,8.5,Remote,Large (1000+),Male,24,222000
8.2,Master,10.0,Backend Developer,226000.0,7.8,Austin,Large (1000+),Male,28,243000
8.7,Master,11.0,Software Engineer,175000.0,6.4,Seattle,Small (51-200),Male,24,227000
13.5,PhD,14.0,Backend Developer,232000.0,7.5,Seattle,Startup (1-50),Male,22,252000
3.9,Bachelor,5.0,ML Engineer,142000.0,8.2,Austin,Startup (1-50),Non-binary,44,170000
1.1,Master,8.0,Backend Developer,233000.0,7.6,Seattle,Large (1000+),Male,27,239000
4.8,High School,3.0,Engineering Manager,162000.0,7.9,Remote,Small (51-200),Male,22,185000
6.8,Bachelor,4.0,Product Manager,146000.0,,Chicago,Startup (1-50),Female,29,145000
6.7,PhD,9.0,Software Engineer,272000.0,6.1,Chicago,Large (1000+),Male,23,285000
3.7,Bachelor,6.0,Product Manager,194000.0,5.0,New York,Small (51-200),Male,25,216000
0.4,Bachelor,10.0,Software Engineer,151000.0,5.1,Chicago,Large (1000+),Male,38,154000
2.3,High School,3.0,Engineering Manager,202000.0,5.6,New York,Small (51-200),Male,28,178000
12.7,Master,,Data Scientist,305000.0,4.0,New York,Small (51-200),Male,23,249000
4.4,Master,6.0,ML Engineer,182000.0,10.0,Remote,Small (51-200),Male,36,247000
3.9,Bachelor,9.0,Software Engineer,250000.0,4.1,New York,Large (1000+),Male,41,226000
1.6,PhD,5.0,Software Engineer,264000.0,6.6,San Francisco,Large (1000+),Female,36,316000
2.3,High School,6.0,Full Stack Developer,136000.0,8.3,Seattle,Medium (201-1000),Male,22,167000
11.3,Bachelor,6.0,Product Manager,191000.0,8.2,Remote,Startup (1-50),Female,23,209000
5.5,PhD,9.0,Backend Developer,228000.0,5.8,New York,Small (51-200),Female,32,218000
7.7,Bachelor,10.0,Full Stack Developer,226000.0,9.1,Boston,Large (1000+),Male,30,227000
3.0,Bachelor,4.0,Full Stack Developer,155000.0,9.5,Remote,Medium (201-1000),Female,29,183000
5.0,Bachelor,7.0,Data Scientist,203000.0,6.9,Remote,Medium (201-1000),Male,24,165000
1.4,Master,5.0,Software Engineer,147000.0,8.2,Chicago,Small (51-200),Male,22,168000
6.1,High School,,Software Engineer,159000.0,5.5,Seattle,Small (51-200),Male,48,134000
2.8,PhD,6.0,ML Engineer,255000.0,8.1,San Francisco,Small (51-200),Female,32,246000
2.9,Master,7.0,Data Scientist,230000.0,8.3,New York,Medium (201-1000),Male,37,251000
5.2,Bachelor,8.0,Software Engineer,193000.0,6.1,Seattle,Large (1000+),Male,32,211000
13.8,Master,9.0,Software Engineer,212000.0,10.0,Remote,Small (51-200),Male,32,224000
0.3,Bachelor,5.0,Software Engineer,186000.0,7.3,San Francisco,Small (51-200),Female,32,191000
8.7,Bachelor,9.0,Product Manager,238000.0,10.0,New York,Small (51-200),Male,23,304000
1.7,Master,4.0,Software Engineer,121000.0,6.2,Remote,Startup (1-50),Male,22,142000
2.9,PhD,7.0,Frontend Developer,175000.0,9.7,Remote,Large (1000+),Male,35,201000
0.1,High School,4.0,Frontend Developer,87000.0,4.8,Remote,Small (51-200),Female,34,95000
1.8,Bachelor,6.0,Frontend Developer,151000.0,7.8,Chicago,Large (1000+),Male,40,146000
3.5,Bachelor,3.0,Software Engineer,125000.0,2.2,Remote,Medium (201-1000),Male,38,149000
0.3,Bachelor,5.0,Data Scientist,139000.0,5.4,Remote,Medium (201-1000),Female,26,144000
3.4,Bachelor,2.0,Software Engineer,173000.0,7.8,Seattle,Large (1000+),Male,41,205000
13.1,High School,13.0,ML Engineer,221000.0,8.9,Los Angeles,Medium (201-1000),Female,38,250000
0.6,Master,7.0,Software Engineer,168000.0,4.9,Austin,Large (1000+),Female,38,184000
7.2,Bachelor,5.0,Frontend Developer,198000.0,7.4,New York,Startup (1-50),Female,50,191000
2.6,Bachelor,4.0,Backend Developer,204000.0,8.5,New York,Medium (201-1000),Male,48,179000
5.3,Master,6.0,Frontend Developer,160000.0,9.3,Remote,Medium (201-1000),Male,38,180000
1.5,Master,9.0,DevOps Engineer,180000.0,8.3,Los Angeles,Small (51-200),Male,37,201000
0.9,Bachelor,5.0,ML Engineer,232000.0,10.0,San Francisco,Medium (201-1000),Female,41,279000
0.9,Bachelor,4.0,Data Analyst,129000.0,4.7,San Francisco,Medium (201-1000),Non-binary,27,180000
0.4,Master,4.0,Data Scientist,216000.0,6.9,Chicago,Large (1000+),Male,27,225000
1.0,Bachelor,3.0,Full Stack Developer,141000.0,7.6,Los Angeles,Small (51-200),Female,37,147000
5.5,Bachelor,4.0,Full Stack Developer,192000.0,5.5,New York,Medium (201-1000),Female,25,245000
10.7,Master,8.0,ML Engineer,281000.0,7.8,Seattle,Small (51-200),Male,37,316000
8.4,High School,6.0,Data Scientist,136000.0,10.0,Remote,Medium (201-1000),Male,33,207000
5.8,High School,5.0,DevOps Engineer,180000.0,8.0,New York,Small (51-200),Male,25,197000
0.6,High School,3.0,Software Engineer,124000.0,3.2,Chicago,Medium (201-1000),Male,32,123000
1.7,Bachelor,4.0,Software Engineer,165000.0,8.0,San Francisco,Small (51-200),Female,42,214000
1.9,High School,3.0,Software Engineer,149000.0,7.3,San Francisco,Startup (1-50),Female,33,154000
1.4,PhD,9.0,Software Engineer,212000.0,4.5,New York,Startup (1-50),Male,33,184000
3.6,Bachelor,6.0,Frontend Developer,143000.0,6.5,New York,Startup (1-50),Male,35,151000
3.8,High School,5.0,Data Analyst,139000.0,3.8,San Francisco,Medium (201-1000),Male,36,115000
2.2,Bachelor,6.0,Data Scientist,,7.2,San Francisco,Large (1000+),Female,29,250000
2.2,PhD,7.0,Product Manager,177000.0,6.8,Remote,Startup (1-50),Female,35,196000
8.8,Bachelor,8.0,Engineering Manager,220000.0,4.7,San Francisco,Startup (1-50),Male,24,267000
7.8,Bachelor,9.0,Engineering Manager,230000.0,7.6,Los Angeles,Small (51-200),Female,26,239000
1.8,Master,6.0,Data Analyst,161000.0,5.4,Seattle,Medium (201-1000),Male,27,163000
12.3,Bachelor,7.0,ML Engineer,178000.0,10.0,Remote,Startup (1-50),Male,36,194000
15.3,Bachelor,13.0,Software Engineer,276000.0,8.2,New York,Small (51-200),Non-binary,33,283000
2.0,Bachelor,1.0,Frontend Developer,131000.0,6.8,New York,Startup (1-50),Male,31,168000
2.2,Bachelor,7.0,Frontend Developer,147000.0,7.8,Boston,Small (51-200),Male,38,141000
3.5,Bachelor,5.0,Data Analyst,80000.0,8.0,Austin,Startup (1-50),Male,35,112000
14.2,Master,11.0,Engineering Manager,249000.0,8.6,Remote,Small (51-200),Male,30,293000
10.5,Bachelor,7.0,Frontend Developer,154000.0,7.9,Remote,Medium (201-1000),Female,24,207000
0.5,Bachelor,9.0,ML Engineer,183000.0,6.6,Remote,Medium (201-1000),Female,25,196000
2.5,High School,1.0,Software Engineer,123000.0,7.7,Seattle,Startup (1-50),Female,22,142000
4.0,Bachelor,11.0,Software Engineer,170000.0,9.7,Chicago,Medium (201-1000),Male,33,198000
3.5,Bachelor,3.0,Frontend Developer,133000.0,,Boston,Small (51-200),Male,25,149000
1.1,PhD,4.0,Frontend Developer,197000.0,10.0,Los Angeles,Large (1000+),Male,28,257000
9.8,Bachelor,6.0,Data Analyst,112000.0,7.4,Chicago,Small (51-200),Female,31,128000
5.6,Master,8.0,Frontend Developer,206000.0,8.3,San Francisco,Medium (201-1000),Male,40,250000
9.1,Bachelor,8.0,Product Manager,233000.0,5.3,New York,Medium (201-1000),Female,39,253000
9.8,High School,6.0,Backend Developer,128000.0,10.0,Boston,Startup (1-50),Male,32,146000
6.9,High School,9.0,Data Analyst,136000.0,5.2,Remote,Large (1000+),Male,42,122000
2.9,Bachelor,8.0,Software Engineer,143000.0,9.0,Austin,Small (51-200),Male,22,150000
4.7,Bachelor,5.0,Data Analyst,99000.0,7.1,Remote,Medium (201-1000),Non-binary,47,131000
0.9,Bachelor,5.0,Backend Developer,,6.8,New York,Startup (1-50),Male,38,143000
5.6,Master,5.0,Software Engineer,250000.0,6.8,San Francisco,Small (51-200),Male,33,239000
1.0,High School,4.0,Software Engineer,151000.0,9.6,San Francisco,Medium (201-1000),Male,25,198000
5.9,Bachelor,7.0,Product Manager,221000.0,7.3,Boston,Small (51-200),Male,28,237000
1.3,Bachelor,3.0,Software Engineer,138000.0,8.6,Remote,Small (51-200),Male,37,151000
0.6,Bachelor,8.0,DevOps Engineer,168000.0,4.4,New York,Small (51-200),Male,37,163000
0.9,Bachelor,6.0,Data Scientist,165000.0,6.1,Boston,Medium (201-1000),Male,37,181000
0.0,Bachelor,4.0,Backend Developer,146000.0,7.4,San Francisco,Small (51-200),Male,26,158000
6.3,Bachelor,5.0,Data Analyst,137000.0,5.4,San Francisco,Startup (1-50),Male,25,145000
6.6,Master,13.0,ML Engineer,221000.0,8.6,Remote,Medium (201-1000),Male,34,243000
3.6,Master,11.0,DevOps Engineer,228000.0,6.1,Seattle,Small (51-200),Female,38,192000
0.9,Bachelor,6.0,Engineering Manager,170000.0,5.7,Remote,Small (51-200),Male,32,177000
0.4,High School,2.0,Full Stack Developer,94000.0,6.7,Chicago,Startup (1-50),Male,44,115000
0.1,Master,5.0,Product Manager,169000.0,7.7,Chicago,Startup (1-50),Male,32,158000
0.9,Bachelor,3.0,DevOps Engineer,176000.0,5.4,San Francisco,Startup (1-50),Male,32,155000
11.1,Bachelor,5.0,Data Scientist,214000.0,9.9,Austin,Large (1000+),Female,37,268000
1.4,Bachelor,,ML Engineer,145000.0,7.3,Remote,Small (51-200),Female,42,163000
2.2,High School,5.0,Full Stack Developer,105000.0,4.2,Remote,Startup (1-50),Female,22,85000
0.6,Bachelor,7.0,Software Engineer,113000.0,6.6,Remote,Startup (1-50),Male,23,116000
1.3,Bachelor,5.0,Data Scientist,148000.0,8.6,New York,Startup (1-50),Male,29,180000
3.7,Bachelor,9.0,Software Engineer,209000.0,7.4,San Francisco,Medium (201-1000),Male,57,234000
4.7,Bachelor,9.0,DevOps Engineer,144000.0,2.0,Boston,Startup (1-50),Male,30,142000
1.4,Master,2.0,Data Analyst,109000.0,6.7,Remote,Small (51-200),Male,31,104000
0.3,Bachelor,7.0,Software Engineer,144000.0,8.1,New York,Small (51-200),Male,37,191000
2.5,High School,3.0,Backend Developer,161000.0,6.1,San Francisco,Large (1000+),Female,40,190000
1.3,Bachelor,4.0,Product Manager,173000.0,6.6,Remote,Small (51-200),Male,33,145000
1.2,Master,7.0,Data Scientist,200000.0,8.3,New York,Small (51-200),Non-binary,41,226000
16.1,Master,8.0,Backend Developer,338000.0,5.9,San Francisco,Medium (201-1000),Male,22,313000
4.8,Master,6.0,Engineering Manager,291000.0,9.4,San Francisco,Small (51-200),Female,26,343000
4.1,Bachelor,7.0,Engineering Manager,237000.0,7.2,New York,Medium (201-1000),Male,41,269000
2.7,Master,5.0,Data Scientist,191000.0,4.7,Boston,Medium (201-1000),Female,32,198000
2.8,Master,6.0,Software Engineer,173000.0,7.7,Seattle,Small (51-200),Male,22,209000
3.9,High School,6.0,Software Engineer,198000.0,8.7,San Francisco,Small (51-200),Male,22,175000
6.0,Bachelor,9.0,Full Stack Developer,232000.0,7.8,San Francisco,Large (1000+),Male,26,286000
6.1,Bachelor,9.0,Full Stack Developer,215000.0,8.3,New York,Medium (201-1000),Non-binary,32,238000
0.9,Master,3.0,Backend Developer,174000.0,5.0,Remote,Large (1000+),Non-binary,36,154000
3.5,Bachelor,5.0,ML Engineer,205000.0,5.5,San Francisco,Startup (1-50),Male,29,203000
2.7,Bachelor,6.0,Software Engineer,156000.0,4.6,Austin,Small (51-200),Female,35,135000
10.2,PhD,11.0,Frontend Developer,298000.0,9.1,San Francisco,Large (1000+),Male,29,350000
5.0,Master,7.0,DevOps Engineer,198000.0,7.3,New York,Small (51-200),Male,42,238000
3.8,PhD,10.0,Full Stack Developer,266000.0,6.2,San Francisco,Large (1000+),Male,52,259000
0.6,PhD,7.0,DevOps Engineer,179000.0,8.2,San Francisco,Startup (1-50),Non-binary,29,198000
4.7,High School,5.0,ML Engineer,155000.0,10.0,Remote,Large (1000+),Male,36,182000
0.6,Master,7.0,Data Scientist,131000.0,6.9,Seattle,Small (51-200),Male,35,183000
2.1,Bachelor,7.0,Data Scientist,140000.0,4.6,Chicago,Startup (1-50),Male,33,134000
0.8,Master,5.0,Data Scientist,272000.0,7.4,San Francisco,Large (1000+),Male,37,307000
5.9,Bachelor,9.0,Software Engineer,179000.0,7.5,San Francisco,Small (51-200),Male,36,225000
1.2,PhD,4.0,ML Engineer,200000.0,8.4,New York,Startup (1-50),Male,28,221000
2.5,Master,9.0,Software Engineer,156000.0,7.0,Remote,Startup (1-50),Male,43,128000
11.3,Master,7.0,Software Engineer,302000.0,8.9,New York,Medium (201-1000),Male,34,334000
1.1,High School,3.0,Full Stack Developer,154000.0,6.9,Seattle,Large (1000+),Male,29,165000
3.5,Bachelor,6.0,ML Engineer,176000.0,6.4,New York,Startup (1-50),Male,52,171000
2.7,Master,3.0,Backend Developer,201000.0,9.0,San Francisco,Small (51-200),Female,31,216000
0.1,High School,5.0,Full Stack Developer,92000.0,8.5,Los Angeles,Startup (1-50),Male,34,109000
7.9,Master,6.0,Frontend Developer,195000.0,6.0,Austin,Medium (201-1000),Female,33,224000
0.4,High School,5.0,Engineering Manager,110000.0,8.4,Remote,Startup (1-50),Male,31,147000
3.2,Master,10.0,Software Engineer,107000.0,7.9,Remote,Startup (1-50),Male,36,148000
4.1,Bachelor,4.0,Full Stack Developer,123000.0,6.9,Austin,Startup (1-50),Male,25,146000
5.0,Master,9.0,Engineering Manager,294000.0,7.8,San Francisco,Medium (201-1000),Female,37,368000
5.8,Master,8.0,Data Analyst,210000.0,10.0,Boston,Large (1000+),Female,22,213000
1.5,Bachelor,5.0,Software Engineer,208000.0,8.5,San Francisco,Small (51-200),Male,22,229000
0.1,High School,6.0,ML Engineer,120000.0,7.1,Seattle,Startup (1-50),Male,47,160000
6.4,High School,9.0,Software Engineer,159000.0,8.3,Boston,Medium (201-1000),Female,22,207000
3.8,Bachelor,9.0,Backend Developer,132000.0,6.6,Remote,Medium (201-1000),Male,22,154000
9.0,Bachelor,7.0,Full Stack Developer,165000.0,,Remote,Startup (1-50),Female,22,163000
8.6,Master,10.0,Data Scientist,141000.0,6.6,Remote,Startup (1-50),Male,46,165000
9.3,Bachelor,11.0,Frontend Developer,186000.0,7.7,San Francisco,Startup (1-50),Female,22,185000
3.3,Bachelor,7.0,Backend Developer,213000.0,7.0,New York,Medium (201-1000),Male,24,219000
2.0,Bachelor,1.0,DevOps Engineer,193000.0,5.6,San Francisco,Medium (201-1000),Male,22,187000
7.8,High School,5.0,Data Analyst,95000.0,8.3,Remote,Small (51-200),Female,30,107000
3.0,Bachelor,3.0,Full Stack Developer,150000.0,4.2,Los Angeles,Startup (1-50),Male,29,116000
1.0,PhD,7.0,Software Engineer,194000.0,5.5,New York,Small (51-200),Male,28,216000
9.7,Master,8.0,Backend Developer,306000.0,7.4,San Francisco,Large (1000+),Male,47,294000
10.7,Bachelor,8.0,Data Scientist,146000.0,6.6,Austin,Startup (1-50),Male,22,195000
3.1,Bachelor,5.0,Frontend Developer,129000.0,8.7,Chicago,Large (1000+),Male,31,170000
0.4,Master,4.0,Engineering Manager,245000.0,5.3,Austin,Medium (201-1000),Female,35,210000
2.5,Bachelor,6.0,Data Analyst,111000.0,5.4,San Francisco,Startup (1-50),Female,24,114000
8.1,High School,5.0,ML Engineer,173000.0,6.8,Los Angeles,Small (51-200),Male,36,187000
11.6,High School,9.0,Data Scientist,167000.0,9.3,Chicago,Large (1000+),Female,29,226000
1.1,Bachelor,9.0,Data Scientist,193000.0,9.2,San Francisco,Small (51-200),Male,35,208000
0.3,PhD,4.0,Frontend Developer,169000.0,8.3,Los Angeles,Large (1000+),Female,31,216000
10.5,Master,9.0,Software Engineer,258000.0,5.9,Seattle,Small (51-200),Male,22,230000
2.5,High School,1.0,Frontend Developer,150000.0,6.8,Seattle,Medium (201-1000),Female,42,124000
3.9,Bachelor,6.0,Software Engineer,189000.0,10.0,Seattle,Large (1000+),Female,49,241000
17.2,Master,,ML Engineer,255000.0,8.6,Chicago,Large (1000+),Female,31,323000
0.3,Master,7.0,Data Scientist,148000.0,4.9,Remote,Small (51-200),Male,25,137000
5.2,Master,7.0,Engineering Manager,316000.0,10.0,San Francisco,Medium (201-1000),Male,44,405000
0.4,Master,7.0,Full Stack Developer,137000.0,6.1,Los Angeles,Startup (1-50),Male,47,145000
2.4,High School,6.0,ML Engineer,198000.0,6.8,San Francisco,Small (51-200),Male,31,215000
8.1,Master,10.0,Software Engineer,194000.0,6.0,Remote,Small (51-200),Male,30,170000
2.8,Master,7.0,Frontend Developer,155000.0,5.8,Boston,Startup (1-50),Female,31,147000
29.4,Bachelor,12.0,Data Scientist,338000.0,10.0,San Francisco,Small (51-200),Female,22,370000
4.1,Master,7.0,Frontend Developer,150000.0,7.8,San Francisco,Small (51-200),Male,30,220000
1.9,Bachelor,4.0,Data Analyst,116000.0,7.6,Chicago,Large (1000+),Male,46,143000
1.2,High School,4.0,Backend Developer,134000.0,4.7,Seattle,Medium (201-1000),Female,31,143000
2.2,Bachelor,8.0,Backend Developer,133000.0,6.8,Remote,Small (51-200),Female,24,146000
2.3,Bachelor,6.0,Frontend Developer,150000.0,6.0,Austin,Large (1000+),Male,36,141000
0.4,Bachelor,4.0,Product Manager,130000.0,6.1,Remote,Startup (1-50),Male,27,134000
2.3,Bachelor,5.0,Product Manager,151000.0,8.1,Austin,Small (51-200),Female,31,164000
3.1,Bachelor,5.0,Frontend Developer,167000.0,7.7,New York,Medium (201-1000),Female,22,204000
6.4,Bachelor,8.0,Data Scientist,189000.0,8.8,Seattle,Startup (1-50),Male,24,199000
5.3,Bachelor,5.0,DevOps Engineer,167000.0,8.0,Chicago,Medium (201-1000),Female,38,178000
6.2,High School,8.0,Software Engineer,140000.0,6.4,Seattle,Startup (1-50),Female,33,159000
0.0,Master,10.0,Backend Developer,142000.0,7.5,New York,Startup (1-50),Male,26,152000
1.2,Bachelor,6.0,Frontend Developer,,6.2,Los Angeles,Startup (1-50),Female,33,141000
5.4,Bachelor,6.0,Software Engineer,150000.0,6.7,Remote,Large (1000+),Male,27,189000
3.3,Master,8.0,Software Engineer,277000.0,5.7,San Francisco,Medium (201-1000),Female,26,242000
0.0,Master,8.0,DevOps Engineer,177000.0,6.9,Los Angeles,Medium (201-1000),Male,41,190000
8.2,Master,7.0,Product Manager,204000.0,7.1,Remote,Medium (201-1000),Male,38,227000
7.4,Bachelor,6.0,Frontend Developer,206000.0,9.2,San Francisco,Small (51-200),Female,32,231000
4.0,High School,4.0,Backend Developer,162000.0,8.9,New York,Medium (201-1000),Female,33,168000
0.3,Master,5.0,ML Engineer,175000.0,8.0,Remote,Small (51-200),Non-binary,32,140000
7.3,Bachelor,4.0,Frontend Developer,117000.0,7.0,Remote,Startup (1-50),Male,36,133000
4.4,Bachelor,7.0,DevOps Engineer,226000.0,7.0,New York,Medium (201-1000),Male,26,214000
7.6,High School,6.0,Backend Developer,145000.0,10.0,New York,Startup (1-50),Non-binary,39,165000
7.0,Master,7.0,Software Engineer,221000.0,9.8,New York,Startup (1-50),Female,35,216000
8.1,High School,4.0,DevOps Engineer,213000.0,6.1,Boston,Large (1000+),Female,30,221000
3.6,PhD,9.0,Data Scientist,246000.0,6.7,San Francisco,Medium (201-1000),Male,28,355000
0.8,Master,5.0,ML Engineer,263000.0,6.3,San Francisco,Medium (201-1000),Male,39,262000
5.6,Bachelor,4.0,Engineering Manager,224000.0,6.5,Remote,Small (51-200),Male,31,197000
4.8,Master,10.0,Software Engineer,168000.0,4.9,Remote,Small (51-200),Female,26,163000
6.8,Master,7.0,Data Scientist,278000.0,5.4,Austin,Medium (201-1000),Female,29,230000
0.9,Master,7.0,Frontend Developer,163000.0,6.1,Seattle,Medium (201-1000),Male,38,176000
1.1,Bachelor,5.0,Data Analyst,119000.0,,Seattle,Small (51-200),Male,22,134000
11.1,Master,8.0,ML Engineer,338000.0,10.0,Seattle,Large (1000+),Male,29,433000
6.9,Bachelor,7.0,Full Stack Developer,190000.0,5.2,Los Angeles,Large (1000+),Female,41,216000
11.9,PhD,6.0,Data Analyst,140000.0,7.2,Remote,Small (51-200),Male,31,204000
7.1,Bachelor,10.0,Data Scientist,317000.0,5.0,New York,Large (1000+),Female,34,274000
4.5,Bachelor,4.0,ML Engineer,222000.0,6.0,Seattle,Small (51-200),Male,41,196000
5.3,Master,8.0,ML Engineer,217000.0,6.7,Austin,Small (51-200),Male,39,221000
11.0,Master,8.0,Data Analyst,149000.0,7.8,Boston,Startup (1-50),Male,28,182000
4.3,Bachelor,5.0,Software Engineer,189000.0,6.7,Seattle,Medium (201-1000),Female,31,183000
5.0,Bachelor,5.0,Data Scientist,201000.0,6.9,Chicago,Large (1000+),Male,39,199000
0.9,Bachelor,5.0,Backend Developer,150000.0,5.1,Remote,Medium (201-1000),Female,40,113000
3.2,PhD,10.0,Frontend Developer,177000.0,9.0,Austin,Medium (201-1000),Female,31,258000
6.3,Master,8.0,DevOps Engineer,163000.0,6.0,Chicago,Startup (1-50),Male,32,175000
1.6,Master,7.0,Frontend Developer,128000.0,8.1,Remote,Small (51-200),Male,34,155000
1.1,High School,3.0,Software Engineer,85000.0,4.2,Remote,Startup (1-50),Female,43,80000
1.9,Bachelor,5.0,DevOps Engineer,143000.0,5.4,Los Angeles,Small (51-200),Male,41,167000
1.4,Master,6.0,Frontend Developer,200000.0,10.0,New York,Medium (201-1000),Male,38,238000
1.2,Master,4.0,Product Manager,211000.0,10.0,New York,Small (51-200),Female,23,223000
2.8,High School,3.0,Data Scientist,139000.0,5.3,Chicago,Medium (201-1000),Female,30,144000
11.9,Master,10.0,Data Analyst,151000.0,10.0,Remote,Small (51-200),Male,30,160000
3.5,Bachelor,7.0,Backend Developer,164000.0,9.0,Los Angeles,Small (51-200),Male,43,170000
1.0,Bachelor,7.0,Software Engineer,203000.0,,San Francisco,Startup (1-50),Female,30,184000
0.4,Bachelor,5.0,Full Stack Developer,189000.0,6.5,Boston,Large (1000+),Male,42,185000
6.0,Bachelor,8.0,Software Engineer,168000.0,5.4,San Francisco,Startup (1-50),Male,27,157000
2.4,Bachelor,2.0,Engineering Manager,190000.0,7.7,Austin,Startup (1-50),Male,28,191000
8.6,High School,4.0,Data Analyst,157000.0,8.6,San Francisco,Large (1000+),Male,36,201000
5.4,Bachelor,8.0,Data Scientist,237000.0,7.3,San Francisco,Large (1000+),Female,45,274000
8.0,Master,6.0,Data Scientist,304000.0,8.0,San Francisco,Medium (201-1000),Female,30,338000
1.6,High School,3.0,ML Engineer,155000.0,5.7,Boston,Startup (1-50),Female,22,143000
5.9,Bachelor,7.0,ML Engineer,174000.0,6.4,Seattle,Startup (1-50),Female,22,167000
1.5,Bachelor,4.0,ML Engineer,254000.0,3.5,San Francisco,Large (1000+),Male,34,252000
14.0,Bachelor,11.0,Data Scientist,313000.0,9.7,New York,Large (1000+),Male,22,350000
5.1,Master,5.0,Backend Developer,214000.0,6.1,San Francisco,Medium (201-1000),Female,25,232000
2.0,Bachelor,7.0,Software Engineer,114000.0,7.1,Los Angeles,Startup (1-50),Male,32,134000
1.6,Master,5.0,Data Analyst,115000.0,6.9,New York,Startup (1-50),Male,22,155000
1.1,Master,6.0,Data Analyst,148000.0,6.4,New York,Startup (1-50),Male,29,152000
5.9,High School,1.0,DevOps Engineer,138000.0,5.8,Chicago,Medium (201-1000),Male,23,156000
1.2,Bachelor,4.0,Data Analyst,95000.0,8.2,Boston,Startup (1-50),Male,22,108000
4.5,Bachelor,4.0,Data Scientist,183000.0,4.6,Remote,Large (1000+),Male,26,220000
1.5,Bachelor,5.0,Software Engineer,154000.0,8.7,Boston,Startup (1-50),Male,23,154000
5.4,Master,6.0,Backend Developer,173000.0,9.2,Los Angeles,Medium (201-1000),Male,36,217000
8.4,Bachelor,7.0,DevOps Engineer,157000.0,8.0,New York,Startup (1-50),Male,42,235000
7.5,Bachelor,7.0,Frontend Developer,180000.0,7.0,Los Angeles,Small (51-200),Male,29,168000
7.2,Bachelor,8.0,Product Manager,163000.0,7.1,Chicago,Startup (1-50),Non-binary,27,201000
1.0,Bachelor,1.0,Engineering Manager,195000.0,6.7,Boston,Medium (201-1000),Female,29,214000
0.5,Bachelor,4.0,Backend Developer,123000.0,5.8,Remote,Medium (201-1000),Female,23,128000
6.0,Bachelor,6.0,Full Stack Developer,138000.0,6.9,Boston,Startup (1-50),Non-binary,22,187000
2.3,Bachelor,3.0,Software Engineer,230000.0,8.7,San Francisco,Large (1000+),Non-binary,22,255000
2.8,Bachelor,4.0,Software Engineer,195000.0,5.2,New York,Small (51-200),Male,22,172000
0.2,Master,6.0,Full Stack Developer,205000.0,5.8,Los Angeles,Large (1000+),Male,45,180000
1.5,Master,9.0,DevOps Engineer,202000.0,7.7,Austin,Large (1000+),Female,26,198000
0.2,Bachelor,9.0,DevOps Engineer,196000.0,10.0,Seattle,Large (1000+),Female,22,201000
10.6,Bachelor,5.0,Data Scientist,143000.0,7.2,Remote,Startup (1-50),Male,27,185000
1.4,PhD,8.0,Backend Developer,148000.0,8.9,Austin,Startup (1-50),Female,22,188000
4.1,Bachelor,7.0,Software Engineer,227000.0,5.3,San Francisco,Large (1000+),Male,32,238000
0.2,Bachelor,7.0,Backend Developer,113000.0,6.3,Remote,Small (51-200),Male,32,109000
5.5,High School,6.0,Software Engineer,107000.0,6.2,Remote,Startup (1-50),Male,32,110000
2.0,Master,7.0,Software Engineer,192000.0,6.6,San Francisco,Medium (201-1000),Male,32,244000
11.4,High School,9.0,ML Engineer,201000.0,7.9,Los Angeles,Small (51-200),Male,29,232000
11.0,PhD,8.0,Data Scientist,300000.0,6.1,New York,Medium (201-1000),Female,22,366000
2.0,Master,7.0,Product Manager,200000.0,9.2,Seattle,Large (1000+),Male,31,289000
11.6,Master,9.0,Software Engineer,267000.0,7.4,San Francisco,Medium (201-1000),Male,40,299000
27.8,Master,14.0,Software Engineer,259000.0,7.6,Boston,Small (51-200),Male,47,328000
8.7,Bachelor,5.0,Frontend Developer,212000.0,6.8,Seattle,Small (51-200),Female,30,185000
9.3,Bachelor,6.0,DevOps Engineer,190000.0,7.4,Seattle,Small (51-200),Non-binary,31,199000
1.4,Master,6.0,Software Engineer,154000.0,7.5,Chicago,Small (51-200),Male,36,153000
4.3,PhD,9.0,Software Engineer,229000.0,8.1,San Francisco,Startup (1-50),Male,44,264000
0.3,Bachelor,7.0,Engineering Manager,139000.0,10.0,Remote,Small (51-200),Male,28,202000
0.5,PhD,6.0,Backend Developer,180000.0,7.0,Boston,Small (51-200),Female,38,156000
30.0,Bachelor,17.0,ML Engineer,251000.0,8.5,Los Angeles,Small (51-200),Male,25,304000
2.0,Bachelor,4.0,DevOps Engineer,192000.0,8.9,Boston,Large (1000+),Male,35,197000
6.9,Bachelor,6.0,Data Scientist,229000.0,7.6,San Francisco,Small (51-200),Male,40,253000
8.2,Bachelor,10.0,ML Engineer,239000.0,8.0,San Francisco,Startup (1-50),Male,22,262000
9.8,High School,9.0,Backend Developer,134000.0,7.5,Chicago,Medium (201-1000),Female,28,150000
30.0,Bachelor,14.0,Product Manager,262000.0,8.4,Chicago,Medium (201-1000),Male,40,296000
1.4,Bachelor,7.0,Software Engineer,157000.0,9.3,New York,Small (51-200),Male,37,209000
0.2,Bachelor,6.0,Data Analyst,109000.0,9.9,Boston,Medium (201-1000),Female,40,153000
2.6,Bachelor,5.0,Software Engineer,153000.0,9.1,Austin,Startup (1-50),Female,39,139000
0.7,PhD,9.0,Data Scientist,166000.0,7.6,Los Angeles,Small (51-200),Male,29,235000
0.1,Bachelor,4.0,Software Engineer,158000.0,7.3,Los Angeles,Large (1000+),Non-binary,50,182000
2.2,Bachelor,4.0,Software Engineer,180000.0,10.0,Los Angeles,Large (1000+),Female,33,202000
7.7,High School,4.0,Product Manager,154000.0,5.8,Chicago,Medium (201-1000),Male,22,169000
4.2,High School,3.0,DevOps Engineer,154000.0,8.6,Los Angeles,Medium (201-1000),Male,30,185000
1.9,Master,6.0,Software Engineer,207000.0,9.2,New York,Large (1000+),Male,28,291000
5.3,Bachelor,5.0,Engineering Manager,194000.0,9.5,Chicago,Large (1000+),Male,38,298000
1.3,Master,9.0,Data Analyst,99000.0,5.9,Remote,Small (51-200),Male,28,104000
0.1,High School,4.0,Full Stack Developer,131000.0,10.0,Los Angeles,Medium (201-1000),Female,41,156000
7.2,Bachelor,6.0,Product Manager,194000.0,10.0,Boston,Small (51-200),Female,36,235000
4.9,Bachelor,7.0,Data Scientist,200000.0,9.0,San Francisco,Startup (1-50),Male,24,222000
7.2,Bachelor,7.0,Data Analyst,114000.0,6.3,Boston,Small (51-200),Male,31,134000
0.2,High School,,Backend Developer,102000.0,7.9,Remote,Medium (201-1000),Male,26,135000
9.1,High School,7.0,Data Analyst,157000.0,3.4,New York,Large (1000+),Female,33,149000
4.8,Bachelor,7.0,Full Stack Developer,187000.0,5.9,Seattle,Large (1000+),Female,26,211000
4.1,High School,4.0,ML Engineer,146000.0,6.8,Boston,Startup (1-50),Male,33,160000
4.9,PhD,10.0,Full Stack Developer,217000.0,7.6,Seattle,Small (51-200),Female,30,271000
10.0,Bachelor,9.0,Data Scientist,200000.0,9.7,Seattle,Startup (1-50),Male,31,231000
4.4,High School,2.0,ML Engineer,175000.0,7.6,San Francisco,Startup (1-50),Female,48,183000
4.3,Bachelor,5.0,Software Engineer,155000.0,6.5,Los Angeles,Large (1000+),Male,29,213000
23.4,Bachelor,13.0,Product Manager,250000.0,9.7,Remote,Small (51-200),Male,22,308000
7.1,High School,7.0,Data Scientist,166000.0,7.7,San Francisco,Medium (201-1000),Male,40,259000
2.9,Master,6.0,Frontend Developer,106000.0,5.3,Remote,Startup (1-50),Female,40,115000
6.1,PhD,6.0,ML Engineer,214000.0,10.0,Remote,Small (51-200),Female,22,277000
2.5,Bachelor,7.0,Engineering Manager,273000.0,7.1,San Francisco,Medium (201-1000),Female,26,284000
1.3,Bachelor,6.0,ML Engineer,159000.0,8.5,Seattle,Startup (1-50),Male,35,204000
4.5,High School,3.0,Full Stack Developer,132000.0,7.2,Boston,Small (51-200),Male,36,175000
13.2,Master,12.0,Data Analyst,161000.0,8.1,Seattle,Startup (1-50),Male,32,155000
13.2,Bachelor,8.0,DevOps Engineer,202000.0,7.7,Remote,Medium (201-1000),Female,32,219000
2.1,Bachelor,8.0,ML Engineer,199000.0,6.7,Seattle,Large (1000+),Female,24,228000
3.8,Bachelor,7.0,Full Stack Developer,201000.0,7.2,San Francisco,Large (1000+),Female,22,230000
1.2,Master,6.0,Product Manager,204000.0,8.1,Los Angeles,Large (1000+),Female,48,229000
27.2,Bachelor,16.0,Full Stack Developer,355000.0,8.1,New York,Large (1000+),Female,24,352000
19.8,Bachelor,12.0,Data Scientist,258000.0,8.0,Remote,Large (1000+),Female,33,284000
5.2,Master,7.0,Product Manager,293000.0,6.7,San Francisco,Medium (201-1000),Male,31,288000
8.2,Bachelor,6.0,ML Engineer,276000.0,6.5,New York,Small (51-200),Female,39,215000
6.3,Master,9.0,Frontend Developer,203000.0,9.4,Seattle,Small (51-200),Female,33,225000
4.5,High School,5.0,Data Analyst,148000.0,8.8,San Francisco,Large (1000+),Male,33,183000
0.3,Master,5.0,Software Engineer,183000.0,5.9,Seattle,Startup (1-50),Female,22,152000
3.0,Master,8.0,Full Stack Developer,172000.0,7.3,San Francisco,Startup (1-50),Male,25,181000
5.6,High School,3.0,Frontend Developer,140000.0,5.5,Austin,Large (1000+),Male,38,149000
5.7,Master,7.0,Product Manager,184000.0,10.0,Remote,Startup (1-50),Female,37,215000
2.3,Bachelor,1.0,Software Engineer,173000.0,8.9,San Francisco,Large (1000+),Male,24,251000
14.2,PhD,12.0,DevOps Engineer,247000.0,7.2,Chicago,Medium (201-1000),Male,22,283000
0.9,High School,5.0,Data Analyst,119000.0,5.2,San Francisco,Small (51-200),Female,33,100000
3.5,Master,8.0,Software Engineer,229000.0,8.8,New York,Medium (201-1000),Male,22,276000
5.9,Bachelor,8.0,Software Engineer,178000.0,8.5,Remote,Large (1000+),Male,23,191000
6.0,PhD,9.0,Engineering Manager,228000.0,8.4,Seattle,Startup (1-50),Female,46,303000
5.2,Bachelor,7.0,Data Scientist,167000.0,5.5,Austin,Medium (201-1000),Male,44,177000
1.6,PhD,4.0,Engineering Manager,391000.0,8.4,San Francisco,Large (1000+),Male,36,419000
0.8,PhD,7.0,Software Engineer,138000.0,6.9,Chicago,Startup (1-50),Male,34,162000
5.1,Bachelor,9.0,ML Engineer,189000.0,8.0,Boston,Startup (1-50),Male,22,197000
4.6,Master,13.0,Full Stack Developer,204000.0,6.5,San Francisco,Startup (1-50),Male,26,194000
1.0,PhD,7.0,Backend Developer,154000.0,6.6,Seattle,Startup (1-50),Female,30,167000
6.1,Bachelor,9.0,Frontend Developer,127000.0,8.9,Chicago,Startup (1-50),Male,26,136000
3.0,Bachelor,6.0,Frontend Developer,156000.0,5.8,Austin,Medium (201-1000),Male,29,152000
5.5,Bachelor,5.0,Data Analyst,152000.0,10.0,San Francisco,Small (51-200),Non-binary,42,185000
9.1,Bachelor,8.0,Data Scientist,262000.0,5.7,Seattle,Large (1000+),Female,28,291000
0.9,High School,3.0,DevOps Engineer,124000.0,6.6,New York,Small (51-200),Male,29,144000
0.1,Bachelor,3.0,Software Engineer,166000.0,7.2,Austin,Small (51-200),Male,38,150000
7.6,Bachelor,9.0,Frontend Developer,207000.0,8.0,Chicago,Medium (201-1000),Female,22,154000
4.7,Bachelor,8.0,Data Scientist,257000.0,3.3,Seattle,Large (1000+),Female,25,213000
6.0,Bachelor,,ML Engineer,,4.5,Seattle,Small (51-200),Female,26,180000
9.1,Master,7.0,DevOps Engineer,,7.8,Los Angeles,Small (51-200),Male,32,216000
8.1,Master,9.0,Software Engineer,238000.0,8.5,Boston,Large (1000+),Male,29,303000
16.2,High School,10.0,Software Engineer,180000.0,7.9,Austin,Small (51-200),Male,29,195000
3.8,Master,8.0,Backend Developer,199000.0,7.2,New York,Startup (1-50),Female,27,190000
3.4,Master,5.0,DevOps Engineer,178000.0,7.3,Boston,Small (51-200),Female,23,185000
2.6,PhD,6.0,Data Analyst,166000.0,6.0,Boston,Medium (201-1000),Male,37,177000
0.8,High School,1.0,Backend Developer,128000.0,7.4,Seattle,Startup (1-50),Male,29,122000
4.3,Bachelor,3.0,Software Engineer,170000.0,7.6,Los Angeles,Medium (201-1000),Female,37,201000
1.6,PhD,6.0,Backend Developer,183000.0,8.5,Chicago,Medium (201-1000),Male,23,178000
12.7,PhD,11.0,Software Engineer,297000.0,10.0,Remote,Large (1000+),Male,27,335000
4.4,Master,10.0,Full Stack Developer,194000.0,6.6,Austin,Small (51-200),Female,30,175000
4.5,Master,4.0,Engineering Manager,283000.0,8.2,Seattle,Small (51-200),Male,31,302000
2.2,High School,4.0,Frontend Developer,125000.0,5.2,San Francisco,Small (51-200),Male,38,139000
0.3,Bachelor,8.0,Backend Developer,141000.0,4.6,New York,Small (51-200),Male,29,141000
0.2,Bachelor,3.0,Data Scientist,134000.0,6.3,Remote,Medium (201-1000),Female,38,144000
2.8,Bachelor,5.0,DevOps Engineer,177000.0,7.7,Seattle,Medium (201-1000),Male,35,191000
0.4,Master,6.0,Data Analyst,124000.0,8.9,Chicago,Medium (201-1000),Female,31,132000
4.7,High School,3.0,Software Engineer,194000.0,8.1,San Francisco,Large (1000+),Male,24,205000
10.6,Bachelor,6.0,Data Scientist,223000.0,8.6,Austin,Large (1000+),Female,38,273000
10.7,PhD,10.0,DevOps Engineer,251000.0,10.0,Boston,Small (51-200),Male,25,295000
5.4,Bachelor,4.0,Full Stack Developer,169000.0,6.7,Austin,Large (1000+),Male,32,206000
1.2,PhD,7.0,ML Engineer,170000.0,8.3,Chicago,Startup (1-50),Female,32,259000
9.9,PhD,11.0,Product Manager,367000.0,8.3,Los Angeles,Medium (201-1000),Male,30,326000
10.9,Bachelor,7.0,Software Engineer,239000.0,6.0,San Francisco,Small (51-200),Female,29,209000
1.1,Bachelor,4.0,ML Engineer,243000.0,7.6,San Francisco,Large (1000+),Male,25,313000
6.7,Bachelor,12.0,Full Stack Developer,174000.0,7.6,San Francisco,Small (51-200),Male,22,231000
1.7,Bachelor,3.0,Data Scientist,136000.0,8.0,Remote,Medium (201-1000),Male,43,165000
8.1,Bachelor,5.0,Backend Developer,214000.0,8.3,Seattle,Large (1000+),Female,28,239000
29.5,Bachelor,15.0,Software Engineer,242000.0,9.1,Remote,Medium (201-1000),Male,31,236000
0.2,PhD,9.0,Software Engineer,221000.0,6.6,Seattle,Medium (201-1000),Female,31,219000
11.4,Bachelor,11.0,Software Engineer,178000.0,7.6,Boston,Startup (1-50),Male,41,185000
4.9,Master,8.0,Product Manager,179000.0,10.0,Remote,Startup (1-50),Male,47,182000
18.1,High School,11.0,Frontend Developer,173000.0,5.9,Austin,Large (1000+),Male,33,215000
3.1,Bachelor,5.0,Full Stack Developer,183000.0,,Austin,Medium (201-1000),Male,31,174000
9.4,PhD,10.0,ML Engineer,346000.0,6.9,San Francisco,Medium (201-1000),Male,23,386000
0.3,Bachelor,5.0,Frontend Developer,156000.0,5.5,Seattle,Small (51-200),Female,22,145000
2.0,Bachelor,7.0,DevOps Engineer,,3.8,Austin,Startup (1-50),Male,22,146000
0.3,Master,6.0,Product Manager,179000.0,10.0,Seattle,Small (51-200),Male,26,216000
18.5,Master,15.0,Full Stack Developer,247000.0,9.8,Los Angeles,Small (51-200),Female,22,269000
8.5,Master,13.0,Full Stack Developer,194000.0,7.7,Los Angeles,Startup (1-50),Male,41,216000
9.6,Bachelor,11.0,Software Engineer,142000.0,8.7,Chicago,Startup (1-50),Male,35,161000
13.9,Bachelor,9.0,Frontend Developer,190000.0,7.6,Seattle,Small (51-200),Male,30,212000
0.4,PhD,5.0,DevOps Engineer,174000.0,6.7,Remote,Medium (201-1000),Male,41,192000
2.4,PhD,5.0,Product Manager,176000.0,6.0,Seattle,Startup (1-50),Male,23,241000
0.4,Bachelor,5.0,Data Scientist,217000.0,6.6,New York,Medium (201-1000),Male,25,207000
1.2,Master,7.0,Data Scientist,227000.0,6.9,New York,Large (1000+),Male,22,225000
1.3,Bachelor,3.0,ML Engineer,162000.0,5.9,San Francisco,Small (51-200),Female,38,214000
3.2,Bachelor,5.0,Data Scientist,256000.0,8.7,New York,Large (1000+),Female,26,269000
1.6,Bachelor,3.0,Software Engineer,198000.0,4.9,Seattle,Large (1000+),Female,32,173000
0.5,Bachelor,5.0,Data Analyst,83000.0,9.1,Los Angeles,Startup (1-50),Male,40,95000
0.9,Bachelor,5.0,Frontend Developer,153000.0,5.7,New York,Startup (1-50),Male,43,135000
0.8,High School,3.0,Data Analyst,96000.0,5.0,Los Angeles,Small (51-200),Male,32,74000
18.1,Bachelor,13.0,Data Analyst,206000.0,9.5,New York,Medium (201-1000),Male,35,220000
7.1,Master,6.0,Data Scientist,245000.0,7.2,San Francisco,Small (51-200),Male,25,250000
17.2,Master,15.0,Frontend Developer,208000.0,5.2,Austin,Small (51-200),Male,45,199000
2.9,Master,5.0,Software Engineer,168000.0,7.7,Remote,Medium (201-1000),Male,31,195000
1.6,PhD,6.0,Product Manager,214000.0,5.3,San Francisco,Startup (1-50),Female,33,229000
8.0,High School,4.0,ML Engineer,267000.0,4.5,New York,Large (1000+),Male,29,244000
2.0,Bachelor,4.0,ML Engineer,176000.0,7.4,Seattle,Startup (1-50),Non-binary,42,184000
1.8,Master,8.0,Data Scientist,252000.0,9.6,New York,Large (1000+),Female,34,265000
1.3,Bachelor,4.0,DevOps Engineer,139000.0,5.2,Remote,Startup (1-50),Male,38,111000
0.7,Bachelor,4.0,Data Scientist,127000.0,8.0,Austin,Startup (1-50),Male,35,142000
1.5,High School,4.0,ML Engineer,183000.0,7.4,San Francisco,Startup (1-50),Female,30,168000
2.2,Master,6.0,Full Stack Developer,191000.0,8.0,Chicago,Large (1000+),Female,39,214000
5.6,Bachelor,3.0,Data Analyst,138000.0,7.3,New York,Startup (1-50),Male,35,151000
0.3,Master,6.0,Data Scientist,160000.0,5.4,Remote,Medium (201-1000),Male,24,170000
1.2,Bachelor,4.0,DevOps Engineer,129000.0,7.1,Remote,Large (1000+),Male,24,191000
8.3,Master,5.0,Data Analyst,172000.0,8.6,Los Angeles,Medium (201-1000),Male,33,197000
0.8,Master,5.0,Software Engineer,138000.0,5.6,Austin,Small (51-200),Female,39,150000
2.1,Master,6.0,Product Manager,224000.0,6.7,Boston,Large (1000+),Male,45,279000
10.0,Bachelor,8.0,Data Scientist,276000.0,7.0,New York,Large (1000+),Male,22,273000
0.8,Bachelor,6.0,Backend Developer,110000.0,5.9,Remote,Small (51-200),Male,32,125000
0.4,Master,7.0,Frontend Developer,175000.0,5.9,Seattle,Medium (201-1000),Female,36,177000
3.3,Bachelor,4.0,Frontend Developer,185000.0,4.3,Seattle,Large (1000+),Female,34,164000
1.8,Bachelor,4.0,Data Analyst,103000.0,7.3,Chicago,Large (1000+),Female,40,131000
4.1,High School,1.0,Software Engineer,165000.0,6.5,San Francisco,Small (51-200),Female,37,166000
8.1,PhD,8.0,ML Engineer,268000.0,7.0,Chicago,Large (1000+),Female,24,269000
0.7,High School,3.0,Frontend Developer,90000.0,7.0,Chicago,Small (51-200),Female,24,108000
4.3,Master,8.0,Data Analyst,105000.0,4.9,Austin,Small (51-200),Male,34,118000
3.5,Bachelor,6.0,Data Scientist,122000.0,7.8,Austin,Startup (1-50),Male,40,159000
0.8,Bachelor,6.0,Data Analyst,104000.0,3.4,Seattle,Startup (1-50),Female,33,94000
4.9,Master,5.0,ML Engineer,235000.0,7.4,Los Angeles,Medium (201-1000),Male,22,266000
1.6,High School,6.0,Software Engineer,158000.0,3.6,San Francisco,Small (51-200),Female,24,116000
3.3,Bachelor,6.0,Full Stack Developer,169000.0,5.5,Boston,Startup (1-50),Male,38,134000
0.4,Master,4.0,Software Engineer,160000.0,6.6,Remote,Small (51-200),Female,29,147000
3.1,Master,7.0,Frontend Developer,176000.0,5.7,Los Angeles,Small (51-200),Male,33,205000
1.8,Bachelor,4.0,Software Engineer,171000.0,4.3,Remote,Large (1000+),Male,41,147000
8.6,Master,6.0,ML Engineer,297000.0,9.3,Boston,Large (1000+),Female,22,335000
0.3,Master,6.0,Backend Developer,190000.0,4.8,San Francisco,Small (51-200),Male,29,195000
2.7,Master,3.0,Frontend Developer,239000.0,6.9,Seattle,Large (1000+),Female,28,209000
3.1,Bachelor,9.0,ML Engineer,219000.0,8.7,San Francisco,Small (51-200),Male,35,254000
6.5,Bachelor,10.0,DevOps Engineer,177000.0,7.4,Chicago,Medium (201-1000),Non-binary,38,191000
4.3,PhD,6.0,Data Scientist,257000.0,8.0,Remote,Large (1000+),Female,22,280000
5.5,Master,6.0,DevOps Engineer,163000.0,6.2,Remote,Small (51-200),Male,32,186000
7.5,Bachelor,8.0,Engineering Manager,213000.0,6.7,Remote,Medium (201-1000),Female,39,224000
9.9,Bachelor,6.0,Data Analyst,112000.0,7.4,Austin,Small (51-200),Male,22,127000
1.9,Bachelor,3.0,Software Engineer,170000.0,3.7,San Francisco,Small (51-200),Male,31,153000
3.9,Bachelor,8.0,Software Engineer,193000.0,8.3,New York,Medium (201-1000),Female,22,231000
9.2,Bachelor,6.0,Product Manager,282000.0,8.1,San Francisco,Large (1000+),Female,27,330000
22.8,Bachelor,18.0,Frontend Developer,191000.0,6.2,Remote,Small (51-200),Male,22,193000
11.0,Master,11.0,Frontend Developer,256000.0,9.8,San Francisco,Large (1000+),Male,43,352000
2.3,High School,2.0,Full Stack Developer,152000.0,7.3,Remote,Large (1000+),Female,29,133000
1.1,Master,6.0,Data Scientist,126000.0,8.4,Remote,Small (51-200),Male,26,172000
3.4,Bachelor,6.0,DevOps Engineer,183000.0,10.0,Seattle,Small (51-200),Female,35,206000
6.8,Bachelor,11.0,Engineering Manager,322000.0,8.5,San Francisco,Medium (201-1000),Female,24,305000
3.4,High School,2.0,Backend Developer,156000.0,9.1,New York,Small (51-200),Male,23,161000
3.3,Bachelor,6.0,Software Engineer,179000.0,6.7,New York,Startup (1-50),Male,44,176000
9.1,Master,12.0,Software Engineer,206000.0,9.0,Remote,Large (1000+),Male,46,263000
2.2,Master,6.0,Data Scientist,278000.0,6.3,San Francisco,Medium (201-1000),Female,27,240000
9.8,Bachelor,8.0,Full Stack Developer,152000.0,5.2,Chicago,Small (51-200),Female,41,174000
2.6,Bachelor,8.0,Data Scientist,145000.0,4.4,Remote,Medium (201-1000),Female,35,142000
2.0,Bachelor,2.0,Software Engineer,197000.0,6.2,San Francisco,Startup (1-50),Male,22,155000
3.0,Master,11.0,Product Manager,172000.0,7.0,Remote,Small (51-200),Female,25,212000
7.2,Master,9.0,Software Engineer,221000.0,6.3,Remote,Large (1000+),Male,44,207000
0.7,Bachelor,5.0,Software Engineer,155000.0,6.5,Remote,Large (1000+),Female,22,136000
1.1,Master,5.0,Data Scientist,232000.0,8.5,San Francisco,Small (51-200),Male,50,235000
15.1,Master,8.0,Data Scientist,249000.0,10.0,San Francisco,Small (51-200),Female,27,370000
1.0,High School,6.0,DevOps Engineer,169000.0,5.4,New York,Medium (201-1000),Female,45,175000
4.2,Bachelor,6.0,Product Manager,190000.0,7.9,Seattle,Small (51-200),Male,30,206000
4.3,PhD,14.0,Data Analyst,131000.0,10.0,Remote,Startup (1-50),Female,38,147000
3.4,Master,5.0,DevOps Engineer,146000.0,,Remote,Small (51-200),Male,43,198000
5.2,Bachelor,6.0,ML Engineer,231000.0,6.3,Los Angeles,Medium (201-1000),Male,43,206000
1.3,Bachelor,7.0,Frontend Developer,128000.0,6.5,San Francisco,Startup (1-50),Male,27,154000
4.0,Bachelor,7.0,Data Scientist,175000.0,7.9,San Francisco,Startup (1-50),Female,25,204000
2.3,Bachelor,6.0,Software Engineer,99000.0,9.1,Remote,Startup (1-50),Female,31,136000
5.4,Master,5.0,Product Manager,219000.0,8.0,New York,Small (51-200),Female,22,276000
0.8,Bachelor,4.0,Software Engineer,166000.0,6.6,New York,Small (51-200),Female,34,176000
4.2,Master,7.0,Software Engineer,196000.0,8.8,Austin,Small (51-200),Male,25,193000
1.0,Master,5.0,DevOps Engineer,208000.0,5.0,San Francisco,Small (51-200),Male,41,205000
1.6,Bachelor,7.0,DevOps Engineer,166000.0,4.8,Boston,Large (1000+),Male,27,181000
1.2,Bachelor,9.0,Software Engineer,122000.0,8.2,New York,Startup (1-50),Female,22,203000
1.0,Bachelor,6.0,Software Engineer,159000.0,6.3,Boston,Small (51-200),Female,43,161000
8.7,Master,12.0,ML Engineer,240000.0,10.0,Chicago,Large (1000+),Male,33,312000
1.7,Bachelor,4.0,Backend Developer,,7.2,San Francisco,Medium (201-1000),Female,32,195000
13.1,Master,10.0,Data Scientist,293000.0,5.5,Los Angeles,Medium (201-1000),Female,41,298000
17.5,Master,11.0,DevOps Engineer,238000.0,7.5,Austin,Small (51-200),Male,39,258000
4.2,Bachelor,6.0,Frontend Developer,124000.0,,Los Angeles,Startup (1-50),Male,26,122000
0.8,PhD,9.0,Product Manager,271000.0,5.4,New York,Medium (201-1000),Female,28,239000
2.3,PhD,8.0,ML Engineer,298000.0,7.3,Boston,Medium (201-1000),Male,23,309000
8.0,High School,8.0,Software Engineer,146000.0,6.3,Seattle,Startup (1-50),Female,22,167000
2.3,Bachelor,3.0,DevOps Engineer,108000.0,7.4,Remote,Small (51-200),Male,37,147000
0.5,PhD,11.0,Full Stack Developer,210000.0,5.8,Boston,Large (1000+),Male,35,221000
4.1,PhD,6.0,Software Engineer,169000.0,9.0,Austin,Startup (1-50),Male,38,193000
9.3,High School,9.0,DevOps Engineer,170000.0,8.7,Los Angeles,Small (51-200),Female,42,215000
7.9,High School,6.0,Software Engineer,,8.4,Seattle,Small (51-200),Male,38,180000
1.0,Bachelor,,Software Engineer,203000.0,10.0,New York,Large (1000+),Female,39,244000
5.6,PhD,10.0,DevOps Engineer,271000.0,8.8,Boston,Large (1000+),Male,22,306000
1.2,Bachelor,7.0,Data Scientist,197000.0,9.1,Boston,Medium (201-1000),Male,30,206000
1.2,Bachelor,,Data Analyst,105000.0,7.7,Seattle,Small (51-200),Female,40,131000
10.4,Master,7.0,Backend Developer,175000.0,7.5,Austin,Startup (1-50),Male,23,223000
1.4,High School,1.0,DevOps Engineer,148000.0,9.0,Los Angeles,Small (51-200),Female,33,145000
1.5,Master,13.0,ML Engineer,202000.0,6.8,Remote,Medium (201-1000),Male,36,204000
0.0,Bachelor,10.0,DevOps Engineer,204000.0,7.9,San Francisco,Medium (201-1000),Female,36,205000
10.2,Master,9.0,Software Engineer,283000.0,7.1,New York,Large (1000+),Female,35,328000
7.9,Bachelor,6.0,Product Manager,195000.0,8.3,Los Angeles,Small (51-200),Female,37,226000
4.9,Master,6.0,Engineering Manager,230000.0,8.2,Remote,Medium (201-1000),Male,33,258000
6.9,Master,9.0,Software Engineer,209000.0,8.6,Los Angeles,Small (51-200),Female,22,226000
0.8,Bachelor,6.0,Software Engineer,157000.0,6.4,New York,Startup (1-50),Male,36,147000
3.1,High School,6.0,Software Engineer,105000.0,6.9,Remote,Small (51-200),Male,34,124000
2.2,Bachelor,10.0,Backend Developer,146000.0,7.0,Remote,Small (51-200),Male,22,132000
0.5,Bachelor,3.0,Backend Developer,213000.0,9.5,New York,Large (1000+),Male,43,210000
3.3,Master,6.0,Data Analyst,115000.0,5.4,Austin,Small (51-200),Female,36,125000
12.7,Master,9.0,Full Stack Developer,265000.0,8.6,Boston,Large (1000+),Female,22,358000
0.2,Bachelor,5.0,DevOps Engineer,136000.0,4.9,Austin,Small (51-200),Male,25,134000
1.7,Master,5.0,Backend Developer,143000.0,6.6,Chicago,Startup (1-50),Female,27,143000
1.2,Master,4.0,Backend Developer,119000.0,6.1,Chicago,Startup (1-50),Male,27,138000
1.4,Master,3.0,Frontend Developer,117000.0,7.6,Chicago,Startup (1-50),Female,34,142000
12.0,Bachelor,10.0,DevOps Engineer,195000.0,4.5,Chicago,Small (51-200),Female,24,164000
3.2,Bachelor,9.0,Backend Developer,132000.0,6.7,Austin,Startup (1-50),Female,41,122000
3.1,Bachelor,4.0,Frontend Developer,124000.0,4.0,Seattle,Small (51-200),Male,40,135000
7.1,Bachelor,9.0,Backend Developer,188000.0,5.9,Chicago,Large (1000+),Female,37,193000
0.8,Bachelor,4.0,Backend Developer,123000.0,7.0,Austin,Medium (201-1000),Male,32,155000
3.3,Bachelor,10.0,Full Stack Developer,184000.0,,New York,Medium (201-1000),Female,39,216000
2.8,High School,4.0,Backend Developer,101000.0,7.7,Austin,Startup (1-50),Male,30,114000
4.5,Master,6.0,Frontend Developer,192000.0,,San Francisco,Small (51-200),Female,26,217000
30.0,Bachelor,15.0,Backend Developer,172000.0,10.0,Remote,Small (51-200),Male,42,220000
7.3,Bachelor,7.0,DevOps Engineer,223000.0,7.6,New York,Large (1000+),Female,35,280000
2.5,Bachelor,7.0,Data Scientist,179000.0,8.8,New York,Startup (1-50),Female,27,192000
8.8,Bachelor,9.0,Software Engineer,148000.0,10.0,Los Angeles,Small (51-200),Female,29,216000
0.9,Bachelor,3.0,Frontend Developer,118000.0,5.8,Remote,Medium (201-1000),Female,26,112000
0.2,Bachelor,8.0,Frontend Developer,120000.0,8.9,Remote,Small (51-200),Female,48,126000
1.1,Bachelor,5.0,Engineering Manager,248000.0,3.7,Boston,Large (1000+),Female,32,188000
2.1,Bachelor,3.0,ML Engineer,122000.0,6.8,Chicago,Startup (1-50),Male,33,135000
3.6,Bachelor,4.0,ML Engineer,128000.0,8.9,Remote,Small (51-200),Female,38,166000
4.8,Bachelor,4.0,Data Scientist,176000.0,6.9,Boston,Medium (201-1000),Male,22,183000
12.1,Master,7.0,Software Engineer,174000.0,8.3,Los Angeles,Small (51-200),Female,41,236000
3.6,Bachelor,4.0,Full Stack Developer,188000.0,6.7,San Francisco,Small (51-200),Female,27,203000
3.5,Bachelor,3.0,Data Scientist,142000.0,9.3,Los Angeles,Startup (1-50),Male,47,191000
0.3,High School,3.0,Backend Developer,131000.0,4.8,Seattle,Medium (201-1000),Female,29,126000
0.2,Bachelor,5.0,Backend Developer,161000.0,6.5,Austin,Large (1000+),Female,40,151000
4.0,Bachelor,10.0,DevOps Engineer,235000.0,8.1,San Francisco,Medium (201-1000),Male,22,240000
2.9,Bachelor,2.0,Data Analyst,132000.0,7.1,Austin,Large (1000+),Male,23,136000
9.1,Master,9.0,DevOps Engineer,215000.0,9.9,Boston,Small (51-200),Male,30,247000
0.9,Bachelor,11.0,Data Scientist,129000.0,7.4,Los Angeles,Startup (1-50),Female,22,156000
0.1,Bachelor,4.0,Product Manager,135000.0,6.7,Los Angeles,Startup (1-50),Male,37,144000
3.0,Master,6.0,Data Analyst,146000.0,8.4,Los Angeles,Medium (201-1000),Female,35,153000
1.4,PhD,10.0,Software Engineer,241000.0,5.6,New York,Small (51-200),Male,24,212000
0.3,High School,7.0,Software Engineer,113000.0,3.0,Los Angeles,Medium (201-1000),Male,32,142000
6.4,Bachelor,7.0,Software Engineer,176000.0,6.8,Seattle,Medium (201-1000),Female,38,226000
0.6,Bachelor,4.0,Data Scientist,167000.0,7.5,Chicago,Large (1000+),Male,22,176000
4.7,High School,7.0,Engineering Manager,170000.0,5.7,New York,Small (51-200),Non-binary,22,177000
1.6,Bachelor,3.0,Frontend Developer,130000.0,7.7,Austin,Small (51-200),Male,29,121000
1.0,High School,1.0,ML Engineer,157000.0,6.5,Los Angeles,Small (51-200),Male,32,148000
2.4,Master,4.0,Product Manager,242000.0,4.5,Los Angeles,Small (51-200),Male,32,182000
8.1,Bachelor,6.0,DevOps Engineer,188000.0,7.8,Remote,Large (1000+),Female,39,192000
2.5,High School,4.0,Data Scientist,117000.0,8.0,Remote,Startup (1-50),Male,36,118000
6.9,High School,6.0,Product Manager,233000.0,8.2,San Francisco,Large (1000+),Male,38,250000
0.7,Master,4.0,Data Analyst,149000.0,5.9,Remote,Large (1000+),Male,22,123000
7.4,Bachelor,8.0,Data Analyst,139000.0,8.6,Boston,Medium (201-1000),Male,33,166000
1.4,Master,3.0,Frontend Developer,191000.0,10.0,San Francisco,Small (51-200),Female,30,202000
5.7,Bachelor,4.0,Full Stack Developer,188000.0,6.3,San Francisco,Startup (1-50),Female,44,168000
4.2,Bachelor,6.0,Software Engineer,197000.0,8.0,San Francisco,Small (51-200),Male,33,190000
13.2,Bachelor,9.0,Frontend Developer,128000.0,9.3,Remote,Startup (1-50),Male,27,161000
2.4,High School,2.0,Engineering Manager,178000.0,6.1,San Francisco,Small (51-200),Female,39,186000
0.3,Bachelor,6.0,Data Scientist,163000.0,5.7,Seattle,Startup (1-50),Male,37,177000
0.1,Bachelor,5.0,Full Stack Developer,170000.0,9.4,Seattle,Medium (201-1000),Male,25,206000
8.8,Bachelor,8.0,DevOps Engineer,175000.0,10.0,Austin,Small (51-200),Male,29,225000
3.7,Master,3.0,Software Engineer,151000.0,7.4,Remote,Startup (1-50),Male,29,141000
7.5,Bachelor,9.0,Full Stack Developer,160000.0,10.0,Remote,Small (51-200),Male,42,167000
1.3,High School,5.0,Software Engineer,145000.0,8.3,Austin,Large (1000+),Male,34,140000
2.1,Bachelor,7.0,Backend Developer,179000.0,8.5,Seattle,Medium (201-1000),Male,38,220000
0.2,Master,4.0,Software Engineer,165000.0,5.2,Seattle,Small (51-200),Male,28,191000
16.3,PhD,14.0,Product Manager,318000.0,8.8,Chicago,Medium (201-1000),Female,35,380000
5.5,Bachelor,4.0,Data Scientist,192000.0,10.0,New York,Medium (201-1000),Non-binary,42,269000
13.5,Bachelor,9.0,Data Scientist,296000.0,10.0,New York,Large (1000+),Female,29,355000
1.5,Bachelor,2.0,Software Engineer,122000.0,6.2,Remote,Startup (1-50),Female,33,122000
4.7,PhD,5.0,Product Manager,280000.0,7.4,Seattle,Large (1000+),Male,22,375000
5.7,Master,6.0,Full Stack Developer,172000.0,8.5,Chicago,Small (51-200),Male,26,205000
1.9,Bachelor,2.0,Full Stack Developer,212000.0,8.7,New York,Large (1000+),Female,29,214000
9.4,Bachelor,9.0,DevOps Engineer,147000.0,8.2,Remote,Small (51-200),Male,24,173000
14.7,Bachelor,14.0,DevOps Engineer,339000.0,4.4,San Francisco,Large (1000+),Male,43,316000
10.8,Bachelor,10.0,Software Engineer,246000.0,7.1,Seattle,Large (1000+),Male,25,246000
6.7,Master,7.0,Frontend Developer,156000.0,9.0,New York,Startup (1-50),Male,38,208000
1.6,Bachelor,4.0,Data Scientist,173000.0,3.4,Chicago,Large (1000+),Female,33,179000
1.7,High School,2.0,Engineering Manager,171000.0,4.7,Los Angeles,Startup (1-50),Female,32,141000
16.5,Master,9.0,Full Stack Developer,232000.0,6.0,Seattle,Startup (1-50),Female,44,220000
0.1,Master,11.0,ML Engineer,159000.0,7.8,Chicago,Small (51-200),Female,22,233000
6.3,Bachelor,10.0,Software Engineer,162000.0,6.3,Remote,Large (1000+),Male,30,198000
6.1,Master,5.0,Full Stack Developer,185000.0,6.5,Los Angeles,Small (51-200),Female,23,199000
4.9,Bachelor,8.0,Software Engineer,141000.0,7.5,Chicago,Medium (201-1000),Male,22,175000
23.1,Master,14.0,Software Engineer,391000.0,7.2,San Francisco,Medium (201-1000),Female,22,325000
1.9,Master,4.0,Data Scientist,208000.0,8.0,Remote,Large (1000+),Male,32,204000
2.1,Bachelor,2.0,Frontend Developer,158000.0,10.0,Austin,Medium (201-1000),Female,26,159000
0.4,Master,5.0,Full Stack Developer,151000.0,6.9,San Francisco,Startup (1-50),Non-binary,39,188000
2.9,Master,,Data Scientist,222000.0,4.6,New York,Small (51-200),Male,30,244000
1.5,Bachelor,5.0,Software Engineer,145000.0,6.8,Los Angeles,Startup (1-50),Male,29,142000
2.1,Bachelor,6.0,DevOps Engineer,153000.0,8.5,Los Angeles,Medium (201-1000),Male,29,224000
9.0,Master,9.0,Full Stack Developer,157000.0,8.5,Remote,Startup (1-50),Male,31,164000
13.7,Bachelor,8.0,Data Scientist,189000.0,9.8,Los Angeles,Small (51-200),Male,29,229000
1.0,Bachelor,6.0,Data Scientist,183000.0,6.5,Chicago,Large (1000+),Female,25,195000
2.3,Master,6.0,Product Manager,227000.0,7.1,San Francisco,Small (51-200),Male,40,252000
13.2,Master,14.0,Engineering Manager,378000.0,5.0,New York,Medium (201-1000),Male,27,406000
0.3,Bachelor,9.0,Engineering Manager,202000.0,7.8,San Francisco,Small (51-200),Female,29,247000
0.5,Bachelor,7.0,Data Analyst,134000.0,5.0,San Francisco,Startup (1-50),Male,35,115000
0.9,Bachelor,7.0,Software Engineer,167000.0,7.5,New York,Small (51-200),Male,35,191000
4.5,Bachelor,7.0,Data Scientist,176000.0,5.6,Austin,Small (51-200),Female,25,170000
0.8,Bachelor,5.0,ML Engineer,188000.0,5.9,Chicago,Large (1000+),Female,38,176000
17.2,Master,15.0,Data Scientist,217000.0,10.0,Chicago,Small (51-200),Male,36,358000
3.0,Bachelor,3.0,Engineering Manager,178000.0,6.4,Boston,Small (51-200),Male,33,221000
3.5,Bachelor,6.0,Full Stack Developer,165000.0,6.9,Los Angeles,Medium (201-1000),Male,29,177000
1.4,Bachelor,9.0,Full Stack Developer,169000.0,,Austin,Medium (201-1000),Male,29,158000
3.2,PhD,8.0,Software Engineer,162000.0,7.0,Chicago,Medium (201-1000),Male,30,218000
5.4,Bachelor,5.0,Product Manager,286000.0,5.7,Seattle,Large (1000+),Female,22,238000
7.0,High School,5.0,Data Analyst,149000.0,9.7,New York,Medium (201-1000),Female,32,140000
7.0,High School,5.0,Software Engineer,145000.0,4.0,Los Angeles,Small (51-200),Male,39,135000
4.3,Bachelor,7.0,Data Analyst,151000.0,7.6,Seattle,Large (1000+),Female,39,154000
11.7,Bachelor,9.0,Data Scientist,211000.0,8.1,Austin,Small (51-200),Male,29,227000
8.5,Bachelor,6.0,Software Engineer,180000.0,6.6,New York,Small (51-200),Male,41,219000
7.1,Bachelor,,Backend Developer,146000.0,8.8,Remote,Small (51-200),Female,47,154000
0.3,High School,1.0,Backend Developer,105000.0,6.9,Los Angeles,Startup (1-50),Female,29,116000
0.0,Bachelor,3.0,Software Engineer,181000.0,8.9,San Francisco,Startup (1-50),Male,38,171000
1.2,Bachelor,8.0,Data Scientist,123000.0,4.2,Chicago,Startup (1-50),Male,22,118000
5.4,High School,4.0,Engineering Manager,200000.0,7.2,San Francisco,Startup (1-50),Female,22,211000
2.6,High School,2.0,Backend Developer,157000.0,8.3,Seattle,Large (1000+),Male,33,172000
2.6,High School,2.0,Full Stack Developer,175000.0,5.4,San Francisco,Large (1000+),Male,24,194000
10.8,High School,6.0,Data Scientist,187000.0,8.5,Remote,Medium (201-1000),Male,48,176000
11.3,Master,12.0,Software Engineer,282000.0,9.6,San Francisco,Large (1000+),Female,37,379000
12.0,Bachelor,7.0,Data Scientist,150000.0,8.4,Austin,Startup (1-50),Male,40,196000
1.9,Bachelor,1.0,Data Scientist,228000.0,6.2,New York,Large (1000+),Non-binary,32,219000
5.9,Bachelor,4.0,Data Scientist,199000.0,6.6,San Francisco,Small (51-200),Male,24,238000
1.6,PhD,9.0,Software Engineer,151000.0,9.9,Remote,Startup (1-50),Male,28,162000
1.1,Master,4.0,Frontend Developer,169000.0,7.4,New York,Startup (1-50),Female,34,179000
1.0,Bachelor,9.0,ML Engineer,198000.0,6.8,New York,Small (51-200),Male,27,211000
2.1,Bachelor,11.0,Data Analyst,117000.0,7.9,New York,Startup (1-50),Male,37,143000
2.8,Bachelor,5.0,Software Engineer,127000.0,5.3,Boston,Small (51-200),Male,38,136000
8.9,Bachelor,6.0,DevOps Engineer,151000.0,7.4,Remote,Startup (1-50),Male,32,172000
0.6,High School,4.0,Software Engineer,133000.0,6.5,San Francisco,Startup (1-50),Female,22,133000
6.6,Master,13.0,DevOps Engineer,280000.0,8.4,New York,Small (51-200),Male,46,231000
3.8,Bachelor,7.0,Software Engineer,225000.0,7.0,Seattle,Large (1000+),Female,30,205000
1.7,Master,5.0,Engineering Manager,203000.0,6.5,New York,Startup (1-50),Female,54,257000
3.4,Bachelor,2.0,Full Stack Developer,139000.0,6.4,Chicago,Startup (1-50),Male,37,131000
1.8,Master,6.0,DevOps Engineer,146000.0,9.1,Remote,Medium (201-1000),Male,30,214000
4.5,Master,5.0,Software Engineer,245000.0,4.5,Boston,Large (1000+),Male,36,215000
2.8,High School,1.0,Frontend Developer,158000.0,7.3,New York,Small (51-200),Male,22,148000
0.9,Bachelor,7.0,Full Stack Developer,178000.0,6.4,Remote,Large (1000+),Female,40,152000
0.6,Bachelor,4.0,Software Engineer,123000.0,6.1,Chicago,Small (51-200),Male,53,121000
4.0,Bachelor,6.0,Frontend Developer,143000.0,7.1,Boston,Startup (1-50),Female,22,144000
11.6,Bachelor,5.0,Data Analyst,134000.0,9.0,Remote,Small (51-200),Male,30,142000
2.1,Bachelor,4.0,Full Stack Developer,147000.0,8.9,Remote,Medium (201-1000),Male,31,162000
6.6,Bachelor,8.0,Data Analyst,109000.0,4.4,Boston,Small (51-200),Male,39,128000
5.4,PhD,8.0,Data Analyst,205000.0,10.0,New York,Medium (201-1000),Male,49,244000
13.4,High School,6.0,Product Manager,153000.0,7.6,Remote,Startup (1-50),Female,35,166000
8.6,PhD,9.0,ML Engineer,340000.0,7.8,New York,Medium (201-1000),Female,49,419000
4.2,Bachelor,10.0,Frontend Developer,114000.0,,Remote,Small (51-200),Male,33,112000
5.4,Master,6.0,Full Stack Developer,165000.0,7.4,Chicago,Small (51-200),Female,36,175000
11.4,Bachelor,5.0,Backend Developer,195000.0,9.9,Chicago,Medium (201-1000),Female,35,245000
2.6,High School,3.0,Engineering Manager,185000.0,7.0,Austin,Medium (201-1000),Female,42,211000
2.0,Master,5.0,Software Engineer,193000.0,8.5,San Francisco,Startup (1-50),Female,29,213000
0.1,Bachelor,5.0,ML Engineer,230000.0,5.6,San Francisco,Large (1000+),Female,39,279000
8.8,Master,6.0,Data Scientist,217000.0,10.0,Remote,Medium (201-1000),Male,22,264000
8.1,Bachelor,6.0,Data Scientist,124000.0,6.7,Chicago,Startup (1-50),Male,30,192000
0.6,Bachelor,10.0,Data Scientist,158000.0,8.7,Remote,Large (1000+),Male,27,202000
4.3,Bachelor,4.0,Full Stack Developer,201000.0,7.5,San Francisco,Medium (201-1000),Female,33,262000
3.1,Master,8.0,Software Engineer,174000.0,7.4,Los Angeles,Small (51-200),Female,29,173000
0.6,High School,9.0,Full Stack Developer,96000.0,7.5,Los Angeles,Startup (1-50),Female,41,123000
19.7,Master,15.0,Backend Developer,273000.0,10.0,Seattle,Small (51-200),Female,25,327000
1.2,Master,3.0,Data Scientist,203000.0,,Boston,Startup (1-50),Male,22,167000
0.3,High School,6.0,Data Scientist,112000.0,5.2,Remote,Small (51-200),Female,22,123000
4.5,High School,7.0,Backend Developer,111000.0,8.8,Remote,Small (51-200),Female,40,141000
6.7,Master,10.0,Full Stack Developer,269000.0,6.5,Los Angeles,Medium (201-1000),Female,24,222000
0.2,Bachelor,5.0,Data Analyst,104000.0,4.9,San Francisco,Startup (1-50),Female,35,106000
5.4,Bachelor,3.0,Data Analyst,158000.0,6.4,Boston,Large (1000+),Male,30,160000
3.8,High School,2.0,Engineering Manager,177000.0,7.9,Remote,Small (51-200),Male,39,146000
0.5,Bachelor,5.0,Frontend Developer,113000.0,5.9,Chicago,Small (51-200),Non-binary,30,107000
0.9,High School,2.0,Product Manager,148000.0,7.0,Chicago,Medium (201-1000),Male,54,141000
4.2,Bachelor,9.0,Data Analyst,130000.0,5.9,Los Angeles,Medium (201-1000),Male,47,139000
1.8,Master,7.0,Product Manager,162000.0,6.5,Austin,Small (51-200),Male,29,186000
13.9,Bachelor,9.0,Software Engineer,176000.0,,Chicago,Small (51-200),Male,28,204000
8.5,Bachelor,10.0,Engineering Manager,250000.0,6.6,Seattle,Small (51-200),Female,57,254000
20.5,PhD,10.0,DevOps Engineer,335000.0,6.9,Seattle,Medium (201-1000),Female,23,488000
1.5,Master,6.0,Full Stack Developer,166000.0,8.3,New York,Small (51-200),Female,32,200000
17.5,Master,12.0,Software Engineer,233000.0,6.9,Chicago,Medium (201-1000),Male,32,234000
2.8,Bachelor,8.0,ML Engineer,165000.0,10.0,Los Angeles,Medium (201-1000),Female,32,219000
2.1,Master,10.0,Data Scientist,204000.0,7.6,New York,Startup (1-50),Female,22,220000
0.3,High School,1.0,Data Scientist,165000.0,8.2,San Francisco,Small (51-200),Non-binary,36,175000
0.3,High School,7.0,Software Engineer,86000.0,4.9,Chicago,Startup (1-50),Female,24,90000
5.9,Bachelor,7.0,Data Analyst,128000.0,8.0,Boston,Small (51-200),Female,43,146000
3.1,Bachelor,4.0,Software Engineer,132000.0,4.6,Los Angeles,Small (51-200),Male,22,161000
1.3,Master,7.0,Data Scientist,202000.0,8.7,New York,Small (51-200),Male,32,242000
4.8,Bachelor,5.0,Software Engineer,198000.0,6.2,San Francisco,Medium (201-1000),Female,22,225000
1.5,Master,5.0,Frontend Developer,137000.0,10.0,Austin,Startup (1-50),Female,22,158000
4.3,Master,9.0,Data Scientist,241000.0,7.9,San Francisco,Large (1000+),Female,25,298000
2.2,Bachelor,10.0,Data Scientist,206000.0,6.7,New York,Small (51-200),Male,26,205000
8.7,Bachelor,7.0,DevOps Engineer,250000.0,9.6,San Francisco,Small (51-200),Female,44,289000
8.6,Bachelor,6.0,Backend Developer,212000.0,8.2,New York,Medium (201-1000),Male,32,274000
3.2,Bachelor,5.0,Software Engineer,193000.0,9.0,San Francisco,Large (1000+),Male,42,265000
2.2,High School,4.0,Software Engineer,101000.0,9.6,Los Angeles,Small (51-200),Male,29,147000
2.3,PhD,9.0,Data Scientist,299000.0,7.8,New York,Medium (201-1000),Female,37,344000
8.2,High School,10.0,Engineering Manager,310000.0,7.8,Seattle,Large (1000+),Male,26,289000
2.0,High School,4.0,ML Engineer,146000.0,8.1,Chicago,Medium (201-1000),Female,26,156000
1.2,Master,7.0,Frontend Developer,105000.0,10.0,Remote,Startup (1-50),Male,22,132000
0.4,Bachelor,9.0,Data Scientist,170000.0,7.5,Boston,Large (1000+),Female,35,192000
3.1,Master,5.0,DevOps Engineer,195000.0,6.0,Remote,Medium (201-1000),Female,34,172000
3.3,Bachelor,8.0,Software Engineer,155000.0,7.7,Chicago,Medium (201-1000),Female,38,196000
9.2,Bachelor,9.0,Software Engineer,161000.0,8.0,Chicago,Medium (201-1000),Male,34,190000
1.3,Bachelor,7.0,DevOps Engineer,,8.0,Boston,Large (1000+),Male,48,234000
2.4,Bachelor,6.0,ML Engineer,175000.0,8.2,Chicago,Small (51-200),Female,33,174000
8.3,Bachelor,5.0,Software Engineer,157000.0,7.9,Austin,Startup (1-50),Male,40,183000
8.7,Master,9.0,Backend Developer,213000.0,8.7,New York,Small (51-200),Male,29,241000
2.4,Bachelor,3.0,Engineering Manager,183000.0,8.1,Chicago,Startup (1-50),Male,25,181000
3.1,PhD,6.0,ML Engineer,239000.0,6.3,Austin,Small (51-200),Female,38,201000
1.8,High School,,Backend Developer,129000.0,,Los Angeles,Medium (201-1000),Male,31,150000
13.5,Bachelor,7.0,Engineering Manager,351000.0,8.8,San Francisco,Small (51-200),Male,39,398000
0.6,Bachelor,3.0,Data Analyst,140000.0,4.8,Seattle,Medium (201-1000),Female,35,133000
13.6,PhD,8.0,DevOps Engineer,325000.0,9.2,Los Angeles,Large (1000+),Male,26,380000
5.8,High School,6.0,Full Stack Developer,144000.0,9.3,New York,Small (51-200),Male,41,185000
3.8,Bachelor,4.0,Software Engineer,167000.0,7.3,Los Angeles,Large (1000+),Male,25,203000
0.2,Master,6.0,Frontend Developer,112000.0,5.4,Los Angeles,Startup (1-50),Female,37,125000
3.2,Bachelor,3.0,Data Scientist,205000.0,5.8,Chicago,Large (1000+),Male,42,176000
2.6,Master,4.0,Software Engineer,170000.0,10.0,Austin,Large (1000+),Female,29,227000
0.9,High School,5.0,DevOps Engineer,131000.0,4.1,Boston,Small (51-200),Female,41,126000
5.3,Master,5.0,Software Engineer,143000.0,8.2,Chicago,Small (51-200),Male,35,214000
17.7,PhD,14.0,Backend Developer,271000.0,8.2,Remote,Small (51-200),Female,39,298000
4.1,Master,10.0,DevOps Engineer,207000.0,,Boston,Large (1000+),Male,25,259000
6.3,Bachelor,7.0,Frontend Developer,186000.0,5.5,Los Angeles,Large (1000+),Male,34,174000
0.4,High School,4.0,Software Engineer,88000.0,8.5,Remote,Small (51-200),Female,22,109000
2.7,PhD,5.0,Software Engineer,233000.0,7.5,Los Angeles,Medium (201-1000),Female,46,207000
0.6,Bachelor,7.0,Frontend Developer,157000.0,6.8,San Francisco,Startup (1-50),Male,22,158000
4.7,High School,8.0,Engineering Manager,218000.0,6.9,San Francisco,Small (51-200),Male,29,209000
13.9,Master,7.0,Software Engineer,291000.0,8.3,Seattle,Large (1000+),Male,25,286000
5.4,Bachelor,6.0,Data Scientist,184000.0,6.7,Seattle,Startup (1-50),Male,37,193000
0.4,High School,6.0,Data Analyst,87000.0,,Remote,Large (1000+),Female,47,106000
2.2,Bachelor,7.0,Software Engineer,240000.0,5.1,San Francisco,Large (1000+),Female,37,196000
4.0,High School,5.0,Data Analyst,122000.0,6.1,Los Angeles,Large (1000+),Male,56,126000
2.6,Bachelor,9.0,Frontend Developer,123000.0,9.9,New York,Startup (1-50),Male,22,154000
9.0,Master,7.0,ML Engineer,277000.0,8.8,Seattle,Startup (1-50),Male,22,268000
8.4,Bachelor,11.0,Data Scientist,201000.0,6.4,New York,Startup (1-50),Male,25,218000
4.7,Master,7.0,Data Scientist,218000.0,6.1,Boston,Medium (201-1000),Male,33,249000
2.3,Master,6.0,Data Scientist,250000.0,5.3,San Francisco,Medium (201-1000),Male,24,255000
1.5,Master,3.0,Product Manager,190000.0,9.5,San Francisco,Startup (1-50),Male,26,205000
0.6,High School,4.0,Full Stack Developer,112000.0,4.7,Remote,Medium (201-1000),Male,37,114000
2.2,Master,4.0,Backend Developer,214000.0,9.0,San Francisco,Small (51-200),Female,22,271000
2.7,Bachelor,4.0,Full Stack Developer,169000.0,5.3,New York,Startup (1-50),Male,23,163000
5.6,Bachelor,2.0,Data Scientist,162000.0,7.4,Remote,Small (51-200),Female,29,150000
5.4,Master,6.0,Backend Developer,182000.0,8.2,San Francisco,Startup (1-50),Female,30,207000
0.4,Bachelor,2.0,DevOps Engineer,145000.0,5.4,Seattle,Small (51-200),Non-binary,40,151000
2.5,PhD,8.0,Full Stack Developer,244000.0,7.0,San Francisco,Small (51-200),Female,25,209000
1.0,High School,4.0,Data Scientist,199000.0,3.3,New York,Large (1000+),Female,26,170000
0.9,Master,9.0,Backend Developer,139000.0,6.9,Remote,Medium (201-1000),Female,37,154000
8.8,High School,14.0,Product Manager,198000.0,7.4,San Francisco,Small (51-200),Male,38,221000
0.2,PhD,5.0,ML Engineer,220000.0,5.2,Chicago,Medium (201-1000),Female,43,207000
2.7,High School,1.0,Software Engineer,138000.0,7.7,Los Angeles,Medium (201-1000),Female,36,145000
0.9,High School,3.0,Frontend Developer,151000.0,7.6,San Francisco,Small (51-200),Male,33,157000
10.6,Bachelor,5.0,ML Engineer,205000.0,7.8,Los Angeles,Medium (201-1000),Female,37,269000
4.1,Bachelor,5.0,Backend Developer,166000.0,5.0,New York,Medium (201-1000),Male,30,183000
1.3,Bachelor,2.0,Engineering Manager,286000.0,7.5,San Francisco,Medium (201-1000),Male,30,288000
3.5,Bachelor,6.0,DevOps Engineer,226000.0,5.0,San Francisco,Medium (201-1000),Male,22,218000
6.6,Bachelor,7.0,DevOps Engineer,208000.0,7.4,Seattle,Medium (201-1000),Female,39,211000
15.9,High School,8.0,Backend Developer,168000.0,8.3,Boston,Small (51-200),Female,34,200000
1.2,Bachelor,5.0,Software Engineer,211000.0,6.7,New York,Large (1000+),Female,38,209000
10.9,Master,6.0,Data Scientist,191000.0,6.8,Chicago,Startup (1-50),Female,22,196000
13.6,Master,12.0,Product Manager,270000.0,7.7,Remote,Large (1000+),Male,32,268000
12.4,Master,8.0,Backend Developer,225000.0,9.5,Seattle,Small (51-200),Female,25,262000
5.0,Master,8.0,Software Engineer,151000.0,6.7,Remote,Startup (1-50),Male,44,169000
5.0,Bachelor,4.0,Data Scientist,207000.0,3.6,Los Angeles,Medium (201-1000),Female,37,170000
2.6,High School,6.0,Backend Developer,161000.0,7.5,San Francisco,Small (51-200),Male,34,173000
7.0,Bachelor,5.0,Full Stack Developer,246000.0,5.5,New York,Large (1000+),Male,29,241000
3.8,Master,7.0,Data Analyst,144000.0,6.0,Seattle,Small (51-200),Female,35,152000
5.7,PhD,7.0,Data Scientist,250000.0,7.9,Austin,Medium (201-1000),Female,25,244000
2.8,Bachelor,7.0,Product Manager,181000.0,8.0,Austin,Small (51-200),Male,31,197000
6.6,High School,6.0,Frontend Developer,134000.0,8.7,New York,Startup (1-50),Female,27,186000
8.7,High School,3.0,Backend Developer,120000.0,8.3,Remote,Small (51-200),Male,50,134000
0.8,Bachelor,6.0,Frontend Developer,156000.0,7.5,Boston,Medium (201-1000),Male,44,179000
8.9,Bachelor,5.0,Software Engineer,216000.0,5.6,Boston,Medium (201-1000),Female,41,188000
3.9,High School,3.0,Engineering Manager,232000.0,7.3,San Francisco,Medium (201-1000),Male,22,254000
9.3,PhD,10.0,Software Engineer,276000.0,7.2,Austin,Large (1000+),Female,39,265000
2.8,Bachelor,4.0,Data Scientist,178000.0,10.0,Seattle,Medium (201-1000),Male,34,239000
2.4,PhD,4.0,Data Analyst,165000.0,7.2,Austin,Large (1000+),Male,42,176000
12.3,Master,9.0,Backend Developer,219000.0,8.7,Los Angeles,Startup (1-50),Male,35,220000
1.4,Master,5.0,Data Analyst,113000.0,8.2,Austin,Startup (1-50),Male,32,132000
9.3,Master,10.0,Frontend Developer,212000.0,8.3,San Francisco,Small (51-200),Male,34,288000
3.3,Master,5.0,ML Engineer,189000.0,8.0,Seattle,Startup (1-50),Female,22,219000
3.6,Master,8.0,Product Manager,159000.0,10.0,Chicago,Small (51-200),Female,26,237000
1.8,Master,6.0,Software Engineer,171000.0,5.4,Remote,Small (51-200),Female,35,160000
4.3,Bachelor,7.0,Data Analyst,,4.1,Austin,Medium (201-1000),Female,41,129000
2.0,PhD,7.0,Data Scientist,207000.0,5.4,New York,Medium (201-1000),Male,28,271000
0.2,Master,7.0,Data Analyst,136000.0,8.7,Seattle,Large (1000+),Male,32,181000
1.6,Master,8.0,Software Engineer,192000.0,7.0,Austin,Large (1000+),Male,22,199000
0.0,Master,3.0,Frontend Developer,122000.0,9.9,Los Angeles,Startup (1-50),Male,44,186000
19.2,Bachelor,10.0,Product Manager,259000.0,10.0,Boston,Small (51-200),Female,41,330000
16.9,High School,9.0,DevOps Engineer,166000.0,6.9,Remote,Small (51-200),Male,37,177000
2.5,Bachelor,5.0,Full Stack Developer,120000.0,6.8,Austin,Startup (1-50),Male,35,141000
6.5,Bachelor,11.0,Data Analyst,123000.0,6.8,Seattle,Small (51-200),Male,44,148000
2.1,Master,8.0,Full Stack Developer,186000.0,4.9,Chicago,Medium (201-1000),Male,26,197000
5.6,Bachelor,7.0,Product Manager,161000.0,7.8,Austin,Startup (1-50),Male,25,174000
8.2,Bachelor,9.0,DevOps Engineer,151000.0,8.8,Los Angeles,Medium (201-1000),Female,40,245000
14.7,Bachelor,5.0,Software Engineer,204000.0,6.9,Seattle,Medium (201-1000),Male,40,261000
2.6,High School,7.0,Software Engineer,116000.0,4.3,San Francisco,Startup (1-50),Female,22,117000
7.6,Master,8.0,Data Scientist,181000.0,6.4,Remote,Small (51-200),Male,28,196000
1.5,Master,3.0,Software Engineer,247000.0,8.9,San Francisco,Large (1000+),Female,46,297000
23.2,Bachelor,17.0,Frontend Developer,234000.0,9.8,New York,Small (51-200),Female,35,299000
0.1,Bachelor,5.0,Software Engineer,141000.0,7.2,Seattle,Small (51-200),Female,38,147000
4.6,Bachelor,6.0,Software Engineer,151000.0,10.0,Remote,Small (51-200),Male,23,187000
5.4,Bachelor,5.0,Software Engineer,143000.0,4.0,Austin,Startup (1-50),Male,37,121000
5.8,High School,6.0,Data Analyst,103000.0,7.2,San Francisco,Startup (1-50),Female,22,116000
0.6,PhD,5.0,Frontend Developer,193000.0,7.9,Boston,Large (1000+),Male,22,211000
13.9,Bachelor,6.0,ML Engineer,207000.0,8.6,Seattle,Startup (1-50),Male,38,242000
1.0,Bachelor,6.0,Product Manager,154000.0,9.0,Los Angeles,Small (51-200),Male,43,184000
4.9,Bachelor,4.0,Software Engineer,137000.0,9.1,Austin,Startup (1-50),Female,30,167000
1.3,Master,,Engineering Manager,219000.0,9.2,Remote,Medium (201-1000),Male,28,232000
1.8,Master,8.0,Backend Developer,156000.0,9.0,New York,Startup (1-50),Female,46,204000
4.0,Master,10.0,Software Engineer,135000.0,5.6,Remote,Small (51-200),Female,30,168000
2.7,High School,1.0,Backend Developer,121000.0,5.9,Remote,Medium (201-1000),Male,31,116000
0.9,Master,3.0,Full Stack Developer,,4.3,Los Angeles,Small (51-200),Male,46,138000
0.9,Bachelor,2.0,DevOps Engineer,213000.0,8.1,San Francisco,Small (51-200),Male,29,225000
2.7,Bachelor,3.0,Data Analyst,127000.0,8.7,Seattle,Small (51-200),Male,27,132000
7.1,Bachelor,7.0,Software Engineer,149000.0,5.3,Remote,Medium (201-1000),Male,39,137000
11.4,Bachelor,13.0,Data Scientist,312000.0,5.9,San Francisco,Large (1000+),Male,26,301000
0.4,Master,7.0,Software Engineer,172000.0,4.4,Seattle,Small (51-200),Female,31,175000
2.5,PhD,6.0,Data Scientist,,7.0,Los Angeles,Startup (1-50),Female,22,214000
0.5,Bachelor,2.0,Data Scientist,148000.0,5.8,Seattle,Startup (1-50),Male,33,138000
0.1,Master,3.0,Product Manager,203000.0,5.2,Los Angeles,Medium (201-1000),Female,33,168000
5.4,Master,9.0,Software Engineer,285000.0,7.9,San Francisco,Medium (201-1000),Female,40,284000
4.6,PhD,7.0,DevOps Engineer,205000.0,10.0,Remote,Medium (201-1000),Male,39,255000
0.9,Bachelor,3.0,Frontend Developer,137000.0,7.4,Boston,Medium (201-1000),Male,36,176000
1.3,Bachelor,7.0,Product Manager,153000.0,5.9,Austin,Large (1000+),Female,35,205000
0.1,Bachelor,8.0,Engineering Manager,196000.0,6.1,Los Angeles,Large (1000+),Female,31,230000
9.0,Master,11.0,Full Stack Developer,245000.0,10.0,San Francisco,Medium (201-1000),Female,37,306000
18.4,High School,14.0,Engineering Manager,262000.0,9.5,Chicago,Small (51-200),Male,23,262000
0.7,Bachelor,7.0,Full Stack Developer,120000.0,6.9,Remote,Small (51-200),Female,22,127000
1.3,Bachelor,7.0,Engineering Manager,222000.0,7.8,New York,Small (51-200),Female,41,229000
10.1,Bachelor,7.0,Full Stack Developer,201000.0,5.4,Los Angeles,Small (51-200),Male,37,203000
13.0,Master,10.0,Software Engineer,280000.0,8.0,Seattle,Medium (201-1000),Female,31,330000
2.7,Master,7.0,ML Engineer,160000.0,8.5,Chicago,Startup (1-50),Male,41,167000
0.3,Master,5.0,Backend Developer,206000.0,,Seattle,Medium (201-1000),Male,26,198000
0.2,Master,6.0,ML Engineer,159000.0,6.2,Chicago,Small (51-200),Male,26,206000
4.3,Bachelor,8.0,Data Scientist,199000.0,8.3,Boston,Medium (201-1000),Female,25,241000
2.5,Bachelor,4.0,Frontend Developer,131000.0,7.2,San Francisco,Startup (1-50),Female,37,163000
0.1,Bachelor,4.0,Product Manager,167000.0,6.1,Boston,Small (51-200),Female,22,182000
4.4,High School,4.0,Software Engineer,161000.0,9.9,San Francisco,Startup (1-50),Female,26,199000
0.1,Bachelor,,Full Stack Developer,197000.0,7.0,Seattle,Large (1000+),Male,34,193000
7.7,Master,8.0,Full Stack Developer,260000.0,6.7,San Francisco,Small (51-200),Female,22,231000
1.8,Bachelor,3.0,Engineering Manager,284000.0,5.4,San Francisco,Startup (1-50),Female,27,229000
0.2,Master,6.0,Product Manager,185000.0,9.5,New York,Startup (1-50),Non-binary,22,237000
4.4,Bachelor,4.0,Full Stack Developer,150000.0,6.4,Austin,Medium (201-1000),Male,37,160000
2.5,High School,1.0,Frontend Developer,104000.0,7.7,Austin,Startup (1-50),Female,26,112000
18.2,High School,10.0,Data Scientist,206000.0,6.3,Austin,Large (1000+),Male,23,231000
3.9,Bachelor,7.0,Frontend Developer,148000.0,7.2,New York,Small (51-200),Female,22,158000
1.6,Bachelor,8.0,Full Stack Developer,123000.0,10.0,Remote,Small (51-200),Female,29,152000
6.2,High School,5.0,Product Manager,182000.0,6.7,Remote,Medium (201-1000),Female,22,181000
1.6,Bachelor,6.0,Full Stack Developer,168000.0,4.2,Seattle,Small (51-200),Male,48,154000
11.7,Bachelor,8.0,Software Engineer,212000.0,9.7,Chicago,Large (1000+),Male,22,252000
2.3,Bachelor,3.0,Frontend Developer,119000.0,,Boston,Small (51-200),Male,28,124000
4.0,Master,6.0,ML Engineer,203000.0,6.6,Remote,Large (1000+),Female,33,242000
0.3,Master,11.0,Software Engineer,239000.0,7.6,New York,Medium (201-1000),Female,26,215000
2.8,Bachelor,4.0,Data Scientist,230000.0,8.9,San Francisco,Large (1000+),Female,34,256000
8.9,Master,8.0,Software Engineer,206000.0,4.2,Chicago,Startup (1-50),Male,26,174000
8.2,Master,9.0,Data Analyst,142000.0,7.9,Chicago,Small (51-200),Male,44,139000
1.3,Master,4.0,Data Scientist,236000.0,9.1,San Francisco,Medium (201-1000),Male,23,271000
1.3,Bachelor,3.0,Data Scientist,180000.0,10.0,Seattle,Medium (201-1000),Male,22,201000
8.5,High School,8.0,Engineering Manager,153000.0,5.3,Remote,Startup (1-50),Female,22,154000
13.3,Master,13.0,ML Engineer,195000.0,9.9,Remote,Small (51-200),Female,35,233000
0.5,Bachelor,3.0,Software Engineer,141000.0,5.7,Chicago,Small (51-200),Non-binary,31,135000
3.0,PhD,7.0,Data Scientist,296000.0,9.3,San Francisco,Medium (201-1000),Male,38,342000
2.1,Master,4.0,Software Engineer,179000.0,,Seattle,Small (51-200),Male,36,220000
10.2,Bachelor,11.0,Software Engineer,217000.0,8.1,San Francisco,Small (51-200),Male,27,257000
0.4,Bachelor,3.0,Software Engineer,148000.0,7.9,Seattle,Startup (1-50),Female,28,140000
1.2,Bachelor,5.0,Frontend Developer,195000.0,8.2,San Francisco,Small (51-200),Female,29,192000
7.0,Bachelor,7.0,Software Engineer,160000.0,8.0,Chicago,Startup (1-50),Male,47,168000
0.3,Bachelor,5.0,ML Engineer,190000.0,6.0,Austin,Large (1000+),Male,38,211000
3.4,Bachelor,5.0,Data Analyst,86000.0,6.2,Chicago,Startup (1-50),Female,47,84000
2.9,Bachelor,3.0,DevOps Engineer,,10.0,San Francisco,Large (1000+),Female,39,258000
2.0,Bachelor,4.0,Product Manager,196000.0,7.5,New York,Small (51-200),Male,31,196000
2.5,PhD,6.0,DevOps Engineer,218000.0,7.3,New York,Small (51-200),Female,24,289000
3.8,High School,5.0,ML Engineer,151000.0,8.4,Seattle,Startup (1-50),Male,34,181000
0.9,PhD,6.0,Full Stack Developer,191000.0,8.6,Chicago,Medium (201-1000),Female,32,229000
4.2,PhD,4.0,Software Engineer,259000.0,6.1,Seattle,Medium (201-1000),Male,31,231000
8.2,Bachelor,7.0,Software Engineer,180000.0,9.6,New York,Small (51-200),Male,30,245000
7.1,Master,8.0,Backend Developer,185000.0,5.8,San Francisco,Startup (1-50),Male,22,185000
0.8,Bachelor,4.0,DevOps Engineer,208000.0,5.7,San Francisco,Large (1000+),Male,42,199000
0.8,Master,10.0,Full Stack Developer,174000.0,5.7,Remote,Large (1000+),Male,32,173000
1.6,Bachelor,3.0,Product Manager,180000.0,5.9,Seattle,Small (51-200),Female,22,184000
2.2,Bachelor,10.0,ML Engineer,212000.0,6.6,Remote,Medium (201-1000),Male,36,179000
2.6,Bachelor,3.0,Frontend Developer,95000.0,6.5,Remote,Small (51-200),Female,25,118000
5.7,Bachelor,7.0,Frontend Developer,,4.1,San Francisco,Small (51-200),Male,36,180000
0.3,Bachelor,5.0,Engineering Manager,226000.0,6.3,San Francisco,Startup (1-50),Male,39,210000
0.2,Bachelor,6.0,Data Analyst,83000.0,5.7,Remote,Small (51-200),Non-binary,40,104000
2.5,Bachelor,3.0,Product Manager,166000.0,10.0,Remote,Large (1000+),Female,31,201000
6.0,High School,3.0,Data Scientist,175000.0,6.9,Seattle,Startup (1-50),Male,29,137000
1.1,High School,5.0,Full Stack Developer,152000.0,6.4,San Francisco,Medium (201-1000),Male,27,178000
5.1,Bachelor,6.0,Data Scientist,237000.0,,San Francisco,Large (1000+),Female,26,296000
1.5,High School,3.0,Data Scientist,142000.0,8.4,New York,Startup (1-50),Male,32,147000
10.9,High School,8.0,Product Manager,202000.0,6.1,San Francisco,Startup (1-50),Female,30,199000
11.3,Master,10.0,Software Engineer,303000.0,8.9,New York,Medium (201-1000),Male,25,330000
1.8,High School,5.0,Engineering Manager,199000.0,8.2,Seattle,Small (51-200),Male,23,194000
1.3,Master,4.0,Software Engineer,195000.0,8.1,San Francisco,Startup (1-50),Male,31,184000
2.6,Bachelor,7.0,Data Analyst,112000.0,8.0,San Francisco,Small (51-200),Female,29,149000
1.4,Master,5.0,Data Scientist,163000.0,6.3,Chicago,Small (51-200),Male,23,182000
5.6,Bachelor,11.0,ML Engineer,252000.0,7.1,Boston,Large (1000+),Male,39,249000
8.7,Bachelor,7.0,Data Scientist,222000.0,7.8,Los Angeles,Medium (201-1000),Female,46,238000
5.6,Bachelor,7.0,Frontend Developer,162000.0,6.8,New York,Small (51-200),Female,40,184000
8.7,Bachelor,8.0,ML Engineer,159000.0,9.4,Remote,Small (51-200),Male,26,191000
2.5,Bachelor,10.0,Backend Developer,180000.0,6.1,New York,Large (1000+),Female,32,206000
0.8,High School,3.0,Software Engineer,118000.0,8.8,Boston,Startup (1-50),Female,44,124000
6.7,PhD,10.0,Software Engineer,261000.0,10.0,San Francisco,Startup (1-50),Male,23,304000
2.2,Bachelor,2.0,Software Engineer,218000.0,7.5,San Francisco,Large (1000+),Male,38,259000
5.6,Bachelor,3.0,ML Engineer,203000.0,5.5,Los Angeles,Large (1000+),Female,22,248000
1.6,Master,6.0,Data Analyst,109000.0,8.4,Austin,Startup (1-50),Male,45,114000
0.4,Bachelor,7.0,Product Manager,129000.0,5.8,Los Angeles,Startup (1-50),Male,29,131000
24.5,Master,12.0,Data Scientist,300000.0,8.1,New York,Small (51-200),Female,50,336000
0.8,Bachelor,,Frontend Developer,132000.0,7.3,New York,Startup (1-50),Male,46,149000
22.3,Master,,Full Stack Developer,280000.0,10.0,Seattle,Medium (201-1000),Female,31,360000
18.9,High School,11.0,Data Scientist,139000.0,5.0,Remote,Startup (1-50),Male,26,148000
7.9,Master,8.0,ML Engineer,230000.0,8.0,Austin,Startup (1-50),Male,34,262000
5.4,Master,5.0,Frontend Developer,140000.0,,Los Angeles,Small (51-200),Male,31,212000
4.3,Bachelor,5.0,Software Engineer,215000.0,5.9,San Francisco,Large (1000+),Male,29,242000
10.1,High School,8.0,Software Engineer,130000.0,7.4,Remote,Small (51-200),Female,22,152000
1.7,Bachelor,9.0,Software Engineer,193000.0,6.9,New York,Small (51-200),Female,28,206000
3.2,PhD,6.0,Backend Developer,284000.0,9.8,San Francisco,Large (1000+),Male,23,323000
4.8,Bachelor,3.0,Software Engineer,147000.0,5.7,Austin,Small (51-200),Non-binary,36,163000
2.6,Bachelor,5.0,Software Engineer,132000.0,5.5,Austin,Small (51-200),Male,40,155000
2.8,High School,4.0,ML Engineer,203000.0,8.2,San Francisco,Small (51-200),Male,38,235000
2.0,Bachelor,7.0,Software Engineer,143000.0,7.4,New York,Startup (1-50),Male,35,168000
4.2,Bachelor,9.0,Software Engineer,173000.0,5.9,Seattle,Small (51-200),Male,25,193000
9.5,PhD,9.0,Product Manager,277000.0,8.2,Seattle,Small (51-200),Female,34,280000
1.1,Bachelor,4.0,Software Engineer,,3.8,New York,Small (51-200),Male,38,186000
13.6,Master,9.0,Backend Developer,275000.0,9.7,San Francisco,Startup (1-50),Male,27,297000
5.8,Bachelor,5.0,ML Engineer,247000.0,7.0,San Francisco,Small (51-200),Male,33,266000
8.7,High School,4.0,Backend Developer,140000.0,6.1,Los Angeles,Small (51-200),Female,31,136000
4.1,Bachelor,8.0,Frontend Developer,151000.0,6.1,Los Angeles,Startup (1-50),Female,45,120000
7.6,Bachelor,7.0,Data Scientist,185000.0,6.6,Austin,Startup (1-50),Female,39,162000
0.1,PhD,6.0,Data Analyst,181000.0,5.3,Los Angeles,Large (1000+),Male,37,161000
8.5,Master,7.0,DevOps Engineer,186000.0,9.4,Remote,Small (51-200),Female,22,211000
0.2,Bachelor,8.0,Data Analyst,106000.0,8.2,San Francisco,Startup (1-50),Male,33,122000
11.0,Bachelor,7.0,ML Engineer,226000.0,7.1,San Francisco,Medium (201-1000),Male,31,313000
24.1,Bachelor,11.0,Engineering Manager,271000.0,7.7,Los Angeles,Startup (1-50),Female,31,254000
1.7,PhD,8.0,Full Stack Developer,234000.0,6.0,Boston,Medium (201-1000),Male,22,230000
1.2,Master,4.0,Engineering Manager,193000.0,7.3,Chicago,Medium (201-1000),Male,23,234000
7.2,Master,7.0,Frontend Developer,,8.0,Chicago,Medium (201-1000),Male,31,217000
1.5,Bachelor,5.0,DevOps Engineer,172000.0,8.3,Seattle,Medium (201-1000),Male,41,194000
10.0,Bachelor,7.0,Full Stack Developer,207000.0,7.3,San Francisco,Startup (1-50),Male,27,212000
0.5,Bachelor,4.0,Product Manager,198000.0,4.7,San Francisco,Medium (201-1000),Male,29,207000
0.7,Bachelor,6.0,Engineering Manager,191000.0,5.0,San Francisco,Startup (1-50),Male,46,214000
19.4,Bachelor,13.0,ML Engineer,308000.0,8.5,San Francisco,Small (51-200),Female,30,404000
5.6,High School,6.0,Full Stack Developer,159000.0,6.7,Seattle,Large (1000+),Female,31,191000
9.4,High School,8.0,Data Scientist,218000.0,8.8,San Francisco,Small (51-200),Female,31,241000
2.0,Master,9.0,Frontend Developer,226000.0,7.7,San Francisco,Large (1000+),Female,22,248000
5.6,Master,8.0,Software Engineer,162000.0,8.9,Seattle,Startup (1-50),Female,37,206000
4.5,Bachelor,8.0,ML Engineer,202000.0,4.4,New York,Small (51-200),Male,27,179000
4.6,Bachelor,7.0,Product Manager,183000.0,4.4,Seattle,Startup (1-50),Male,32,171000
5.7,Bachelor,3.0,Software Engineer,187000.0,9.4,Seattle,Medium (201-1000),Female,36,213000
4.3,Master,4.0,Backend Developer,173000.0,6.4,Boston,Startup (1-50),Male,48,183000
2.8,Master,7.0,Frontend Developer,128000.0,7.3,Los Angeles,Startup (1-50),Male,22,144000
1.6,Master,5.0,Software Engineer,197000.0,7.9,San Francisco,Small (51-200),Male,39,214000
7.3,Master,7.0,ML Engineer,300000.0,7.4,San Francisco,Medium (201-1000),Female,39,314000
1.3,Bachelor,4.0,Frontend Developer,135000.0,6.0,Chicago,Startup (1-50),Female,27,116000
5.9,Bachelor,6.0,Software Engineer,173000.0,4.9,Austin,Large (1000+),Male,37,182000
1.3,Bachelor,3.0,Data Analyst,90000.0,,Remote,Startup (1-50),Male,45,88000
4.9,Bachelor,6.0,Engineering Manager,234000.0,8.0,New York,Startup (1-50),Female,26,202000
6.9,Master,9.0,Data Scientist,226000.0,8.1,Chicago,Small (51-200),Male,34,252000
1.2,Bachelor,6.0,Software Engineer,197000.0,7.1,Los Angeles,Large (1000+),Male,35,169000
0.3,High School,4.0,DevOps Engineer,111000.0,6.0,Boston,Startup (1-50),Male,36,126000
0.7,Bachelor,3.0,Full Stack Developer,139000.0,8.2,San Francisco,Startup (1-50),Female,38,179000
4.7,PhD,5.0,Data Scientist,193000.0,4.9,Chicago,Medium (201-1000),Male,33,235000
9.5,Bachelor,8.0,Software Engineer,158000.0,10.0,Remote,Small (51-200),Male,36,177000
0.2,Master,7.0,Frontend Developer,155000.0,8.4,Remote,Medium (201-1000),Male,25,152000
6.6,Bachelor,7.0,Engineering Manager,271000.0,7.6,San Francisco,Startup (1-50),Female,33,278000
2.1,High School,5.0,ML Engineer,123000.0,,Remote,Small (51-200),Female,28,144000
3.3,Bachelor,10.0,DevOps Engineer,193000.0,8.0,San Francisco,Small (51-200),Male,22,200000
13.2,Master,13.0,Engineering Manager,400000.0,8.7,New York,Small (51-200),Female,28,429000
2.0,Bachelor,2.0,Backend Developer,149000.0,4.5,Boston,Medium (201-1000),Male,34,187000
3.1,Master,5.0,Full Stack Developer,175000.0,7.4,New York,Medium (201-1000),Male,35,236000
0.1,Bachelor,3.0,Frontend Developer,124000.0,9.1,Remote,Small (51-200),Female,22,131000
0.4,High School,2.0,Engineering Manager,176000.0,7.0,Boston,Large (1000+),Male,24,214000
1.5,PhD,8.0,Backend Developer,212000.0,8.8,San Francisco,Small (51-200),Male,38,242000
0.1,Bachelor,3.0,Product Manager,128000.0,7.3,Remote,Startup (1-50),Male,36,139000
5.0,Bachelor,6.0,Backend Developer,160000.0,7.9,Los Angeles,Medium (201-1000),Female,39,200000
2.8,Master,7.0,Full Stack Developer,257000.0,7.2,San Francisco,Medium (201-1000),Female,43,238000
4.0,Bachelor,4.0,Data Scientist,205000.0,,Boston,Startup (1-50),Female,36,197000
1.0,Master,9.0,Data Scientist,211000.0,8.4,New York,Medium (201-1000),Female,29,257000
1.8,High School,2.0,Full Stack Developer,136000.0,9.8,Seattle,Small (51-200),Female,33,173000
5.5,Bachelor,12.0,Data Scientist,225000.0,8.6,New York,Medium (201-1000),Male,45,266000
16.8,High School,7.0,Frontend Developer,218000.0,9.5,Seattle,Large (1000+),Female,54,259000
0.3,Master,3.0,Data Scientist,219000.0,7.9,San Francisco,Medium (201-1000),Female,36,255000
11.1,Bachelor,8.0,Data Analyst,116000.0,9.1,Los Angeles,Startup (1-50),Male,36,156000
4.3,Master,9.0,Software Engineer,193000.0,4.2,Boston,Medium (201-1000),Male,38,182000
4.1,PhD,8.0,Data Analyst,152000.0,6.5,Austin,Medium (201-1000),Male,32,173000
3.5,Bachelor,7.0,Backend Developer,137000.0,5.6,Seattle,Startup (1-50),Female,41,162000
0.4,Bachelor,2.0,Software Engineer,104000.0,7.3,Austin,Small (51-200),Male,40,149000
0.5,Bachelor,1.0,Frontend Developer,169000.0,6.4,Seattle,Large (1000+),Male,35,151000
4.6,Bachelor,9.0,Data Scientist,179000.0,8.2,Seattle,Small (51-200),Male,29,187000
2.1,Bachelor,5.0,ML Engineer,156000.0,6.2,Seattle,Startup (1-50),Male,22,174000
12.5,Master,13.0,ML Engineer,271000.0,10.0,New York,Startup (1-50),Female,38,312000
2.6,PhD,9.0,Software Engineer,259000.0,10.0,San Francisco,Medium (201-1000),Male,34,332000
0.8,PhD,6.0,Engineering Manager,270000.0,5.8,Austin,Large (1000+),Male,26,275000
6.3,Master,10.0,Software Engineer,190000.0,8.5,Chicago,Medium (201-1000),Female,23,228000
1.7,Master,5.0,Backend Developer,184000.0,6.2,San Francisco,Small (51-200),Female,37,236000
3.7,Bachelor,6.0,ML Engineer,213000.0,7.9,San Francisco,Medium (201-1000),Male,22,267000
6.0,Master,8.0,Backend Developer,282000.0,9.1,New York,Medium (201-1000),Male,34,251000
11.5,Master,11.0,ML Engineer,261000.0,7.0,Los Angeles,Medium (201-1000),Female,39,313000
7.9,Bachelor,5.0,Backend Developer,138000.0,5.9,Chicago,Startup (1-50),Male,36,144000
5.6,PhD,9.0,Full Stack Developer,312000.0,6.5,Boston,Medium (201-1000),Female,29,261000
5.7,Bachelor,7.0,Backend Developer,149000.0,7.0,Los Angeles,Small (51-200),Male,22,188000
14.6,Master,8.0,Software Engineer,234000.0,8.2,Seattle,Startup (1-50),Male,37,236000
1.8,Master,6.0,Backend Developer,202000.0,8.2,Los Angeles,Small (51-200),Male,42,194000
0.0,PhD,6.0,Data Scientist,232000.0,7.4,New York,Large (1000+),Male,27,281000
1.6,Bachelor,7.0,Software Engineer,194000.0,5.4,New York,Small (51-200),Female,36,190000
1.2,Master,7.0,ML Engineer,246000.0,6.8,Boston,Large (1000+),Non-binary,45,214000
5.4,Bachelor,6.0,DevOps Engineer,155000.0,3.3,Seattle,Startup (1-50),Female,35,182000
5.0,Bachelor,6.0,DevOps Engineer,191000.0,10.0,Boston,Medium (201-1000),Female,29,224000
4.5,Master,6.0,Full Stack Developer,184000.0,6.7,New York,Startup (1-50),Female,40,185000
0.1,Bachelor,3.0,Data Scientist,183000.0,7.9,Boston,Small (51-200),Female,26,184000
6.5,Master,8.0,Data Scientist,265000.0,9.0,New York,Medium (201-1000),Female,22,324000
2.0,Bachelor,7.0,Software Engineer,210000.0,6.5,San Francisco,Medium (201-1000),Male,38,213000
5.5,Bachelor,10.0,Backend Developer,161000.0,3.6,Los Angeles,Medium (201-1000),Male,29,173000
4.1,Master,7.0,Frontend Developer,169000.0,6.6,Chicago,Medium (201-1000),Female,29,175000
2.1,Bachelor,5.0,ML Engineer,181000.0,8.6,Los Angeles,Medium (201-1000),Female,27,209000
0.7,Bachelor,5.0,Full Stack Developer,128000.0,6.3,Remote,Large (1000+),Female,28,139000
0.5,PhD,7.0,Frontend Developer,165000.0,9.1,Remote,Small (51-200),Female,43,165000
8.9,Bachelor,11.0,DevOps Engineer,162000.0,7.2,Austin,Startup (1-50),Male,45,166000
12.5,Master,10.0,Frontend Developer,237000.0,10.0,San Francisco,Startup (1-50),Female,46,270000
5.2,Bachelor,5.0,Backend Developer,173000.0,5.3,San Francisco,Small (51-200),Non-binary,41,190000
0.5,Bachelor,4.0,Backend Developer,195000.0,7.5,New York,Medium (201-1000),Male,36,216000
2.6,Bachelor,2.0,Data Scientist,139000.0,6.2,Chicago,Startup (1-50),Female,22,130000
6.5,Bachelor,8.0,Software Engineer,183000.0,9.4,San Francisco,Startup (1-50),Male,30,212000
7.6,Bachelor,4.0,Software Engineer,169000.0,6.2,Los Angeles,Startup (1-50),Female,49,156000
0.6,Bachelor,3.0,Backend Developer,137000.0,4.1,Austin,Medium (201-1000),Female,29,120000
0.0,Bachelor,3.0,Data Analyst,92000.0,4.9,Remote,Startup (1-50),Male,44,100000
6.2,High School,10.0,ML Engineer,166000.0,6.4,San Francisco,Startup (1-50),Male,32,175000
2.2,Bachelor,6.0,Software Engineer,191000.0,9.0,New York,Medium (201-1000),Male,22,225000
1.5,Bachelor,4.0,Full Stack Developer,144000.0,8.4,Los Angeles,Medium (201-1000),Male,37,204000
0.1,High School,6.0,Data Analyst,92000.0,8.0,New York,Small (51-200),Male,42,103000
3.9,PhD,7.0,Product Manager,278000.0,8.2,New York,Medium (201-1000),Male,32,352000
9.5,Master,9.0,Backend Developer,211000.0,7.0,San Francisco,Startup (1-50),Female,42,208000
15.8,Master,8.0,Data Analyst,271000.0,7.1,San Francisco,Large (1000+),Male,22,269000
4.2,Bachelor,6.0,Software Engineer,171000.0,5.9,New York,Small (51-200),Male,22,197000
3.6,PhD,7.0,Software Engineer,264000.0,5.8,Boston,Large (1000+),Female,34,250000
0.4,Master,9.0,Software Engineer,203000.0,5.1,Seattle,Large (1000+),Female,36,232000
4.0,Master,5.0,Full Stack Developer,178000.0,6.0,Austin,Medium (201-1000),Female,43,196000
2.4,Bachelor,8.0,Software Engineer,173000.0,7.3,San Francisco,Startup (1-50),Female,37,183000
4.7,PhD,6.0,DevOps Engineer,184000.0,7.2,Chicago,Small (51-200),Male,22,201000
2.5,Master,5.0,DevOps Engineer,167000.0,9.2,Remote,Startup (1-50),Male,34,149000
1.4,Master,6.0,Data Scientist,273000.0,8.6,San Francisco,Large (1000+),Male,37,270000
0.5,Bachelor,4.0,Data Analyst,110000.0,8.1,Seattle,Medium (201-1000),Female,22,129000
1.9,Bachelor,3.0,Software Engineer,211000.0,7.1,San Francisco,Large (1000+),Male,32,216000
0.5,Bachelor,9.0,ML Engineer,147000.0,4.0,Remote,Medium (201-1000),Female,29,162000
1.0,Bachelor,5.0,Full Stack Developer,105000.0,10.0,Remote,Small (51-200),Male,27,151000
21.8,Master,11.0,Software Engineer,282000.0,7.6,Los Angeles,Small (51-200),Male,36,264000
2.9,High School,5.0,Backend Developer,160000.0,7.6,New York,Small (51-200),Female,23,152000
3.8,High School,7.0,Data Analyst,99000.0,7.6,Seattle,Small (51-200),Female,35,117000
10.3,Bachelor,6.0,Product Manager,292000.0,6.4,San Francisco,Medium (201-1000),Male,36,371000
27.1,Bachelor,14.0,Data Analyst,236000.0,7.7,Seattle,Large (1000+),Male,41,250000
4.4,Bachelor,5.0,Data Scientist,178000.0,8.1,Austin,Medium (201-1000),Male,23,208000
8.4,Master,7.0,Frontend Developer,293000.0,5.3,San Francisco,Large (1000+),Male,22,252000
2.0,Bachelor,6.0,Software Engineer,157000.0,6.8,Remote,Large (1000+),Female,34,172000
1.8,High School,5.0,Data Scientist,144000.0,3.5,Austin,Small (51-200),Male,30,133000
2.6,Bachelor,5.0,Software Engineer,121000.0,6.8,Chicago,Small (51-200),Male,55,143000
5.6,Bachelor,9.0,Data Scientist,229000.0,9.0,New York,Medium (201-1000),Female,36,276000
5.7,High School,5.0,Data Analyst,105000.0,6.7,Los Angeles,Small (51-200),Male,32,116000
1.9,Master,9.0,ML Engineer,157000.0,4.8,Los Angeles,Startup (1-50),Male,31,174000
0.7,Master,6.0,Frontend Developer,134000.0,6.4,Los Angeles,Small (51-200),Male,22,171000
5.0,Master,6.0,DevOps Engineer,169000.0,8.5,Remote,Large (1000+),Male,37,213000
0.7,Master,8.0,DevOps Engineer,139000.0,7.3,Chicago,Startup (1-50),Male,31,139000
4.3,High School,1.0,Engineering Manager,194000.0,,Boston,Medium (201-1000),Female,31,221000
5.9,PhD,9.0,Data Scientist,294000.0,7.3,San Francisco,Large (1000+),Female,33,356000
6.0,Master,8.0,Backend Developer,194000.0,6.9,Remote,Medium (201-1000),Male,34,147000
7.0,PhD,10.0,DevOps Engineer,225000.0,8.5,Remote,Medium (201-1000),Female,22,235000
10.3,High School,4.0,Software Engineer,157000.0,7.4,Los Angeles,Medium (201-1000),Male,39,159000
3.5,PhD,5.0,DevOps Engineer,202000.0,9.3,Austin,Small (51-200),Male,25,225000
6.6,Master,5.0,Data Analyst,147000.0,7.7,New York,Startup (1-50),Female,31,178000
4.8,Master,8.0,Software Engineer,162000.0,7.6,Remote,Large (1000+),Male,42,211000
1.0,High School,2.0,Software Engineer,124000.0,6.4,Los Angeles,Small (51-200),Male,46,127000
0.1,Master,7.0,Software Engineer,251000.0,10.0,San Francisco,Medium (201-1000),Female,22,249000
1.7,PhD,8.0,Full Stack Developer,255000.0,7.0,New York,Small (51-200),Male,32,241000
2.9,Master,7.0,Full Stack Developer,150000.0,6.5,Austin,Startup (1-50),Male,34,196000
4.8,Bachelor,6.0,Frontend Developer,,6.4,San Francisco,Large (1000+),Female,22,217000
9.5,PhD,12.0,DevOps Engineer,340000.0,10.0,San Francisco,Medium (201-1000),Female,38,393000
1.1,Bachelor,5.0,Product Manager,174000.0,8.5,New York,Startup (1-50),Female,33,178000
0.7,Bachelor,6.0,Full Stack Developer,152000.0,7.2,Chicago,Large (1000+),Male,34,142000
16.5,Bachelor,10.0,Data Analyst,250000.0,9.7,San Francisco,Medium (201-1000),Male,25,261000
0.6,PhD,7.0,Data Analyst,143000.0,7.7,Seattle,Small (51-200),Male,35,178000
3.3,High School,3.0,Backend Developer,130000.0,7.7,Remote,Medium (201-1000),Male,39,157000
4.4,Bachelor,7.0,DevOps Engineer,149000.0,6.8,Los Angeles,Startup (1-50),Male,33,155000
3.9,Master,7.0,Data Analyst,,7.3,Los Angeles,Medium (201-1000),Female,28,156000
0.4,Master,6.0,Product Manager,150000.0,9.6,Seattle,Startup (1-50),Male,29,222000
0.3,Bachelor,4.0,Software Engineer,155000.0,8.9,Los Angeles,Small (51-200),Male,34,182000
0.6,PhD,7.0,Software Engineer,266000.0,8.9,San Francisco,Medium (201-1000),Male,32,252000
4.4,PhD,11.0,Engineering Manager,288000.0,9.2,Remote,Large (1000+),Female,39,349000
3.9,High School,5.0,Data Scientist,181000.0,10.0,Boston,Medium (201-1000),Female,28,226000
1.3,Bachelor,5.0,Data Analyst,118000.0,8.4,New York,Startup (1-50),Non-binary,22,125000
5.1,High School,8.0,ML Engineer,159000.0,6.7,Austin,Large (1000+),Male,35,177000
8.6,Bachelor,12.0,Software Engineer,211000.0,8.7,San Francisco,Medium (201-1000),Male,28,289000
0.2,Bachelor,5.0,Software Engineer,139000.0,6.4,Chicago,Medium (201-1000),Male,38,130000
3.4,PhD,10.0,Software Engineer,163000.0,8.7,Seattle,Startup (1-50),Female,32,244000
5.8,Master,10.0,Data Scientist,283000.0,7.2,Boston,Large (1000+),Male,37,324000
1.5,High School,7.0,DevOps Engineer,183000.0,5.5,San Francisco,Large (1000+),Male,24,181000
1.8,High School,4.0,Full Stack Developer,162000.0,7.8,New York,Medium (201-1000),Male,33,201000
4.8,Bachelor,7.0,Engineering Manager,229000.0,9.0,Los Angeles,Large (1000+),Male,26,309000
11.4,Bachelor,8.0,DevOps Engineer,179000.0,9.3,Remote,Small (51-200),Male,22,225000
8.3,Bachelor,8.0,Frontend Developer,,8.7,Los Angeles,Large (1000+),Male,25,210000
4.4,Master,8.0,Frontend Developer,187000.0,7.4,New York,Small (51-200),Male,28,223000
6.6,PhD,7.0,Frontend Developer,249000.0,5.4,San Francisco,Startup (1-50),Male,42,225000
2.3,Bachelor,5.0,Frontend Developer,162000.0,7.4,Austin,Medium (201-1000),Male,27,145000
5.1,Master,7.0,Software Engineer,208000.0,8.2,Austin,Medium (201-1000),Female,22,212000
3.1,Bachelor,7.0,Software Engineer,188000.0,3.8,San Francisco,Small (51-200),Male,33,182000
1.1,Master,8.0,Software Engineer,122000.0,6.3,Remote,Startup (1-50),Female,32,122000
6.0,Bachelor,8.0,Software Engineer,155000.0,7.0,Seattle,Startup (1-50),Male,28,157000
4.1,High School,4.0,Full Stack Developer,155000.0,5.6,San Francisco,Small (51-200),Male,31,148000
2.2,PhD,4.0,Data Scientist,228000.0,8.8,New York,Startup (1-50),Female,40,235000
12.1,Bachelor,10.0,Product Manager,182000.0,9.9,Austin,Startup (1-50),Female,37,229000
0.1,Master,5.0,Product Manager,156000.0,9.6,Remote,Small (51-200),Female,37,174000
1.9,Bachelor,4.0,Engineering Manager,260000.0,6.7,Austin,Large (1000+),Male,23,261000
0.3,High School,4.0,Product Manager,157000.0,8.2,Austin,Medium (201-1000),Male,55,138000
7.3,High School,5.0,Data Scientist,174000.0,,San Francisco,Small (51-200),Male,40,207000
6.1,Bachelor,7.0,Frontend Developer,185000.0,7.6,Los Angeles,Large (1000+),Male,36,194000
2.0,Master,8.0,Software Engineer,171000.0,7.2,Los Angeles,Medium (201-1000),Male,23,198000
5.6,Bachelor,5.0,Data Analyst,112000.0,6.1,Remote,Small (51-200),Male,40,116000
2.5,Master,5.0,Product Manager,283000.0,6.9,San Francisco,Small (51-200),Male,28,202000
7.1,Master,8.0,Data Analyst,133000.0,8.0,Austin,Small (51-200),Female,30,132000
3.0,Master,8.0,DevOps Engineer,183000.0,7.3,Boston,Startup (1-50),Female,22,183000
2.7,Bachelor,7.0,Full Stack Developer,175000.0,5.5,Los Angeles,Small (51-200),Male,22,148000
13.6,PhD,9.0,Software Engineer,249000.0,7.7,Los Angeles,Small (51-200),Female,36,257000
1.4,Bachelor,6.0,Software Engineer,138000.0,6.0,Chicago,Small (51-200),Female,40,158000
0.6,Bachelor,4.0,Full Stack Developer,223000.0,7.7,San Francisco,Medium (201-1000),Male,37,187000
4.4,Bachelor,6.0,DevOps Engineer,148000.0,6.2,Los Angeles,Small (51-200),Male,37,163000
17.4,Bachelor,12.0,Engineering Manager,290000.0,4.2,Boston,Medium (201-1000),Female,31,353000
2.4,High School,1.0,Software Engineer,112000.0,7.8,Chicago,Medium (201-1000),Male,29,132000
0.3,Master,7.0,Data Analyst,169000.0,8.6,Seattle,Large (1000+),Female,34,165000
2.1,Bachelor,5.0,DevOps Engineer,162000.0,5.6,New York,Small (51-200),Male,39,188000
3.5,Bachelor,5.0,Data Analyst,158000.0,5.8,Seattle,Large (1000+),Male,32,145000
0.9,Master,7.0,Data Analyst,205000.0,10.0,San Francisco,Large (1000+),Female,42,218000
5.4,Bachelor,6.0,Product Manager,202000.0,7.2,Seattle,Medium (201-1000),Female,30,246000
30.0,Bachelor,18.0,Data Scientist,223000.0,8.9,Chicago,Medium (201-1000),Male,24,299000
3.0,Bachelor,6.0,Product Manager,198000.0,5.8,San Francisco,Startup (1-50),Female,32,209000
2.2,Master,5.0,Software Engineer,248000.0,,San Francisco,Large (1000+),Male,33,265000
2.6,High School,6.0,Software Engineer,109000.0,5.3,San Francisco,Startup (1-50),Female,31,134000
0.6,Bachelor,6.0,DevOps Engineer,204000.0,7.3,Seattle,Medium (201-1000),Female,42,187000
10.7,Bachelor,8.0,Data Analyst,,7.9,Los Angeles,Small (51-200),Male,38,124000
2.7,Master,8.0,DevOps Engineer,209000.0,4.7,San Francisco,Small (51-200),Male,22,217000
2.4,Master,8.0,Data Analyst,164000.0,8.0,San Francisco,Medium (201-1000),Male,44,185000
5.4,Master,8.0,Full Stack Developer,237000.0,6.7,Los Angeles,Large (1000+),Male,22,245000
2.9,High School,3.0,Data Scientist,126000.0,7.9,Chicago,Small (51-200),Male,49,130000
5.2,Bachelor,7.0,Product Manager,264000.0,7.7,San Francisco,Large (1000+),Female,30,325000
0.3,Bachelor,2.0,Software Engineer,135000.0,6.2,Remote,Medium (201-1000),Male,30,135000
8.4,High School,3.0,Product Manager,119000.0,10.0,Remote,Startup (1-50),Male,32,169000
14.1,Bachelor,13.0,Data Scientist,161000.0,4.8,Remote,Startup (1-50),Female,35,163000
5.2,Bachelor,4.0,Frontend Developer,151000.0,10.0,Austin,Medium (201-1000),Male,32,193000
15.5,Bachelor,10.0,DevOps Engineer,176000.0,10.0,Los Angeles,Startup (1-50),Male,31,208000
0.8,Master,6.0,Software Engineer,203000.0,7.0,San Francisco,Small (51-200),Male,42,177000
3.2,Bachelor,8.0,ML Engineer,196000.0,8.6,New York,Startup (1-50),Female,37,209000
4.6,Master,7.0,Software Engineer,,8.1,Seattle,Small (51-200),Male,24,221000
4.4,Bachelor,5.0,Data Scientist,188000.0,4.7,Seattle,Medium (201-1000),Female,38,198000
2.6,Bachelor,4.0,Software Engineer,163000.0,6.5,Los Angeles,Small (51-200),Male,36,153000
2.1,Bachelor,4.0,DevOps Engineer,152000.0,5.5,Austin,Startup (1-50),Female,28,129000
0.7,High School,1.0,Full Stack Developer,160000.0,4.5,San Francisco,Small (51-200),Female,38,148000
2.5,High School,5.0,Frontend Developer,120000.0,6.5,Seattle,Small (51-200),Female,31,152000
0.9,Bachelor,1.0,Product Manager,151000.0,6.7,Seattle,Startup (1-50),Male,30,202000
6.6,PhD,8.0,Backend Developer,264000.0,9.3,Los Angeles,Medium (201-1000),Male,30,293000
1.2,Master,6.0,Backend Developer,178000.0,5.4,Boston,Medium (201-1000),Female,22,151000
0.3,High School,3.0,Backend Developer,106000.0,5.3,Boston,Startup (1-50),Male,28,115000
4.0,Master,5.0,DevOps Engineer,153000.0,9.3,Remote,Small (51-200),Male,38,205000
4.5,Master,8.0,Backend Developer,162000.0,7.4,Remote,Small (51-200),Female,32,163000
10.3,Master,10.0,Software Engineer,169000.0,7.0,Boston,Small (51-200),Female,22,257000
4.3,Master,7.0,Data Analyst,160000.0,8.1,New York,Medium (201-1000),Male,40,201000
2.1,Bachelor,5.0,Full Stack Developer,121000.0,8.3,Chicago,Small (51-200),Female,30,150000
8.1,Bachelor,7.0,Data Scientist,189000.0,7.0,Remote,Small (51-200),Female,22,180000
3.9,Bachelor,5.0,Full Stack Developer,151000.0,8.8,Remote,Medium (201-1000),Male,50,162000
0.4,Bachelor,7.0,Software Engineer,123000.0,4.6,Los Angeles,Startup (1-50),Female,24,105000
4.2,Bachelor,8.0,Data Scientist,166000.0,7.0,Chicago,Medium (201-1000),Female,39,157000
11.9,Bachelor,10.0,Software Engineer,149000.0,10.0,Chicago,Small (51-200),Non-binary,26,227000
2.5,PhD,4.0,Full Stack Developer,221000.0,2.2,Los Angeles,Small (51-200),Male,33,156000
1.8,PhD,4.0,Full Stack Developer,244000.0,6.6,San Francisco,Medium (201-1000),Female,25,236000
0.8,Master,7.0,Data Analyst,136000.0,5.0,Austin,Medium (201-1000),Male,22,111000
0.8,Master,9.0,Software Engineer,159000.0,7.7,Boston,Small (51-200),Male,36,178000
2.8,PhD,7.0,Frontend Developer,229000.0,8.8,New York,Medium (201-1000),Female,35,298000
4.5,High School,4.0,Full Stack Developer,133000.0,8.3,Chicago,Large (1000+),Male,41,164000
0.4,Bachelor,7.0,Software Engineer,142000.0,5.7,Remote,Large (1000+),Male,32,131000
14.0,Bachelor,6.0,Backend Developer,199000.0,6.3,Remote,Medium (201-1000),Male,50,219000
7.0,Master,7.0,Software Engineer,233000.0,5.3,Los Angeles,Large (1000+),Male,34,241000
4.4,Bachelor,9.0,Software Engineer,171000.0,8.0,New York,Startup (1-50),Male,37,180000
8.8,Master,6.0,DevOps Engineer,183000.0,10.0,Remote,Small (51-200),Male,22,231000
0.4,High School,5.0,Backend Developer,115000.0,6.1,Austin,Startup (1-50),Female,27,101000
3.2,Bachelor,7.0,Software Engineer,147000.0,6.3,New York,Startup (1-50),Male,36,158000
5.0,Master,5.0,Software Engineer,219000.0,6.8,San Francisco,Small (51-200),Female,31,229000
8.8,Bachelor,6.0,Data Scientist,193000.0,6.6,Chicago,Medium (201-1000),Female,34,186000
7.7,Bachelor,10.0,Data Scientist,174000.0,10.0,Boston,Small (51-200),Male,25,225000
1.6,Bachelor,6.0,Data Scientist,159000.0,8.6,Chicago,Medium (201-1000),Male,33,192000
14.1,Bachelor,6.0,ML Engineer,220000.0,9.9,Austin,Small (51-200),Female,33,291000
0.7,Master,7.0,Backend Developer,184000.0,9.2,New York,Small (51-200),Female,23,207000
10.4,Bachelor,11.0,DevOps Engineer,224000.0,6.3,New York,Small (51-200),Male,37,234000
17.7,Bachelor,12.0,Full Stack Developer,215000.0,7.0,Seattle,Small (51-200),Female,22,237000
1.0,High School,1.0,Full Stack Developer,103000.0,6.3,Los Angeles,Small (51-200),Male,33,129000
6.4,Master,5.0,Software Engineer,258000.0,8.7,San Francisco,Medium (201-1000),Male,46,263000
0.2,Bachelor,7.0,Software Engineer,114000.0,5.5,Los Angeles,Startup (1-50),Male,37,134000
2.6,Master,7.0,Data Analyst,114000.0,7.3,Los Angeles,Startup (1-50),Male,37,130000
3.6,Master,5.0,Software Engineer,179000.0,7.4,Los Angeles,Medium (201-1000),Male,25,207000
4.3,Bachelor,5.0,Software Engineer,129000.0,5.0,Austin,Small (51-200),Female,46,154000
13.7,Master,9.0,Software Engineer,,10.0,Los Angeles,Small (51-200),Female,43,270000
5.6,Master,4.0,Backend Developer,186000.0,6.4,Seattle,Startup (1-50),Male,25,187000
3.3,Bachelor,8.0,Frontend Developer,189000.0,8.5,San Francisco,Small (51-200),Non-binary,28,196000
8.3,Bachelor,8.0,Engineering Manager,284000.0,5.8,New York,Medium (201-1000),Female,42,341000
15.0,PhD,10.0,Product Manager,353000.0,7.8,Los Angeles,Large (1000+),Male,46,419000
0.1,Master,6.0,ML Engineer,257000.0,5.5,San Francisco,Medium (201-1000),Male,22,271000
20.2,Bachelor,14.0,ML Engineer,246000.0,6.3,Austin,Startup (1-50),Female,24,251000
0.5,Bachelor,6.0,Data Scientist,171000.0,4.6,San Francisco,Medium (201-1000),Female,31,195000
8.4,Master,6.0,Software Engineer,181000.0,7.4,New York,Startup (1-50),Male,22,243000
1.6,Master,8.0,Software Engineer,233000.0,6.1,San Francisco,Small (51-200),Female,32,215000
0.7,Master,7.0,Software Engineer,113000.0,8.3,Chicago,Startup (1-50),Male,41,144000
2.9,Bachelor,4.0,Software Engineer,189000.0,,Boston,Medium (201-1000),Male,22,164000
5.2,Master,5.0,Data Scientist,250000.0,9.3,Los Angeles,Medium (201-1000),Male,33,247000
2.4,Bachelor,4.0,Data Scientist,166000.0,5.2,Remote,Medium (201-1000),Female,27,147000
0.3,Bachelor,5.0,Engineering Manager,185000.0,7.7,Los Angeles,Medium (201-1000),Male,45,233000
4.6,Master,4.0,Frontend Developer,130000.0,5.9,Austin,Startup (1-50),Male,27,147000
11.6,PhD,8.0,Engineering Manager,335000.0,4.4,Boston,Small (51-200),Male,44,314000
2.4,Bachelor,,ML Engineer,236000.0,6.7,Boston,Medium (201-1000),Female,27,207000
1.2,Bachelor,5.0,DevOps Engineer,187000.0,6.3,Austin,Medium (201-1000),Female,38,159000
2.9,Master,9.0,ML Engineer,208000.0,8.9,Chicago,Medium (201-1000),Male,34,216000
0.2,Bachelor,7.0,Software Engineer,124000.0,7.0,Boston,Small (51-200),Female,31,173000
8.6,Master,6.0,Software Engineer,204000.0,7.4,Chicago,Medium (201-1000),Male,26,220000
8.8,Master,7.0,Product Manager,192000.0,9.0,Remote,Small (51-200),Male,35,217000
4.4,High School,3.0,Engineering Manager,238000.0,5.4,San Francisco,Medium (201-1000),Male,28,211000
2.2,PhD,7.0,Software Engineer,141000.0,10.0,Remote,Small (51-200),Male,26,200000
8.0,Master,7.0,Software Engineer,295000.0,7.2,San Francisco,Large (1000+),Male,44,330000
4.0,Master,3.0,DevOps Engineer,150000.0,7.6,Boston,Startup (1-50),Female,36,182000
8.7,Master,10.0,Software Engineer,149000.0,6.6,Remote,Medium (201-1000),Female,37,209000
5.0,Master,6.0,ML Engineer,240000.0,7.5,Los Angeles,Medium (201-1000),Female,29,237000
7.7,High School,9.0,Software Engineer,192000.0,5.7,San Francisco,Startup (1-50),Female,31,161000
4.6,Bachelor,5.0,DevOps Engineer,165000.0,7.3,San Francisco,Startup (1-50),Female,30,214000
2.7,Master,6.0,Data Scientist,237000.0,7.8,San Francisco,Medium (201-1000),Male,35,270000
15.8,Bachelor,10.0,ML Engineer,254000.0,9.1,Seattle,Startup (1-50),Female,37,266000
3.9,High School,3.0,Software Engineer,121000.0,7.8,Chicago,Startup (1-50),Female,32,133000
4.6,Master,5.0,DevOps Engineer,208000.0,7.2,Chicago,Large (1000+),Female,26,228000
1.2,Master,7.0,Engineering Manager,195000.0,10.0,Remote,Medium (201-1000),Male,38,239000
4.9,Bachelor,2.0,ML Engineer,193000.0,7.3,Chicago,Small (51-200),Male,32,172000
4.2,Master,5.0,Data Analyst,153000.0,7.6,New York,Medium (201-1000),Female,22,174000
1.0,Master,5.0,Data Analyst,142000.0,7.1,San Francisco,Small (51-200),Female,22,165000
0.3,Bachelor,5.0,Engineering Manager,288000.0,8.2,San Francisco,Large (1000+),Male,34,320000
4.6,Master,4.0,Full Stack Developer,155000.0,7.4,Chicago,Medium (201-1000),Female,25,199000
7.2,Bachelor,8.0,Backend Developer,174000.0,7.3,Remote,Large (1000+),Male,35,182000
3.7,Bachelor,9.0,Data Analyst,101000.0,8.4,Remote,Startup (1-50),Female,26,107000
1.3,Bachelor,6.0,Software Engineer,219000.0,7.1,New York,Medium (201-1000),Male,33,177000
5.5,Bachelor,5.0,DevOps Engineer,158000.0,9.0,Seattle,Startup (1-50),Male,29,192000
0.4,Bachelor,3.0,Engineering Manager,160000.0,4.9,Los Angeles,Startup (1-50),Male,46,164000
2.9,Master,7.0,Full Stack Developer,248000.0,9.6,San Francisco,Medium (201-1000),Male,40,282000
0.9,Master,5.0,Engineering Manager,160000.0,8.9,Remote,Startup (1-50),Male,43,202000
1.0,Bachelor,4.0,Full Stack Developer,178000.0,7.9,New York,Medium (201-1000),Female,32,196000
1.1,Master,4.0,Data Analyst,185000.0,7.4,San Francisco,Large (1000+),Female,39,225000
2.4,Bachelor,5.0,Full Stack Developer,134000.0,7.9,Remote,Small (51-200),Male,33,131000
0.3,High School,4.0,Full Stack Developer,103000.0,4.6,New York,Startup (1-50),Female,44,116000
2.5,Master,3.0,Frontend Developer,133000.0,7.2,Remote,Medium (201-1000),Male,31,173000
3.6,High School,2.0,Product Manager,127000.0,7.3,Remote,Large (1000+),Male,22,158000
3.3,Bachelor,10.0,Data Analyst,101000.0,5.0,Austin,Medium (201-1000),Male,22,120000
2.4,Master,6.0,Data Analyst,109000.0,8.2,Remote,Medium (201-1000),Male,45,131000
9.1,Bachelor,10.0,Backend Developer,155000.0,5.5,Boston,Startup (1-50),Female,36,159000
0.8,Master,11.0,Data Scientist,184000.0,8.7,New York,Startup (1-50),Male,36,190000
3.5,Bachelor,4.0,Software Engineer,118000.0,9.1,Remote,Medium (201-1000),Female,44,180000
0.3,High School,6.0,Product Manager,114000.0,8.1,Boston,Startup (1-50),Female,22,147000
0.4,Bachelor,4.0,Frontend Developer,161000.0,,San Francisco,Large (1000+),Female,29,204000
4.3,Bachelor,6.0,Data Scientist,165000.0,6.5,Los Angeles,Small (51-200),Female,30,173000
4.2,Bachelor,9.0,Software Engineer,139000.0,5.6,Austin,Small (51-200),Female,38,156000
10.5,Bachelor,5.0,Data Analyst,155000.0,9.3,Chicago,Medium (201-1000),Female,26,192000
4.1,Master,10.0,Data Analyst,132000.0,4.7,Chicago,Medium (201-1000),Male,22,135000
16.1,PhD,12.0,Data Analyst,225000.0,5.9,Seattle,Medium (201-1000),Male,22,233000
0.2,Bachelor,4.0,Backend Developer,149000.0,5.7,Austin,Large (1000+),Female,41,144000
0.5,Bachelor,5.0,ML Engineer,200000.0,5.9,Seattle,Large (1000+),Male,26,202000
0.2,Bachelor,5.0,Data Scientist,224000.0,4.7,Seattle,Large (1000+),Female,28,211000
1.0,PhD,7.0,Software Engineer,196000.0,8.4,Chicago,Large (1000+),Male,37,234000
3.9,PhD,8.0,Data Analyst,150000.0,9.2,Remote,Medium (201-1000),Male,26,148000
5.2,Bachelor,6.0,Software Engineer,231000.0,8.0,San Francisco,Medium (201-1000),Male,22,267000
0.2,Master,4.0,Backend Developer,134000.0,6.8,Boston,Startup (1-50),Female,22,158000
14.6,Bachelor,7.0,Frontend Developer,152000.0,10.0,Los Angeles,Small (51-200),Male,32,229000
9.2,High School,7.0,Frontend Developer,123000.0,7.9,Boston,Startup (1-50),Male,36,165000
1.8,High School,2.0,Product Manager,116000.0,6.3,Remote,Startup (1-50),Male,30,111000
0.4,Bachelor,,Software Engineer,103000.0,5.5,Remote,Small (51-200),Male,35,136000
0.9,Bachelor,4.0,Full Stack Developer,142000.0,8.1,Seattle,Startup (1-50),Male,22,129000
0.7,High School,4.0,Software Engineer,170000.0,5.7,Seattle,Large (1000+),Male,22,149000
0.7,Master,5.0,Software Engineer,194000.0,8.0,Remote,Large (1000+),Male,50,199000
3.7,Bachelor,2.0,DevOps Engineer,147000.0,6.0,Austin,Startup (1-50),Male,42,163000
1.4,Bachelor,3.0,Software Engineer,139000.0,5.9,Boston,Startup (1-50),Female,38,125000
2.2,Bachelor,,Full Stack Developer,156000.0,6.1,Remote,Large (1000+),Non-binary,27,154000
22.8,Bachelor,10.0,Frontend Developer,187000.0,10.0,Remote,Large (1000+),Male,30,268000
5.8,Bachelor,6.0,Software Engineer,208000.0,6.4,New York,Large (1000+),Male,32,225000
14.9,Bachelor,7.0,Software Engineer,245000.0,8.4,San Francisco,Large (1000+),Male,43,335000
0.8,Bachelor,5.0,Backend Developer,192000.0,6.5,New York,Large (1000+),Non-binary,35,226000
2.4,Bachelor,4.0,Data Analyst,111000.0,8.0,Austin,Small (51-200),Male,36,109000
4.0,Bachelor,10.0,DevOps Engineer,191000.0,9.9,New York,Small (51-200),Male,31,222000
0.4,Bachelor,8.0,Frontend Developer,139000.0,8.3,Austin,Medium (201-1000),Male,38,153000
0.0,Master,6.0,Full Stack Developer,208000.0,7.5,San Francisco,Small (51-200),Male,34,217000
5.5,Master,7.0,Backend Developer,178000.0,7.4,Austin,Large (1000+),Male,32,209000
5.1,High School,4.0,Data Scientist,,5.1,Seattle,Small (51-200),Female,26,158000
2.6,Bachelor,5.0,Backend Developer,154000.0,7.7,Austin,Medium (201-1000),Female,31,161000
3.4,High School,3.0,Backend Developer,128000.0,5.0,Seattle,Small (51-200),Female,23,137000
2.7,Bachelor,3.0,Full Stack Developer,142000.0,7.4,New York,Small (51-200),Male,32,174000
0.1,Bachelor,6.0,Backend Developer,132000.0,6.7,Los Angeles,Medium (201-1000),Female,33,169000
2.0,Bachelor,3.0,Engineering Manager,271000.0,7.8,San Francisco,Large (1000+),Male,22,321000
1.0,Bachelor,9.0,Software Engineer,125000.0,6.6,Remote,Small (51-200),Male,30,141000
0.5,PhD,8.0,Engineering Manager,292000.0,9.2,Los Angeles,Large (1000+),Female,23,320000
15.7,Bachelor,12.0,Frontend Developer,259000.0,6.9,Austin,Large (1000+),Female,36,215000
4.6,Bachelor,3.0,Backend Developer,166000.0,8.7,Chicago,Medium (201-1000),Male,37,161000
6.5,Bachelor,6.0,Software Engineer,220000.0,7.5,San Francisco,Medium (201-1000),Male,29,259000
1.9,PhD,6.0,ML Engineer,236000.0,10.0,Austin,Medium (201-1000),Male,36,268000
2.5,Master,5.0,Full Stack Developer,190000.0,8.0,Seattle,Startup (1-50),Female,37,163000
1.4,Bachelor,2.0,Full Stack Developer,180000.0,5.0,San Francisco,Startup (1-50),Male,30,158000
0.5,Master,8.0,Software Engineer,217000.0,9.1,Seattle,Large (1000+),Male,44,235000
1.0,Bachelor,4.0,Frontend Developer,185000.0,,Seattle,Medium (201-1000),Male,26,151000
8.0,Master,8.0,Software Engineer,141000.0,9.3,Remote,Startup (1-50),Male,44,160000
5.7,Master,5.0,Engineering Manager,272000.0,5.8,Los Angeles,Medium (201-1000),Male,30,250000
4.0,Bachelor,7.0,Product Manager,291000.0,6.4,San Francisco,Small (51-200),Non-binary,25,214000
3.2,Master,6.0,Software Engineer,197000.0,7.9,New York,Startup (1-50),Male,29,190000
12.8,Bachelor,15.0,Data Analyst,154000.0,9.4,Seattle,Small (51-200),Female,23,180000
0.4,Bachelor,3.0,Product Manager,173000.0,7.6,Seattle,Small (51-200),Male,38,198000
1.6,Bachelor,3.0,ML Engineer,134000.0,7.2,Remote,Startup (1-50),Female,22,131000
2.2,Master,5.0,Full Stack Developer,217000.0,7.4,Seattle,Small (51-200),Female,43,186000
7.6,Bachelor,8.0,DevOps Engineer,256000.0,8.1,San Francisco,Medium (201-1000),Male,25,258000
24.5,High School,12.0,Backend Developer,140000.0,5.5,Remote,Startup (1-50),Female,39,138000
1.4,Master,8.0,ML Engineer,149000.0,8.8,Chicago,Small (51-200),Male,32,197000
10.4,Bachelor,11.0,ML Engineer,188000.0,6.8,Austin,Small (51-200),Male,34,240000
8.9,High School,7.0,DevOps Engineer,146000.0,6.3,Boston,Startup (1-50),Male,27,152000
1.3,Bachelor,5.0,Software Engineer,155000.0,10.0,San Francisco,Startup (1-50),Male,35,190000
2.5,Bachelor,2.0,Data Analyst,131000.0,2.6,New York,Startup (1-50),Female,33,87000
2.6,Bachelor,2.0,ML Engineer,179000.0,6.8,New York,Startup (1-50),Female,22,197000
19.1,High School,11.0,ML Engineer,305000.0,4.5,Seattle,Large (1000+),Male,24,322000
1.0,PhD,11.0,Product Manager,179000.0,7.4,Los Angeles,Small (51-200),Female,28,227000
8.0,Master,9.0,DevOps Engineer,167000.0,7.2,Austin,Startup (1-50),Female,26,197000
2.0,Bachelor,5.0,Frontend Developer,157000.0,2.0,San Francisco,Startup (1-50),Male,42,130000
6.6,Bachelor,6.0,Engineering Manager,318000.0,9.6,New York,Small (51-200),Male,32,351000
2.7,Bachelor,,Product Manager,198000.0,4.5,Seattle,Medium (201-1000),Male,26,217000
4.3,Master,7.0,Software Engineer,203000.0,8.8,Boston,Small (51-200),Female,28,199000
8.9,High School,5.0,DevOps Engineer,173000.0,,Seattle,Startup (1-50),Male,28,177000
8.2,Bachelor,6.0,Engineering Manager,274000.0,7.3,Seattle,Small (51-200),Male,30,308000
10.1,Master,13.0,ML Engineer,274000.0,4.6,Austin,Medium (201-1000),Female,23,222000
0.3,Bachelor,6.0,ML Engineer,166000.0,7.1,New York,Startup (1-50),Female,25,183000
5.9,Bachelor,7.0,Software Engineer,253000.0,7.2,San Francisco,Medium (201-1000),Male,38,248000
0.8,Master,9.0,Software Engineer,173000.0,6.7,San Francisco,Small (51-200),Female,33,166000
2.7,Master,3.0,Full Stack Developer,160000.0,7.1,New York,Startup (1-50),Female,31,185000
4.0,Bachelor,6.0,Full Stack Developer,249000.0,3.8,San Francisco,Medium (201-1000),Male,32,185000
2.6,Master,7.0,Engineering Manager,305000.0,8.5,New York,Medium (201-1000),Female,32,317000
3.7,High School,7.0,Full Stack Developer,110000.0,6.0,Remote,Medium (201-1000),Male,30,141000
28.3,Master,15.0,Data Scientist,207000.0,10.0,Remote,Small (51-200),Male,36,299000
0.7,Bachelor,7.0,Software Engineer,127000.0,5.8,Boston,Small (51-200),Male,36,154000
5.6,Master,8.0,Engineering Manager,277000.0,7.1,Chicago,Small (51-200),Male,22,248000
2.5,PhD,13.0,ML Engineer,288000.0,5.8,New York,Medium (201-1000),Male,31,362000
0.7,PhD,8.0,Data Scientist,189000.0,4.5,Chicago,Medium (201-1000),Male,22,208000
0.9,PhD,10.0,Product Manager,239000.0,8.3,Seattle,Startup (1-50),Female,37,226000
14.9,Bachelor,11.0,Frontend Developer,224000.0,9.9,Seattle,Medium (201-1000),Female,38,265000
10.6,Bachelor,8.0,Data Scientist,228000.0,6.6,Seattle,Medium (201-1000),Male,27,242000
11.9,Bachelor,12.0,Product Manager,285000.0,8.1,San Francisco,Small (51-200),Male,31,273000
23.9,Master,11.0,Engineering Manager,431000.0,10.0,Los Angeles,Large (1000+),Female,22,463000
1.2,Master,7.0,Software Engineer,255000.0,7.6,San Francisco,Large (1000+),Male,40,283000
2.2,Bachelor,6.0,Data Analyst,113000.0,8.3,New York,Startup (1-50),Male,38,122000
5.5,PhD,12.0,ML Engineer,314000.0,7.5,New York,Large (1000+),Male,41,400000
3.3,Master,8.0,Frontend Developer,176000.0,6.1,San Francisco,Small (51-200),Female,44,194000
2.7,PhD,6.0,Product Manager,295000.0,7.9,San Francisco,Medium (201-1000),Female,22,305000
2.2,Master,8.0,Engineering Manager,330000.0,9.6,San Francisco,Large (1000+),Female,39,377000
4.5,Bachelor,8.0,Data Scientist,209000.0,5.6,New York,Small (51-200),Male,44,235000
4.3,High School,5.0,Data Scientist,126000.0,8.3,Chicago,Small (51-200),Female,22,189000
0.9,High School,2.0,Software Engineer,193000.0,7.1,New York,Large (1000+),Male,31,176000
3.2,Bachelor,3.0,Frontend Developer,133000.0,5.8,San Francisco,Startup (1-50),Male,29,150000
4.0,Master,7.0,Software Engineer,193000.0,8.5,Boston,Small (51-200),Male,39,228000
4.2,Master,6.0,ML Engineer,190000.0,8.7,Los Angeles,Small (51-200),Female,22,242000
1.2,Master,2.0,Software Engineer,226000.0,8.1,New York,Large (1000+),Male,47,244000
6.8,Master,7.0,ML Engineer,286000.0,10.0,New York,Large (1000+),Male,31,396000
0.1,High School,1.0,Software Engineer,102000.0,9.8,Los Angeles,Startup (1-50),Female,39,132000
2.2,Bachelor,3.0,Data Analyst,145000.0,6.8,San Francisco,Large (1000+),Female,32,168000
7.6,High School,3.0,Data Scientist,135000.0,7.1,Austin,Small (51-200),Female,36,161000
4.1,Bachelor,8.0,ML Engineer,280000.0,4.6,New York,Large (1000+),Male,22,287000
1.5,Bachelor,1.0,Data Analyst,104000.0,10.0,Los Angeles,Medium (201-1000),Female,29,132000
5.9,High School,4.0,Full Stack Developer,133000.0,7.1,Los Angeles,Startup (1-50),Female,39,130000
4.2,Bachelor,5.0,Data Scientist,151000.0,6.8,Chicago,Startup (1-50),Female,34,143000
8.0,Bachelor,8.0,Software Engineer,194000.0,6.0,New York,Startup (1-50),Male,22,218000
6.6,Master,8.0,Full Stack Developer,185000.0,6.9,Seattle,Startup (1-50),Male,32,172000
4.7,Bachelor,4.0,ML Engineer,213000.0,10.0,New York,Medium (201-1000),Male,25,305000
3.3,Bachelor,6.0,Full Stack Developer,107000.0,9.1,Chicago,Startup (1-50),Male,25,144000
0.7,Bachelor,6.0,DevOps Engineer,157000.0,4.0,Los Angeles,Large (1000+),Male,22,192000
1.5,PhD,9.0,ML Engineer,233000.0,5.4,Seattle,Medium (201-1000),Male,37,270000
2.7,Bachelor,2.0,DevOps Engineer,153000.0,7.8,Remote,Medium (201-1000),Male,41,138000
4.6,Bachelor,9.0,Full Stack Developer,149000.0,5.3,San Francisco,Startup (1-50),Female,49,198000
3.6,Master,,Product Manager,253000.0,7.3,Seattle,Large (1000+),Male,22,276000
1.7,Bachelor,8.0,Software Engineer,167000.0,9.6,Boston,Medium (201-1000),Male,38,166000
0.0,PhD,9.0,Frontend Developer,208000.0,9.4,Seattle,Large (1000+),Female,39,240000
3.4,Bachelor,8.0,Software Engineer,193000.0,4.7,Seattle,Large (1000+),Male,27,196000
1.7,Bachelor,,DevOps Engineer,188000.0,5.8,San Francisco,Startup (1-50),Male,25,155000
6.6,High School,7.0,Product Manager,137000.0,7.7,Chicago,Startup (1-50),Male,23,128000
0.1,Master,6.0,ML Engineer,218000.0,9.4,Chicago,Large (1000+),Female,28,241000
4.4,Bachelor,3.0,Product Manager,,5.6,Los Angeles,Large (1000+),Non-binary,34,195000
14.2,Bachelor,13.0,Backend Developer,195000.0,8.9,Remote,Medium (201-1000),Female,43,198000
1.0,Bachelor,6.0,Product Manager,158000.0,6.8,Austin,Small (51-200),Female,41,180000
3.2,Bachelor,4.0,Full Stack Developer,199000.0,9.4,New York,Medium (201-1000),Male,22,223000
0.5,High School,2.0,Software Engineer,114000.0,7.1,Los Angeles,Small (51-200),Female,26,115000
4.9,Master,5.0,Data Scientist,190000.0,7.6,Boston,Startup (1-50),Female,42,191000
4.0,Master,8.0,ML Engineer,223000.0,5.9,Remote,Small (51-200),Female,26,192000
2.6,Bachelor,,Software Engineer,124000.0,5.4,Remote,Startup (1-50),Female,32,121000
3.7,Bachelor,6.0,DevOps Engineer,173000.0,3.4,Chicago,Small (51-200),Male,22,143000
11.3,Master,7.0,DevOps Engineer,268000.0,8.8,San Francisco,Large (1000+),Male,41,407000
1.1,Bachelor,2.0,Engineering Manager,270000.0,7.7,New York,Large (1000+),Female,22,301000
0.1,Bachelor,2.0,DevOps Engineer,163000.0,,Remote,Large (1000+),Female,22,180000
9.9,Bachelor,10.0,Full Stack Developer,204000.0,6.4,Chicago,Large (1000+),Female,40,203000
4.3,Master,6.0,Product Manager,185000.0,9.5,Remote,Small (51-200),Female,47,189000
11.1,PhD,9.0,Data Analyst,225000.0,10.0,Seattle,Large (1000+),Female,30,321000
4.5,Master,5.0,Data Scientist,287000.0,5.5,Seattle,Large (1000+),Female,32,279000
8.3,High School,5.0,DevOps Engineer,136000.0,8.7,Remote,Large (1000+),Male,39,181000
2.8,Bachelor,5.0,ML Engineer,164000.0,6.6,Remote,Medium (201-1000),Male,34,167000
6.9,Master,6.0,ML Engineer,212000.0,7.4,Boston,Startup (1-50),Non-binary,29,279000
12.2,High School,7.0,ML Engineer,187000.0,8.7,New York,Startup (1-50),Female,28,216000
4.2,PhD,5.0,Data Analyst,137000.0,6.5,Los Angeles,Startup (1-50),Female,22,147000
1.0,PhD,9.0,DevOps Engineer,182000.0,4.7,Austin,Large (1000+),Female,34,204000
1.6,High School,8.0,Frontend Developer,86000.0,6.5,Remote,Small (51-200),Female,31,99000
1.1,PhD,5.0,Engineering Manager,395000.0,6.5,New York,Large (1000+),Male,28,343000
1.4,Bachelor,4.0,Software Engineer,173000.0,4.7,New York,Small (51-200),Male,24,138000
1.8,Master,6.0,DevOps Engineer,168000.0,8.5,Chicago,Medium (201-1000),Female,25,204000
4.0,Bachelor,5.0,Full Stack Developer,187000.0,6.3,San Francisco,Startup (1-50),Male,37,187000
4.4,Bachelor,7.0,Software Engineer,154000.0,4.7,Austin,Startup (1-50),Female,39,126000
2.8,Master,7.0,Backend Developer,189000.0,8.9,Austin,Small (51-200),Female,29,224000
4.8,Master,3.0,Data Scientist,156000.0,7.2,Remote,Medium (201-1000),Male,29,210000
0.4,High School,4.0,Data Analyst,108000.0,6.9,New York,Startup (1-50),Female,25,101000
0.5,Bachelor,8.0,ML Engineer,188000.0,7.6,New York,Medium (201-1000),Male,39,237000
0.9,Bachelor,3.0,ML Engineer,170000.0,8.0,Los Angeles,Small (51-200),Male,32,174000
3.6,Bachelor,11.0,Frontend Developer,187000.0,9.4,Boston,Large (1000+),Male,35,191000
1.2,Bachelor,7.0,Software Engineer,184000.0,7.3,San Francisco,Startup (1-50),Female,35,159000
1.7,Bachelor,5.0,Data Scientist,221000.0,7.2,San Francisco,Medium (201-1000),Male,30,217000
2.6,Bachelor,4.0,ML Engineer,178000.0,7.6,Los Angeles,Small (51-200),Male,23,199000
8.4,High School,7.0,ML Engineer,211000.0,8.7,San Francisco,Medium (201-1000),Male,24,260000
0.1,High School,3.0,Frontend Developer,95000.0,4.5,Boston,Small (51-200),Male,41,114000
5.2,High School,6.0,Frontend Developer,136000.0,10.0,Seattle,Medium (201-1000),Male,26,162000
5.5,Bachelor,5.0,Frontend Developer,186000.0,7.9,Chicago,Large (1000+),Male,29,172000
8.0,PhD,5.0,Backend Developer,167000.0,8.7,Remote,Startup (1-50),Female,23,184000
13.5,High School,11.0,Data Scientist,198000.0,6.2,Boston,Startup (1-50),Male,22,133000
0.1,PhD,,Software Engineer,224000.0,8.1,San Francisco,Medium (201-1000),Female,26,257000
0.8,Master,8.0,Full Stack Developer,177000.0,7.9,Chicago,Medium (201-1000),Male,46,165000
10.9,Master,10.0,Data Analyst,175000.0,7.0,Seattle,Small (51-200),Non-binary,37,197000
3.1,Master,7.0,Data Scientist,214000.0,6.2,Los Angeles,Small (51-200),Male,28,208000
4.2,Master,4.0,ML Engineer,176000.0,6.4,Austin,Startup (1-50),Female,41,169000
5.4,High School,9.0,DevOps Engineer,110000.0,6.3,Remote,Startup (1-50),Female,31,115000
5.7,Bachelor,4.0,Frontend Developer,204000.0,7.4,San Francisco,Small (51-200),Female,43,179000
13.4,Master,12.0,Backend Developer,181000.0,8.3,Remote,Large (1000+),Female,50,266000
29.0,Bachelor,15.0,Software Engineer,256000.0,,New York,Small (51-200),Male,40,298000
6.4,Master,8.0,Full Stack Developer,192000.0,8.8,Seattle,Medium (201-1000),Female,33,252000
1.7,High School,7.0,Software Engineer,180000.0,7.2,San Francisco,Large (1000+),Male,38,191000
10.6,Master,8.0,DevOps Engineer,254000.0,8.6,San Francisco,Small (51-200),Female,32,317000
0.3,Bachelor,7.0,Data Analyst,149000.0,7.2,San Francisco,Medium (201-1000),Female,22,150000
1.3,Bachelor,5.0,DevOps Engineer,220000.0,7.5,New York,Large (1000+),Female,27,236000
11.4,Bachelor,7.0,Software Engineer,148000.0,7.6,Chicago,Startup (1-50),Male,24,182000
1.5,Master,8.0,Engineering Manager,218000.0,6.8,Seattle,Small (51-200),Male,27,252000
1.2,Master,5.0,Product Manager,195000.0,7.0,Remote,Large (1000+),Male,46,189000
0.7,Bachelor,5.0,Full Stack Developer,235000.0,7.5,San Francisco,Large (1000+),Male,41,196000
9.8,Master,10.0,ML Engineer,204000.0,9.0,Boston,Startup (1-50),Male,36,250000
3.5,Bachelor,4.0,Software Engineer,113000.0,7.4,Austin,Startup (1-50),Male,38,146000
5.6,High School,5.0,Product Manager,128000.0,7.4,Los Angeles,Small (51-200),Non-binary,22,152000
1.4,High School,1.0,Frontend Developer,88000.0,6.6,Chicago,Small (51-200),Female,38,117000
7.1,High School,9.0,Data Analyst,116000.0,6.9,Seattle,Small (51-200),Female,40,116000
7.1,Bachelor,6.0,ML Engineer,162000.0,7.3,Remote,Medium (201-1000),Male,22,204000
1.9,Bachelor,6.0,ML Engineer,239000.0,8.2,San Francisco,Large (1000+),Female,38,313000
2.6,Master,4.0,Engineering Manager,228000.0,4.6,Austin,Small (51-200),Female,22,210000
1.2,Master,4.0,Frontend Developer,178000.0,9.9,San Francisco,Large (1000+),Female,22,239000
18.8,High School,15.0,Software Engineer,214000.0,10.0,New York,Startup (1-50),Male,43,198000
5.2,Bachelor,7.0,Data Scientist,211000.0,7.5,New York,Startup (1-50),Male,24,208000
13.6,Bachelor,11.0,DevOps Engineer,212000.0,9.3,Remote,Small (51-200),Non-binary,26,218000
1.8,Bachelor,3.0,Software Engineer,145000.0,7.8,Austin,Startup (1-50),Male,40,144000
7.6,High School,6.0,DevOps Engineer,166000.0,6.0,Remote,Small (51-200),Female,30,138000
7.3,High School,6.0,ML Engineer,196000.0,8.0,Austin,Large (1000+),Male,31,208000
5.9,PhD,7.0,Full Stack Developer,251000.0,10.0,San Francisco,Startup (1-50),Male,30,263000
16.9,Master,9.0,ML Engineer,260000.0,5.7,Remote,Medium (201-1000),Female,35,285000
2.5,Bachelor,7.0,Engineering Manager,193000.0,5.3,Chicago,Small (51-200),Male,30,196000
0.7,Bachelor,7.0,Software Engineer,129000.0,8.4,Los Angeles,Startup (1-50),Male,33,112000
5.6,Bachelor,7.0,Frontend Developer,144000.0,6.6,Boston,Medium (201-1000),Male,28,195000
6.5,Master,6.0,Software Engineer,170000.0,7.0,Remote,Large (1000+),Female,35,211000
4.3,Bachelor,7.0,Full Stack Developer,162000.0,6.8,Remote,Small (51-200),Male,35,143000
1.2,High School,8.0,Engineering Manager,220000.0,4.7,San Francisco,Medium (201-1000),Female,47,223000
3.5,Master,5.0,Data Analyst,221000.0,6.4,San Francisco,Large (1000+),Male,29,199000
1.9,Bachelor,7.0,Frontend Developer,169000.0,5.8,San Francisco,Medium (201-1000),Female,31,186000
2.8,Bachelor,5.0,DevOps Engineer,151000.0,8.2,New York,Startup (1-50),Non-binary,34,162000
5.2,Bachelor,7.0,Data Analyst,125000.0,7.6,Austin,Medium (201-1000),Male,40,136000
6.8,Bachelor,9.0,Product Manager,202000.0,8.3,Los Angeles,Small (51-200),Male,23,223000
1.3,Bachelor,4.0,Engineering Manager,263000.0,7.5,Seattle,Medium (201-1000),Male,33,241000
2.6,Bachelor,5.0,ML Engineer,154000.0,10.0,Remote,Small (51-200),Female,22,176000
1.6,Bachelor,4.0,Engineering Manager,161000.0,5.8,Remote,Startup (1-50),Male,30,156000
1.1,High School,4.0,Software Engineer,154000.0,2.3,New York,Medium (201-1000),Male,41,142000
7.6,Master,8.0,Data Scientist,297000.0,7.8,San Francisco,Small (51-200),Male,26,327000
12.0,Bachelor,10.0,Software Engineer,208000.0,4.5,Austin,Small (51-200),Male,33,186000
2.3,High School,3.0,Data Scientist,131000.0,6.7,Remote,Large (1000+),Male,28,167000
7.0,Master,6.0,Full Stack Developer,239000.0,8.7,Los Angeles,Large (1000+),Female,25,265000
11.4,Master,10.0,Data Analyst,157000.0,10.0,Seattle,Small (51-200),Female,40,177000
9.4,Master,8.0,Full Stack Developer,202000.0,5.2,Chicago,Small (51-200),Male,24,184000
1.0,Bachelor,9.0,Backend Developer,142000.0,5.7,Seattle,Small (51-200),Female,34,141000
15.7,Bachelor,13.0,Frontend Developer,149000.0,8.4,Remote,Small (51-200),Female,34,189000
2.4,Master,9.0,Full Stack Developer,174000.0,8.4,Boston,Large (1000+),Female,25,234000
2.1,Master,6.0,ML Engineer,294000.0,8.5,San Francisco,Medium (201-1000),Male,33,304000
0.3,Bachelor,6.0,Data Analyst,130000.0,9.1,San Francisco,Small (51-200),Male,25,138000
3.3,PhD,5.0,Backend Developer,236000.0,9.7,San Francisco,Small (51-200),Female,36,277000
0.6,High School,5.0,Backend Developer,149000.0,7.1,Seattle,Medium (201-1000),Female,22,150000
1.4,PhD,5.0,Frontend Developer,152000.0,8.8,Remote,Medium (201-1000),Male,29,187000
1.9,Master,4.0,Product Manager,231000.0,7.4,San Francisco,Medium (201-1000),Male,30,244000
8.3,Master,9.0,Data Scientist,213000.0,7.8,Boston,Startup (1-50),Male,41,244000
10.4,PhD,9.0,ML Engineer,,7.0,New York,Startup (1-50),Male,33,336000
1.8,Master,4.0,Full Stack Developer,153000.0,7.2,Remote,Small (51-200),Male,40,154000
9.8,Bachelor,12.0,DevOps Engineer,190000.0,6.2,Remote,Small (51-200),Male,36,149000
9.7,Bachelor,10.0,Product Manager,166000.0,8.5,Remote,Startup (1-50),Male,36,187000
7.2,High School,,ML Engineer,201000.0,6.0,Austin,Large (1000+),Female,29,192000
0.8,Bachelor,3.0,ML Engineer,210000.0,5.8,New York,Small (51-200),Male,40,188000
5.9,Master,6.0,Product Manager,225000.0,3.8,Chicago,Large (1000+),Female,29,219000
14.5,Bachelor,9.0,DevOps Engineer,200000.0,7.3,San Francisco,Startup (1-50),Female,22,286000
5.7,Bachelor,6.0,Frontend Developer,157000.0,6.3,New York,Startup (1-50),Male,30,167000
2.0,Bachelor,4.0,ML Engineer,223000.0,7.3,San Francisco,Small (51-200),Male,36,223000
3.5,Master,4.0,Data Scientist,136000.0,5.4,Remote,Startup (1-50),Female,22,144000
5.2,High School,5.0,Backend Developer,118000.0,6.2,Remote,Large (1000+),Male,25,143000
3.6,Bachelor,8.0,Software Engineer,111000.0,5.7,Remote,Startup (1-50),Female,22,123000
0.6,Bachelor,2.0,Data Analyst,131000.0,4.3,Seattle,Small (51-200),Female,38,115000
1.9,Master,6.0,Full Stack Developer,258000.0,7.4,San Francisco,Large (1000+),Female,45,255000
8.1,High School,8.0,Software Engineer,144000.0,7.1,Los Angeles,Small (51-200),Female,30,150000
9.9,Master,7.0,Backend Developer,154000.0,7.8,Austin,Startup (1-50),Female,36,186000
0.7,Bachelor,8.0,Backend Developer,151000.0,7.8,Seattle,Small (51-200),Male,36,160000
15.2,Bachelor,11.0,Software Engineer,214000.0,8.0,Boston,Small (51-200),Female,44,242000
2.0,PhD,5.0,Data Scientist,236000.0,7.7,San Francisco,Startup (1-50),Male,27,248000
5.4,High School,4.0,ML Engineer,249000.0,7.7,San Francisco,Small (51-200),Male,30,199000
7.0,Bachelor,7.0,Backend Developer,219000.0,7.9,Seattle,Large (1000+),Male,29,234000
8.4,High School,4.0,Backend Developer,185000.0,7.0,New York,Large (1000+),Female,33,229000
14.6,Bachelor,13.0,Frontend Developer,167000.0,8.5,New York,Startup (1-50),Male,52,250000
1.9,Bachelor,3.0,Full Stack Developer,113000.0,5.5,Chicago,Startup (1-50),Female,32,131000
9.8,Bachelor,7.0,Full Stack Developer,163000.0,8.7,Austin,Small (51-200),Male,25,199000
0.7,High School,8.0,Backend Developer,131000.0,7.1,Austin,Medium (201-1000),Female,23,127000
6.1,Bachelor,4.0,Full Stack Developer,133000.0,10.0,Remote,Small (51-200),Male,42,190000
6.8,Master,8.0,ML Engineer,242000.0,7.8,Los Angeles,Large (1000+),Male,25,298000
5.7,Master,6.0,Product Manager,295000.0,9.7,San Francisco,Medium (201-1000),Male,37,359000
1.5,Bachelor,7.0,Backend Developer,107000.0,4.6,Chicago,Startup (1-50),Male,27,110000
10.3,Bachelor,7.0,Data Analyst,165000.0,10.0,Boston,Medium (201-1000),Male,22,157000
0.9,Bachelor,2.0,Frontend Developer,131000.0,8.1,San Francisco,Startup (1-50),Female,37,166000
0.3,Bachelor,6.0,Data Scientist,169000.0,5.9,New York,Small (51-200),Male,27,195000
6.3,Bachelor,5.0,Frontend Developer,122000.0,9.1,Austin,Startup (1-50),Female,35,148000
3.2,Bachelor,8.0,ML Engineer,144000.0,,Remote,Startup (1-50),Male,36,126000
9.5,Bachelor,9.0,Backend Developer,216000.0,7.7,New York,Medium (201-1000),Male,36,280000
2.4,Bachelor,3.0,DevOps Engineer,143000.0,5.6,Austin,Medium (201-1000),Male,30,163000
0.9,Bachelor,2.0,Data Analyst,73000.0,8.6,Remote,Startup (1-50),Male,37,91000
9.1,PhD,9.0,Backend Developer,277000.0,9.8,Seattle,Large (1000+),Female,25,359000
4.0,Bachelor,9.0,Backend Developer,117000.0,5.7,Chicago,Small (51-200),Female,22,173000
1.0,Master,5.0,Data Scientist,140000.0,5.5,Chicago,Startup (1-50),Male,38,152000
6.4,Master,6.0,Engineering Manager,223000.0,5.4,Austin,Startup (1-50),Female,33,225000
3.6,Bachelor,5.0,Data Analyst,112000.0,8.4,Los Angeles,Medium (201-1000),Male,27,144000
4.6,Bachelor,7.0,Full Stack Developer,250000.0,7.1,San Francisco,Large (1000+),Female,22,284000
3.1,Bachelor,5.0,ML Engineer,271000.0,6.6,San Francisco,Medium (201-1000),Female,22,260000
8.8,High School,9.0,Frontend Developer,198000.0,6.0,Seattle,Large (1000+),Female,32,201000
8.8,Bachelor,9.0,Software Engineer,195000.0,10.0,Boston,Small (51-200),Male,45,228000
6.2,Master,7.0,Frontend Developer,188000.0,7.0,Boston,Small (51-200),Male,31,204000
0.6,High School,6.0,Software Engineer,117000.0,4.9,Austin,Small (51-200),Male,29,109000
9.1,Bachelor,7.0,Frontend Developer,224000.0,8.2,San Francisco,Medium (201-1000),Female,32,251000
5.6,Master,8.0,Backend Developer,204000.0,6.7,San Francisco,Small (51-200),Female,49,220000
6.0,Master,5.0,ML Engineer,239000.0,8.2,Chicago,Large (1000+),Male,38,261000
2.3,Bachelor,5.0,DevOps Engineer,128000.0,5.9,Chicago,Startup (1-50),Female,25,135000
10.6,Master,8.0,Data Analyst,145000.0,9.0,Remote,Small (51-200),Female,32,153000
6.5,Bachelor,6.0,Software Engineer,122000.0,8.9,Remote,Small (51-200),Male,35,169000
0.6,Bachelor,6.0,Full Stack Developer,165000.0,4.4,Boston,Medium (201-1000),Female,24,150000
2.6,Bachelor,6.0,Software Engineer,194000.0,5.8,New York,Small (51-200),Male,38,163000
10.9,Bachelor,7.0,Software Engineer,187000.0,6.3,Seattle,Small (51-200),Male,25,218000
0.2,PhD,11.0,Software Engineer,155000.0,7.4,Remote,Small (51-200),Male,22,180000
16.3,High School,9.0,Full Stack Developer,153000.0,10.0,Austin,Medium (201-1000),Male,33,206000
5.7,Bachelor,5.0,ML Engineer,254000.0,7.1,San Francisco,Medium (201-1000),Female,31,289000
5.0,Bachelor,7.0,Data Analyst,113000.0,10.0,Los Angeles,Medium (201-1000),Male,32,144000
1.6,Bachelor,10.0,Frontend Developer,115000.0,9.2,Chicago,Small (51-200),Male,26,156000
1.4,High School,2.0,Software Engineer,171000.0,8.6,New York,Large (1000+),Male,27,204000
14.2,Bachelor,9.0,Full Stack Developer,232000.0,9.7,Boston,Large (1000+),Female,41,272000
1.8,Master,7.0,Software Engineer,165000.0,9.7,Los Angeles,Small (51-200),Female,36,211000
7.5,Bachelor,9.0,Full Stack Developer,192000.0,9.0,San Francisco,Startup (1-50),Female,24,207000
2.5,Bachelor,3.0,Software Engineer,141000.0,7.2,Austin,Small (51-200),Male,22,142000
0.7,Bachelor,5.0,ML Engineer,181000.0,7.8,Seattle,Small (51-200),Female,25,207000
0.1,Bachelor,5.0,Full Stack Developer,150000.0,7.5,Seattle,Large (1000+),Female,33,215000
3.9,Bachelor,6.0,Engineering Manager,,6.5,Chicago,Medium (201-1000),Male,27,227000
18.6,Master,12.0,ML Engineer,301000.0,9.5,Seattle,Large (1000+),Female,26,449000
2.3,PhD,9.0,Data Analyst,168000.0,9.3,San Francisco,Small (51-200),Female,27,207000
2.2,Bachelor,,Software Engineer,237000.0,6.0,San Francisco,Medium (201-1000),Female,31,194000
2.1,Bachelor,5.0,Data Analyst,147000.0,5.6,San Francisco,Small (51-200),Female,38,134000
3.7,Master,10.0,Backend Developer,143000.0,6.7,Seattle,Startup (1-50),Female,32,182000
2.9,Bachelor,6.0,Software Engineer,136000.0,9.6,Remote,Medium (201-1000),Male,32,151000
10.6,Bachelor,7.0,Data Scientist,205000.0,7.1,New York,Startup (1-50),Female,30,239000
3.5,Bachelor,4.0,Software Engineer,184000.0,6.2,Boston,Medium (201-1000),Female,28,163000
3.5,Master,8.0,ML Engineer,213000.0,5.9,Remote,Medium (201-1000),Male,39,182000
0.7,Bachelor,8.0,Data Scientist,253000.0,6.1,New York,Large (1000+),Female,38,233000
20.3,Master,10.0,Backend Developer,208000.0,7.4,Boston,Startup (1-50),Female,48,244000
1.4,Master,7.0,Engineering Manager,216000.0,4.7,Remote,Medium (201-1000),Male,37,190000
0.4,Bachelor,5.0,Software Engineer,153000.0,7.8,Seattle,Large (1000+),Female,28,195000
5.4,Master,7.0,Frontend Developer,248000.0,8.6,New York,Large (1000+),Male,25,261000
4.5,Master,4.0,Frontend Developer,199000.0,7.7,Boston,Medium (201-1000),Female,40,214000
2.7,Bachelor,6.0,Product Manager,185000.0,4.0,Los Angeles,Medium (201-1000),Male,25,178000
2.7,Bachelor,5.0,Frontend Developer,159000.0,8.8,Seattle,Small (51-200),Female,38,157000
7.7,High School,6.0,Frontend Developer,145000.0,7.3,Seattle,Medium (201-1000),Male,26,153000
1.1,Bachelor,7.0,DevOps Engineer,156000.0,7.1,Seattle,Medium (201-1000),Female,35,187000
8.6,Bachelor,8.0,Data Scientist,229000.0,10.0,San Francisco,Medium (201-1000),Non-binary,24,336000
5.2,Bachelor,7.0,Software Engineer,174000.0,8.0,Austin,Medium (201-1000),Male,38,188000
2.7,Bachelor,10.0,ML Engineer,233000.0,9.5,New York,Small (51-200),Female,22,233000
3.1,Master,7.0,Software Engineer,174000.0,4.7,San Francisco,Startup (1-50),Male,34,214000
1.5,Bachelor,6.0,Frontend Developer,148000.0,6.4,Seattle,Medium (201-1000),Female,30,175000
7.0,Bachelor,9.0,Data Scientist,223000.0,4.6,San Francisco,Small (51-200),Female,33,190000
3.6,Bachelor,4.0,Frontend Developer,215000.0,7.6,Seattle,Small (51-200),Female,29,164000
1.9,Bachelor,7.0,Software Engineer,153000.0,7.6,San Francisco,Startup (1-50),Female,29,178000
4.5,Bachelor,6.0,Product Manager,236000.0,5.8,San Francisco,Small (51-200),Male,33,203000
27.3,Bachelor,13.0,Product Manager,267000.0,10.0,Chicago,Large (1000+),Male,24,333000
2.9,Bachelor,6.0,Software Engineer,142000.0,,Los Angeles,Small (51-200),Female,24,160000
12.7,Master,9.0,ML Engineer,237000.0,5.0,New York,Startup (1-50),Male,29,272000
2.1,Master,6.0,Backend Developer,150000.0,8.0,Austin,Small (51-200),Male,29,156000
0.3,Bachelor,5.0,Software Engineer,178000.0,7.3,New York,Small (51-200),Male,24,197000
1.1,Master,8.0,ML Engineer,168000.0,6.9,Austin,Small (51-200),Female,39,198000
2.7,Master,9.0,Data Scientist,204000.0,8.3,Seattle,Small (51-200),Male,29,212000
1.2,High School,3.0,Product Manager,177000.0,5.6,New York,Large (1000+),Female,30,209000
0.0,PhD,6.0,Data Analyst,101000.0,6.2,Remote,Startup (1-50),Female,22,108000
12.3,Master,13.0,Frontend Developer,229000.0,9.9,San Francisco,Medium (201-1000),Female,49,355000
9.3,Bachelor,6.0,Frontend Developer,,10.0,San Francisco,Large (1000+),Male,51,287000
6.8,Bachelor,9.0,Product Manager,201000.0,,Remote,Large (1000+),Male,26,192000
0.9,High School,8.0,Product Manager,103000.0,6.5,Remote,Startup (1-50),Male,42,102000
0.6,High School,5.0,Engineering Manager,173000.0,6.3,Austin,Small (51-200),Non-binary,31,173000
0.3,Master,6.0,Software Engineer,155000.0,3.8,Seattle,Startup (1-50),Male,45,159000
6.4,Bachelor,8.0,Software Engineer,165000.0,7.6,Austin,Small (51-200),Male,35,157000
13.2,Master,8.0,Backend Developer,243000.0,5.5,Seattle,Startup (1-50),Male,33,243000
2.8,Master,6.0,Frontend Developer,238000.0,5.4,Seattle,Large (1000+),Female,22,225000
0.6,Master,7.0,Software Engineer,124000.0,5.1,Austin,Startup (1-50),Female,25,130000
3.6,Master,7.0,Software Engineer,168000.0,7.6,Austin,Small (51-200),Male,32,184000
2.1,High School,4.0,Product Manager,139000.0,5.5,Remote,Small (51-200),Male,34,103000
2.3,Bachelor,4.0,Data Analyst,104000.0,9.4,Remote,Large (1000+),Female,22,128000
4.9,Master,8.0,ML Engineer,247000.0,5.5,Seattle,Medium (201-1000),Male,26,255000
6.3,High School,4.0,Product Manager,166000.0,6.9,Seattle,Small (51-200),Female,36,190000
0.6,High School,3.0,Frontend Developer,113000.0,7.4,Seattle,Startup (1-50),Female,22,114000
0.2,Master,7.0,Data Analyst,112000.0,7.6,Austin,Startup (1-50),Female,33,113000
25.9,Master,12.0,DevOps Engineer,355000.0,10.0,Seattle,Medium (201-1000),Female,42,367000
1.3,Bachelor,10.0,Software Engineer,145000.0,3.6,Chicago,Medium (201-1000),Female,35,137000
0.3,Master,6.0,DevOps Engineer,144000.0,5.6,Remote,Medium (201-1000),Female,35,184000
1.1,Master,6.0,DevOps Engineer,135000.0,10.0,Chicago,Startup (1-50),Male,22,172000
0.2,Bachelor,3.0,Frontend Developer,110000.0,5.1,Remote,Medium (201-1000),Male,25,120000
2.5,High School,7.0,Software Engineer,130000.0,7.7,Los Angeles,Medium (201-1000),Female,48,144000
8.1,PhD,10.0,Engineering Manager,400000.0,7.4,Boston,Large (1000+),Male,27,402000
2.1,Bachelor,7.0,Data Scientist,151000.0,4.9,Los Angeles,Medium (201-1000),Female,42,155000
2.9,High School,3.0,Software Engineer,147000.0,5.7,San Francisco,Small (51-200),Male,27,141000
5.6,Bachelor,4.0,Frontend Developer,197000.0,9.6,San Francisco,Small (51-200),Female,30,213000
3.6,Master,8.0,Frontend Developer,162000.0,5.8,Boston,Startup (1-50),Female,36,163000
9.9,Bachelor,5.0,DevOps Engineer,189000.0,8.2,Los Angeles,Medium (201-1000),Female,33,220000
10.1,Bachelor,8.0,Full Stack Developer,196000.0,8.1,Seattle,Medium (201-1000),Male,35,271000
0.0,Bachelor,3.0,Frontend Developer,156000.0,7.6,New York,Startup (1-50),Non-binary,25,139000
7.5,PhD,8.0,Backend Developer,188000.0,9.6,Austin,Startup (1-50),Male,23,216000
3.1,Bachelor,6.0,Full Stack Developer,131000.0,9.0,Boston,Startup (1-50),Male,25,177000
22.5,Bachelor,16.0,Software Engineer,310000.0,3.7,New York,Large (1000+),Male,28,299000
3.3,PhD,7.0,Frontend Developer,158000.0,7.2,Remote,Startup (1-50),Female,30,161000
21.7,High School,9.0,Product Manager,193000.0,7.0,Los Angeles,Small (51-200),Male,40,249000
7.0,PhD,11.0,Software Engineer,181000.0,9.3,Chicago,Small (51-200),Female,33,223000
1.4,PhD,7.0,ML Engineer,262000.0,6.5,New York,Small (51-200),Female,36,255000
3.9,Master,5.0,Product Manager,,10.0,New York,Medium (201-1000),Female,33,341000
24.2,Bachelor,13.0,ML Engineer,314000.0,9.8,Seattle,Large (1000+),Female,23,465000
9.7,Master,11.0,DevOps Engineer,200000.0,10.0,Seattle,Startup (1-50),Female,32,269000
0.5,Master,6.0,Engineering Manager,221000.0,10.0,San Francisco,Medium (201-1000),Female,33,317000
6.1,PhD,7.0,Software Engineer,186000.0,8.3,Remote,Small (51-200),Female,38,226000
2.1,Bachelor,5.0,Software Engineer,203000.0,4.7,Seattle,Large (1000+),Male,23,183000
0.0,Master,5.0,Data Analyst,132000.0,7.7,Chicago,Small (51-200),Male,22,107000
2.6,Bachelor,10.0,Data Analyst,107000.0,7.2,Los Angeles,Startup (1-50),Male,33,103000
1.3,Bachelor,7.0,DevOps Engineer,164000.0,6.4,San Francisco,Small (51-200),Male,35,186000
8.5,Bachelor,5.0,Frontend Developer,137000.0,6.6,Los Angeles,Startup (1-50),Male,31,168000
2.1,Master,4.0,Data Analyst,119000.0,9.1,Remote,Startup (1-50),Female,32,107000
8.8,Bachelor,5.0,Full Stack Developer,192000.0,9.1,Austin,Medium (201-1000),Female,39,201000
0.0,Bachelor,8.0,Data Scientist,199000.0,6.2,Seattle,Medium (201-1000),Male,28,177000
1.8,PhD,8.0,Software Engineer,171000.0,8.1,Austin,Small (51-200),Female,30,199000
1.4,Bachelor,4.0,DevOps Engineer,189000.0,5.8,New York,Medium (201-1000),Male,33,208000
1.3,Master,8.0,Data Analyst,128000.0,5.7,Boston,Small (51-200),Male,22,137000
0.4,Bachelor,8.0,Product Manager,231000.0,8.4,San Francisco,Medium (201-1000),Female,31,197000
1.0,Bachelor,4.0,Engineering Manager,208000.0,3.6,Boston,Medium (201-1000),Female,31,196000
4.1,Master,10.0,Data Analyst,183000.0,7.4,New York,Medium (201-1000),Male,45,191000
1.7,PhD,4.0,Frontend Developer,189000.0,6.6,San Francisco,Startup (1-50),Male,30,186000
2.7,Bachelor,5.0,DevOps Engineer,132000.0,8.9,Austin,Small (51-200),Male,34,161000
2.4,Master,8.0,Full Stack Developer,177000.0,5.7,Boston,Small (51-200),Male,39,190000
10.4,High School,6.0,Full Stack Developer,187000.0,8.8,Seattle,Small (51-200),Female,25,208000
11.8,Bachelor,8.0,Frontend Developer,230000.0,8.7,San Francisco,Medium (201-1000),Female,43,266000
3.4,Bachelor,5.0,Software Engineer,134000.0,9.3,Chicago,Small (51-200),Female,46,168000
2.0,High School,7.0,Product Manager,151000.0,7.0,Boston,Startup (1-50),Male,32,146000
0.6,Bachelor,5.0,DevOps Engineer,185000.0,5.5,San Francisco,Small (51-200),Female,28,164000
15.3,Bachelor,9.0,ML Engineer,176000.0,8.5,Austin,Startup (1-50),Male,45,219000
0.3,High School,8.0,Backend Developer,116000.0,6.7,Austin,Medium (201-1000),Female,38,121000
1.8,Bachelor,5.0,Backend Developer,174000.0,6.5,San Francisco,Small (51-200),Male,33,168000
1.8,Bachelor,3.0,Data Scientist,185000.0,6.4,Boston,Medium (201-1000),Female,43,180000
1.9,Bachelor,4.0,Data Analyst,105000.0,8.6,Chicago,Small (51-200),Female,43,112000
0.9,PhD,8.0,Data Scientist,205000.0,5.7,Remote,Large (1000+),Female,29,209000
7.6,Master,10.0,Software Engineer,269000.0,6.5,New York,Large (1000+),Male,34,240000
0.7,Bachelor,3.0,ML Engineer,165000.0,8.1,Chicago,Medium (201-1000),Female,37,184000
5.0,PhD,7.0,Full Stack Developer,315000.0,6.4,New York,Large (1000+),Female,32,301000
0.7,Master,6.0,Engineering Manager,202000.0,4.4,Los Angeles,Small (51-200),Female,22,211000
0.4,Bachelor,5.0,Data Analyst,152000.0,5.8,San Francisco,Large (1000+),Male,24,147000
12.0,High School,6.0,Product Manager,211000.0,7.8,Austin,Large (1000+),Male,22,223000
1.1,Master,7.0,Software Engineer,195000.0,7.1,Boston,Large (1000+),Male,36,213000
8.6,Bachelor,9.0,Software Engineer,235000.0,7.5,New York,Medium (201-1000),Male,23,273000
3.9,Master,4.0,Frontend Developer,161000.0,8.8,Remote,Medium (201-1000),Female,34,173000
0.4,Master,6.0,Data Scientist,148000.0,7.6,Boston,Small (51-200),Female,47,216000
15.6,Master,11.0,Data Analyst,213000.0,9.1,San Francisco,Small (51-200),Male,43,277000
1.4,PhD,7.0,Backend Developer,215000.0,1.8,Boston,Small (51-200),Female,22,156000
9.8,Bachelor,9.0,Engineering Manager,317000.0,7.7,Austin,Large (1000+),Male,22,296000
0.9,High School,3.0,Data Scientist,153000.0,6.2,San Francisco,Startup (1-50),Male,26,142000
9.6,Master,8.0,DevOps Engineer,266000.0,7.8,Los Angeles,Medium (201-1000),Male,23,262000
0.1,Bachelor,4.0,Frontend Developer,114000.0,9.0,Chicago,Small (51-200),Female,22,126000
3.6,Master,5.0,Data Scientist,237000.0,6.3,New York,Small (51-200),Female,32,249000
7.3,PhD,11.0,Frontend Developer,234000.0,8.3,Austin,Large (1000+),Male,38,250000
13.7,Master,12.0,DevOps Engineer,351000.0,9.0,New York,Large (1000+),Female,40,421000
12.0,Bachelor,9.0,DevOps Engineer,225000.0,6.0,Remote,Medium (201-1000),Male,28,185000
8.6,Bachelor,7.0,ML Engineer,224000.0,5.4,Los Angeles,Small (51-200),Male,30,183000
11.0,Bachelor,6.0,Software Engineer,193000.0,6.6,Seattle,Small (51-200),Male,35,188000
1.1,Bachelor,3.0,Frontend Developer,140000.0,6.7,Chicago,Small (51-200),Male,31,120000
1.7,Master,6.0,ML Engineer,191000.0,6.6,Austin,Small (51-200),Female,38,184000
1.7,Master,6.0,Software Engineer,174000.0,4.1,Seattle,Startup (1-50),Female,35,145000
2.4,Master,6.0,Data Scientist,180000.0,5.4,Los Angeles,Small (51-200),Male,29,201000
2.5,Bachelor,8.0,Data Scientist,165000.0,5.5,Austin,Small (51-200),Male,22,147000
3.9,Bachelor,8.0,ML Engineer,224000.0,7.7,Seattle,Medium (201-1000),Male,44,203000
0.9,Master,5.0,Software Engineer,159000.0,4.8,Remote,Small (51-200),Male,27,145000
5.9,Bachelor,7.0,Frontend Developer,,9.7,New York,Small (51-200),Male,35,233000
0.9,Bachelor,4.0,Backend Developer,158000.0,9.8,New York,Startup (1-50),Male,22,175000
1.9,Master,12.0,Backend Developer,151000.0,7.0,Los Angeles,Large (1000+),Female,32,196000
3.5,Master,5.0,Data Analyst,108000.0,7.5,Remote,Small (51-200),Male,33,127000
8.0,Bachelor,5.0,DevOps Engineer,128000.0,8.6,Chicago,Startup (1-50),Male,33,159000
6.7,Master,5.0,Frontend Developer,212000.0,9.0,New York,Small (51-200),Female,56,222000
5.2,Bachelor,7.0,Data Analyst,151000.0,6.4,Austin,Large (1000+),Male,27,143000
0.8,PhD,8.0,DevOps Engineer,210000.0,7.4,Los Angeles,Medium (201-1000),Male,39,226000
4.0,High School,10.0,Full Stack Developer,194000.0,6.5,New York,Medium (201-1000),Male,36,177000
0.5,High School,2.0,DevOps Engineer,126000.0,5.6,San Francisco,Startup (1-50),Male,27,156000
2.4,Master,5.0,ML Engineer,182000.0,9.4,Austin,Medium (201-1000),Male,38,245000
2.7,Bachelor,5.0,Full Stack Developer,192000.0,6.9,Seattle,Medium (201-1000),Male,31,206000
0.2,Master,7.0,Software Engineer,240000.0,6.3,San Francisco,Medium (201-1000),Female,39,264000
1.6,Master,4.0,ML Engineer,215000.0,7.4,Chicago,Large (1000+),Female,48,222000
15.6,Master,10.0,Data Scientist,303000.0,8.2,Los Angeles,Small (51-200),Female,33,298000
15.4,PhD,10.0,ML Engineer,277000.0,10.0,Austin,Startup (1-50),Male,30,349000
2.2,Bachelor,6.0,Data Scientist,173000.0,6.6,Remote,Large (1000+),Male,40,177000
0.2,Master,6.0,Frontend Developer,141000.0,7.9,Chicago,Medium (201-1000),Male,43,158000
1.0,High School,4.0,Full Stack Developer,83000.0,6.7,Remote,Startup (1-50),Male,25,120000
2.5,Bachelor,6.0,Full Stack Developer,176000.0,7.7,San Francisco,Small (51-200),Male,28,219000
14.8,Master,7.0,ML Engineer,457000.0,9.2,San Francisco,Large (1000+),Male,37,398000
0.8,Bachelor,5.0,Engineering Manager,210000.0,6.5,San Francisco,Startup (1-50),Male,31,240000
7.2,Bachelor,6.0,Frontend Developer,162000.0,10.0,San Francisco,Startup (1-50),Male,24,233000
0.6,Bachelor,7.0,ML Engineer,176000.0,5.9,New York,Small (51-200),Male,36,216000
19.9,Master,12.0,Data Analyst,262000.0,3.9,Seattle,Large (1000+),Male,37,262000
2.4,PhD,7.0,Full Stack Developer,,,New York,Large (1000+),Male,29,366000
7.5,High School,5.0,Full Stack Developer,181000.0,6.2,San Francisco,Small (51-200),Male,32,199000
2.1,Bachelor,7.0,Software Engineer,147000.0,7.3,Austin,Medium (201-1000),Male,27,175000
4.9,Master,,DevOps Engineer,217000.0,5.8,New York,Small (51-200),Male,23,233000
1.1,Bachelor,5.0,Data Analyst,89000.0,6.2,Remote,Startup (1-50),Male,28,79000
0.8,High School,4.0,Frontend Developer,146000.0,5.5,San Francisco,Large (1000+),Male,33,145000
13.9,Bachelor,11.0,Backend Developer,154000.0,4.7,Chicago,Startup (1-50),Male,22,166000
12.5,Bachelor,10.0,Frontend Developer,149000.0,6.8,Los Angeles,Small (51-200),Female,29,203000
10.9,Bachelor,8.0,Data Analyst,130000.0,8.3,Remote,Medium (201-1000),Male,33,152000
4.9,Master,4.0,Data Scientist,162000.0,5.3,Remote,Startup (1-50),Male,42,146000
8.3,Bachelor,8.0,Frontend Developer,171000.0,,Los Angeles,Small (51-200),Male,29,163000
0.4,PhD,8.0,Software Engineer,263000.0,10.0,New York,Medium (201-1000),Male,22,269000
2.0,Master,6.0,Backend Developer,189000.0,7.7,Los Angeles,Medium (201-1000),Male,30,206000
1.9,Master,8.0,Full Stack Developer,126000.0,5.4,Remote,Startup (1-50),Non-binary,27,158000
5.0,High School,5.0,Software Engineer,98000.0,7.7,Remote,Small (51-200),Female,36,130000
2.2,Bachelor,4.0,Backend Developer,186000.0,8.2,Seattle,Medium (201-1000),Male,29,193000
0.8,Bachelor,4.0,ML Engineer,180000.0,9.2,Austin,Large (1000+),Female,22,239000
4.5,PhD,9.0,Software Engineer,138000.0,8.2,Remote,Startup (1-50),Male,62,179000
8.4,Bachelor,8.0,ML Engineer,304000.0,8.0,Boston,Large (1000+),Male,33,296000
2.4,Bachelor,4.0,Software Engineer,141000.0,7.0,Remote,Medium (201-1000),Female,33,162000
0.7,Bachelor,5.0,ML Engineer,252000.0,8.0,San Francisco,Large (1000+),Male,22,289000
1.1,Bachelor,5.0,ML Engineer,166000.0,7.3,Seattle,Startup (1-50),Male,22,176000
1.4,Bachelor,5.0,Full Stack Developer,156000.0,5.4,Seattle,Small (51-200),Female,31,151000
1.8,Bachelor,3.0,Full Stack Developer,148000.0,9.2,New York,Startup (1-50),Female,35,181000
5.1,High School,3.0,Backend Developer,149000.0,7.0,San Francisco,Small (51-200),Non-binary,38,149000
4.6,High School,2.0,Software Engineer,244000.0,10.0,San Francisco,Large (1000+),Female,34,240000
6.0,Bachelor,7.0,Product Manager,155000.0,6.6,Seattle,Startup (1-50),Female,23,206000
2.3,Master,6.0,Backend Developer,164000.0,7.0,Austin,Medium (201-1000),Male,22,210000
8.7,Bachelor,8.0,Software Engineer,174000.0,6.3,San Francisco,Startup (1-50),Male,31,219000
1.1,Bachelor,5.0,Data Analyst,124000.0,5.7,Los Angeles,Medium (201-1000),Female,28,97000
3.2,Bachelor,5.0,Data Scientist,123000.0,6.0,Remote,Startup (1-50),Non-binary,22,148000
8.1,Bachelor,6.0,Frontend Developer,117000.0,6.0,Remote,Startup (1-50),Male,39,146000
1.0,PhD,8.0,DevOps Engineer,250000.0,7.7,San Francisco,Small (51-200),Non-binary,22,238000
0.6,High School,5.0,ML Engineer,194000.0,7.9,Boston,Medium (201-1000),Male,37,170000
10.8,Master,8.0,Product Manager,187000.0,7.9,Austin,Startup (1-50),Male,22,260000
2.1,Master,5.0,DevOps Engineer,135000.0,9.5,Los Angeles,Startup (1-50),Male,33,186000
5.8,Master,5.0,Software Engineer,147000.0,5.7,Remote,Startup (1-50),Male,39,144000
0.1,Bachelor,4.0,Product Manager,212000.0,7.0,Boston,Large (1000+),Female,29,195000
5.9,Bachelor,3.0,Product Manager,180000.0,7.0,Chicago,Medium (201-1000),Male,46,246000
1.9,Master,4.0,Backend Developer,229000.0,9.1,San Francisco,Medium (201-1000),Female,47,265000
0.3,High School,5.0,DevOps Engineer,156000.0,7.0,San Francisco,Medium (201-1000),Male,34,171000
4.7,Master,6.0,Software Engineer,180000.0,9.1,Remote,Startup (1-50),Male,36,185000
1.4,Master,6.0,Full Stack Developer,235000.0,7.3,San Francisco,Medium (201-1000),Female,40,237000
2.4,Master,,Software Engineer,178000.0,9.8,San Francisco,Startup (1-50),Male,36,243000
0.4,High School,2.0,Software Engineer,96000.0,,Remote,Small (51-200),Female,35,104000
0.8,Master,4.0,Frontend Developer,198000.0,7.7,New York,Medium (201-1000),Male,28,204000
1.8,Master,4.0,Software Engineer,205000.0,7.1,Boston,Medium (201-1000),Male,22,214000
0.5,Master,3.0,Software Engineer,127000.0,8.5,Los Angeles,Startup (1-50),Female,22,170000
12.1,High School,9.0,DevOps Engineer,176000.0,8.0,New York,Startup (1-50),Female,51,216000
0.0,High School,5.0,Software Engineer,163000.0,5.5,New York,Medium (201-1000),Female,35,173000
3.3,Bachelor,6.0,Software Engineer,210000.0,6.3,San Francisco,Medium (201-1000),Female,30,254000
0.7,High School,2.0,Software Engineer,140000.0,6.6,San Francisco,Startup (1-50),Female,42,142000
1.8,Bachelor,3.0,Data Scientist,200000.0,6.0,San Francisco,Startup (1-50),Male,26,152000
13.0,PhD,11.0,Full Stack Developer,267000.0,10.0,San Francisco,Large (1000+),Female,37,483000
0.9,Bachelor,2.0,Data Analyst,130000.0,8.4,Seattle,Medium (201-1000),Male,33,140000
16.9,Master,10.0,DevOps Engineer,277000.0,8.0,New York,Large (1000+),Male,36,356000
1.2,High School,2.0,Frontend Developer,96000.0,7.0,Remote,Small (51-200),Male,29,109000
6.8,Bachelor,7.0,Software Engineer,173000.0,9.8,Chicago,Small (51-200),Male,24,189000
4.0,High School,4.0,Software Engineer,102000.0,6.7,Remote,Startup (1-50),Male,25,103000
10.8,Bachelor,9.0,Data Scientist,190000.0,8.3,Austin,Medium (201-1000),Male,26,219000
4.0,PhD,9.0,Frontend Developer,219000.0,5.6,San Francisco,Startup (1-50),Male,32,231000
3.8,High School,5.0,Full Stack Developer,104000.0,7.8,Remote,Startup (1-50),Female,22,118000
1.1,Master,10.0,Backend Developer,157000.0,7.5,Seattle,Startup (1-50),Female,22,157000
0.9,Bachelor,9.0,ML Engineer,275000.0,8.4,San Francisco,Medium (201-1000),Female,33,262000
12.4,PhD,11.0,Software Engineer,193000.0,7.4,Chicago,Small (51-200),Male,31,244000
2.0,High School,3.0,Full Stack Developer,151000.0,6.0,New York,Medium (201-1000),Female,34,173000
2.3,Bachelor,5.0,ML Engineer,252000.0,9.1,New York,Large (1000+),Male,32,287000
7.1,High School,7.0,Full Stack Developer,161000.0,8.0,Chicago,Medium (201-1000),Female,52,132000
2.1,Bachelor,8.0,Frontend Developer,122000.0,4.8,Los Angeles,Small (51-200),Male,33,133000
15.2,Bachelor,11.0,Full Stack Developer,272000.0,8.7,New York,Large (1000+),Male,29,331000
6.7,Master,8.0,Product Manager,231000.0,6.2,Seattle,Small (51-200),Male,33,232000
4.5,Master,5.0,Product Manager,187000.0,9.1,Boston,Startup (1-50),Female,40,201000
10.6,Master,7.0,Frontend Developer,215000.0,6.2,Remote,Large (1000+),Female,32,210000
0.3,Bachelor,8.0,Frontend Developer,139000.0,9.0,San Francisco,Startup (1-50),Female,37,155000
1.5,High School,4.0,Data Scientist,148000.0,7.5,Boston,Small (51-200),Male,35,159000
3.1,Bachelor,3.0,Product Manager,150000.0,7.3,Los Angeles,Small (51-200),Male,30,182000
1.3,PhD,7.0,DevOps Engineer,231000.0,6.4,New York,Small (51-200),Female,33,239000
6.8,Master,7.0,Software Engineer,211000.0,8.4,Los Angeles,Medium (201-1000),Male,45,248000
12.6,Master,8.0,DevOps Engineer,223000.0,9.1,Los Angeles,Startup (1-50),Female,34,236000
2.8,Master,6.0,Software Engineer,286000.0,8.1,New York,Medium (201-1000),Male,24,229000
2.1,High School,4.0,Frontend Developer,120000.0,7.0,Remote,Medium (201-1000),Female,29,140000
16.3,Bachelor,,Frontend Developer,206000.0,10.0,New York,Small (51-200),Female,22,273000
2.9,High School,4.0,ML Engineer,138000.0,5.6,Remote,Small (51-200),Female,33,129000
3.4,Bachelor,7.0,Software Engineer,132000.0,8.7,Remote,Small (51-200),Male,42,170000
2.2,High School,3.0,Product Manager,192000.0,7.3,New York,Large (1000+),Male,22,250000
12.0,Bachelor,11.0,Full Stack Developer,170000.0,9.3,Remote,Medium (201-1000),Female,33,242000
4.2,Master,12.0,Data Analyst,139000.0,7.9,Chicago,Large (1000+),Female,40,159000
7.2,Master,13.0,ML Engineer,196000.0,8.4,Seattle,Startup (1-50),Male,41,260000
8.4,Master,,Full Stack Developer,191000.0,7.1,San Francisco,Startup (1-50),Male,42,251000
2.1,PhD,7.0,DevOps Engineer,232000.0,5.2,San Francisco,Startup (1-50),Female,22,260000
2.8,High School,7.0,Data Scientist,125000.0,7.0,Boston,Startup (1-50),Female,36,144000
9.4,High School,8.0,Software Engineer,153000.0,10.0,Los Angeles,Small (51-200),Female,22,191000
2.3,Master,9.0,ML Engineer,,9.0,Chicago,Large (1000+),Female,24,230000
7.9,Bachelor,10.0,Software Engineer,197000.0,6.3,Seattle,Small (51-200),Female,39,179000
14.2,Bachelor,11.0,Engineering Manager,281000.0,6.5,Austin,Large (1000+),Male,33,366000
4.9,Bachelor,6.0,Software Engineer,146000.0,7.4,New York,Startup (1-50),Male,38,189000
6.8,Bachelor,9.0,DevOps Engineer,296000.0,9.2,San Francisco,Large (1000+),Male,25,309000
8.2,Bachelor,12.0,DevOps Engineer,157000.0,7.5,Austin,Startup (1-50),Female,44,187000
9.3,Bachelor,9.0,Data Scientist,242000.0,10.0,Seattle,Large (1000+),Male,38,327000
2.5,Bachelor,5.0,Frontend Developer,115000.0,5.9,Austin,Startup (1-50),Male,39,127000
0.3,Master,2.0,Software Engineer,185000.0,7.4,Los Angeles,Large (1000+),Male,23,218000
2.6,Bachelor,6.0,Full Stack Developer,147000.0,7.0,Boston,Startup (1-50),Male,41,152000
5.6,Bachelor,3.0,ML Engineer,168000.0,9.1,Boston,Small (51-200),Female,29,234000
3.0,Bachelor,8.0,Frontend Developer,140000.0,8.5,San Francisco,Small (51-200),Female,27,205000
6.9,Bachelor,8.0,Full Stack Developer,168000.0,9.3,Los Angeles,Small (51-200),Female,37,183000
2.2,Master,9.0,Product Manager,153000.0,7.7,Remote,Medium (201-1000),Male,37,184000
5.0,Master,7.0,Data Analyst,124000.0,9.2,Chicago,Large (1000+),Female,25,177000
1.0,Master,3.0,Backend Developer,205000.0,,Seattle,Medium (201-1000),Male,48,195000
6.9,Bachelor,7.0,ML Engineer,208000.0,9.8,Austin,Medium (201-1000),Female,47,261000
3.9,Bachelor,4.0,Frontend Developer,124000.0,9.7,Austin,Startup (1-50),Male,37,142000
1.1,Bachelor,6.0,Full Stack Developer,171000.0,6.6,San Francisco,Medium (201-1000),Male,35,188000
1.7,Bachelor,4.0,Data Analyst,109000.0,5.8,Remote,Small (51-200),Male,35,101000
6.9,Bachelor,8.0,Software Engineer,221000.0,8.4,Los Angeles,Large (1000+),Female,22,256000
3.3,Bachelor,3.0,ML Engineer,,8.8,San Francisco,Small (51-200),Female,33,255000
1.2,Bachelor,9.0,Full Stack Developer,189000.0,5.4,San Francisco,Medium (201-1000),Male,33,171000
17.1,Master,10.0,DevOps Engineer,188000.0,8.0,Remote,Startup (1-50),Male,27,233000
6.3,High School,7.0,ML Engineer,190000.0,8.1,New York,Small (51-200),Female,30,185000
15.7,Master,13.0,ML Engineer,317000.0,5.1,Boston,Small (51-200),Male,22,294000
2.8,High School,3.0,Backend Developer,102000.0,5.4,Remote,Small (51-200),Male,23,91000
3.2,High School,6.0,Engineering Manager,222000.0,6.1,New York,Small (51-200),Male,39,202000
11.4,PhD,9.0,DevOps Engineer,173000.0,8.3,Chicago,Startup (1-50),Female,46,249000
3.7,PhD,7.0,Data Scientist,233000.0,7.0,Austin,Large (1000+),Male,24,261000
6.1,High School,,Software Engineer,110000.0,6.4,Chicago,Startup (1-50),Non-binary,33,133000
1.5,Bachelor,5.0,Software Engineer,143000.0,5.2,Remote,Large (1000+),Male,41,152000
3.0,Bachelor,5.0,Frontend Developer,114000.0,10.0,Chicago,Startup (1-50),Male,28,124000
0.7,Bachelor,4.0,Frontend Developer,144000.0,,San Francisco,Startup (1-50),Male,37,147000
1.2,Master,9.0,Data Scientist,235000.0,4.0,New York,Medium (201-1000),Female,32,230000
0.0,PhD,5.0,Backend Developer,229000.0,8.3,San Francisco,Small (51-200),Male,42,258000
0.2,Master,6.0,Full Stack Developer,187000.0,5.7,Seattle,Small (51-200),Female,22,185000
18.9,Bachelor,13.0,Data Scientist,202000.0,6.2,Chicago,Medium (201-1000),Male,23,266000
1.4,Master,5.0,ML Engineer,213000.0,8.3,Seattle,Small (51-200),Male,34,217000
5.4,Bachelor,7.0,Engineering Manager,202000.0,6.7,Chicago,Medium (201-1000),Female,33,246000
9.1,PhD,9.0,ML Engineer,339000.0,9.6,New York,Small (51-200),Female,32,373000
4.0,Master,8.0,Full Stack Developer,238000.0,6.7,New York,Small (51-200),Male,37,237000
0.8,Bachelor,4.0,DevOps Engineer,175000.0,6.5,Chicago,Large (1000+),Female,25,201000
6.5,Bachelor,6.0,Full Stack Developer,239000.0,5.3,Seattle,Medium (201-1000),Female,22,221000
4.6,Bachelor,2.0,Full Stack Developer,147000.0,5.3,Remote,Small (51-200),Male,28,141000
6.6,High School,8.0,Backend Developer,210000.0,10.0,New York,Large (1000+),Male,29,231000
7.3,Master,8.0,Data Analyst,161000.0,6.9,Los Angeles,Large (1000+),Male,30,183000
18.5,Bachelor,10.0,Product Manager,251000.0,6.1,Boston,Small (51-200),Male,42,227000
4.3,Bachelor,4.0,Frontend Developer,120000.0,8.8,Remote,Startup (1-50),Female,38,129000
2.1,Bachelor,6.0,Data Scientist,239000.0,7.9,San Francisco,Large (1000+),Male,36,247000
5.2,Master,11.0,ML Engineer,168000.0,7.5,Austin,Startup (1-50),Male,34,209000
0.4,High School,7.0,Full Stack Developer,97000.0,6.5,Los Angeles,Startup (1-50),Male,29,107000
11.4,Master,10.0,Backend Developer,155000.0,8.3,Chicago,Small (51-200),Female,25,220000
0.6,Master,5.0,Software Engineer,225000.0,6.4,San Francisco,Medium (201-1000),Female,22,248000
2.0,PhD,7.0,Software Engineer,242000.0,9.9,New York,Large (1000+),Male,26,322000
8.5,Bachelor,7.0,Backend Developer,212000.0,7.3,Seattle,Medium (201-1000),Male,32,202000
4.5,Bachelor,4.0,Data Scientist,266000.0,8.8,San Francisco,Large (1000+),Male,23,268000
