years_experience,skills_count,previous_salary,interview_score,education_level,job_role,location,company_size,actual_salary,predicted_salary,lower_bound,upper_bound,interval_width,covered
3.3,1.0,103000.0,7.5,High School,Product Manager,Remote,Startup (1-50),122000,120335.98940130339,98774.08198660392,141897.89681600285,43123.81482939892,True
0.4,2.0,121000.0,7.0,Bachelor,Data Scientist,Remote,Small (51-200),161000,139802.91986534037,118241.0124506409,161364.82728003984,43123.814829398936,True
0.3,8.0,180000.0,5.8,Master,DevOps Engineer,Chicago,Large (1000+),173000,197464.1309068833,175902.22349218384,219026.03832158278,43123.814829398936,False
2.2,,151000.0,6.2,Bachelor,ML Engineer,Remote,Medium (201-1000),157000,170135.5441798516,148573.63676515213,191697.45159455106,43123.814829398936,True
23.0,10.0,289000.0,8.6,Bachelor,Frontend Developer,Seattle,Large (1000+),301000,315217.91012575186,293656.0027110524,336779.8175404513,43123.81482939888,True
2.6,3.0,249000.0,7.2,Bachelor,Data Scientist,San Francisco,Large (1000+),281000,253853.77751448346,232291.870099784,275415.6849291829,43123.814829398936,False
0.8,8.0,192000.0,7.1,Master,Software Engineer,San Francisco,Small (51-200),189000,209194.44727773895,187632.53986303948,230756.3546924384,43123.814829398936,True
3.2,8.0,198000.0,7.7,Master,Frontend Developer,Los Angeles,Small (51-200),150000,176905.72904174478,155343.8216270453,198467.63645644425,43123.814829398936,False
0.1,4.0,265000.0,6.9,Master,Engineering Manager,New York,Medium (201-1000),297000,287171.36242953315,265609.4550148337,308733.2698442326,43123.81482939888,True
1.1,3.0,211000.0,7.1,Bachelor,ML Engineer,Seattle,Large (1000+),240000,231506.32672316732,209944.41930846786,253068.2341378668,43123.814829398936,True
4.8,8.0,219000.0,7.7,Bachelor,Data Scientist,Seattle,Large (1000+),219000,248884.71710927592,227322.80969457646,270446.6245239754,43123.814829398965,False
11.1,10.0,152000.0,7.0,Bachelor,Software Engineer,Chicago,Small (51-200),175000,188557.14539160716,166995.2379769077,210119.05280630663,43123.814829398936,True
2.9,5.0,177000.0,7.6,High School,Software Engineer,Seattle,Medium (201-1000),176000,170298.47030022027,148736.5628855208,191860.37771491974,43123.814829398936,True
0.1,5.0,154000.0,10.0,Bachelor,Software Engineer,San Francisco,Medium (201-1000),214000,220607.0395848107,199045.13217011123,242168.94699951017,43123.814829398936,True
2.8,6.0,151000.0,4.6,Master,Data Analyst,New York,Startup (1-50),129000,133436.37640498613,111874.46899028667,154998.2838196856,43123.814829398936,True
2.1,6.0,224000.0,6.7,Master,Product Manager,Boston,Large (1000+),279000,253304.42546983084,231742.51805513137,274866.3328845303,43123.814829398936,False
0.1,4.0,110000.0,5.7,Bachelor,Software Engineer,Chicago,Startup (1-50),110000,107223.61799621127,85661.7105815118,128785.52541091073,43123.814829398936,True
2.8,3.0,139000.0,5.3,High School,Data Scientist,Chicago,Medium (201-1000),144000,135090.182317295,113528.27490259553,156652.08973199446,43123.814829398936,True
2.7,7.0,140000.0,6.5,Bachelor,Data Analyst,New York,Small (51-200),135000,141469.64101519765,119907.73360049818,163031.5484298971,43123.814829398936,True
14.5,9.0,135000.0,7.3,Bachelor,Full Stack Developer,Remote,Small (51-200),170000,183842.8883472138,162280.98093251433,205404.79576191326,43123.814829398936,True
1.6,4.0,,7.0,Master,Data Analyst,San Francisco,Small (51-200),176000,168339.64489615825,146777.73748145878,189901.55231085772,43123.814829398936,True
1.5,4.0,138000.0,9.6,High School,Frontend Developer,Los Angeles,Large (1000+),146000,152453.59346427102,130891.68604957155,174015.5008789705,43123.814829398936,True
10.5,8.0,290000.0,8.2,PhD,Frontend Developer,New York,Large (1000+),372000,338775.6804191263,317213.77300442685,360337.58783382573,43123.81482939888,False
1.2,4.0,131000.0,8.6,Bachelor,DevOps Engineer,Chicago,Startup (1-50),137000,135622.86896580245,114060.96155110298,157184.77638050192,43123.814829398936,True
0.5,6.0,221000.0,10.0,Master,Engineering Manager,San Francisco,Medium (201-1000),317000,314063.5558521232,292501.64843742375,335625.4632668226,43123.81482939888,True
3.8,6.0,116000.0,8.6,High School,Software Engineer,Remote,Small (51-200),146000,127763.56900948471,106201.66159478524,149325.47642418416,43123.81482939892,True
0.7,6.0,191000.0,5.0,Bachelor,Engineering Manager,San Francisco,Startup (1-50),214000,212662.8036939681,191100.89627926864,234224.71110866757,43123.814829398936,True
0.6,2.0,109000.0,10.0,Bachelor,Backend Developer,Remote,Small (51-200),129000,133560.2280978473,111998.32068314785,155122.13551254678,43123.814829398936,True
7.5,9.0,192000.0,9.0,Bachelor,Full Stack Developer,San Francisco,Startup (1-50),207000,219765.71795231875,198203.81053761928,241327.62536701822,43123.814829398936,True
0.2,,129000.0,7.0,Bachelor,Software Engineer,Chicago,Small (51-200),138000,136424.17849649012,114862.27108179065,157986.08591118958,43123.814829398936,True
9.2,10.0,193000.0,7.2,PhD,Data Scientist,Remote,Startup (1-50),204000,225384.71482678165,203822.80741208218,246946.62224148112,43123.814829398936,True
7.5,4.0,169000.0,9.1,Bachelor,Frontend Developer,Chicago,Large (1000+),201000,195300.75818909513,173738.85077439566,216862.6656037946,43123.814829398936,True
2.2,6.0,173000.0,6.6,Bachelor,Data Scientist,Remote,Large (1000+),177000,180390.6959455721,158828.78853087264,201952.60336027158,43123.814829398936,True
2.2,4.0,186000.0,8.2,Bachelor,Backend Developer,Seattle,Medium (201-1000),193000,191543.84914431255,169981.94172961309,213105.75655901202,43123.814829398936,True
8.1,4.0,130000.0,7.8,Bachelor,Frontend Developer,Boston,Startup (1-50),183000,162705.3116258306,141143.40421113113,184267.21904053006,43123.814829398936,True
13.0,9.0,293000.0,7.4,Master,DevOps Engineer,Los Angeles,Large (1000+),293000,315250.07815463014,293688.1707399307,336811.9855693296,43123.81482939888,False
2.0,2.0,197000.0,6.2,Bachelor,Software Engineer,San Francisco,Startup (1-50),155000,170337.65487775134,148775.74746305187,191899.5622924508,43123.814829398936,True
1.0,1.0,103000.0,6.3,High School,Full Stack Developer,Los Angeles,Small (51-200),129000,116668.95273722005,95107.04532252059,138230.86015191954,43123.81482939895,True
17.1,10.0,188000.0,8.0,Master,DevOps Engineer,Remote,Startup (1-50),233000,228766.52082755335,207204.61341285388,250328.42824225282,43123.814829398936,True
2.5,7.0,178000.0,9.6,Master,Backend Developer,San Francisco,Small (51-200),214000,237374.01706314267,215812.1096484432,258935.92447784214,43123.814829398936,False
5.4,5.0,219000.0,8.0,Master,Product Manager,New York,Small (51-200),276000,267456.82074226794,245894.91332756847,289018.72815696744,43123.814829398965,True
3.7,6.0,213000.0,7.9,Bachelor,ML Engineer,San Francisco,Medium (201-1000),267000,269832.4225652692,248270.51515056976,291394.3299799687,43123.814829398965,True
0.2,3.0,101000.0,6.7,High School,Backend Developer,Seattle,Startup (1-50),116000,109589.0337718377,88027.12635713823,131150.94118653715,43123.81482939892,True
3.9,5.0,122000.0,8.0,High School,Backend Developer,Remote,Small (51-200),122000,115162.23765931492,93600.33024461546,136724.14507401438,43123.81482939892,True
4.3,11.0,214000.0,4.4,Master,Backend Developer,Los Angeles,Medium (201-1000),197000,181077.95405009823,159516.04663539876,202639.8614647977,43123.814829398936,True
3.6,8.0,159000.0,10.0,Master,Product Manager,Chicago,Small (51-200),237000,217241.3195622968,195679.41214759732,238803.22697699626,43123.814829398936,True
6.6,8.0,109000.0,4.4,Bachelor,Data Analyst,Boston,Small (51-200),128000,117713.45742083977,96151.5500061403,139275.36483553925,43123.81482939895,True
15.2,11.0,214000.0,8.0,Bachelor,Software Engineer,Boston,Small (51-200),242000,243776.9279815225,222215.02056682302,265338.83539622196,43123.814829398936,True
0.1,4.0,87000.0,4.8,High School,Frontend Developer,Remote,Small (51-200),95000,77299.79441633557,55737.8870016361,98861.70183103504,43123.814829398936,True
5.4,10.0,215000.0,6.2,Master,Full Stack Developer,Los Angeles,Small (51-200),226000,196137.07061670857,174575.1632020091,217698.97803140804,43123.814829398936,False
1.9,4.0,231000.0,7.4,Master,Product Manager,San Francisco,Medium (201-1000),244000,272323.0508855907,250761.14347089126,293884.95830029016,43123.81482939891,False
5.2,5.0,118000.0,6.2,High School,Backend Developer,Remote,Large (1000+),143000,137266.92291014406,115705.01549544459,158828.83032484353,43123.814829398936,True
17.0,11.0,234000.0,10.0,Bachelor,Full Stack Developer,San Francisco,Small (51-200),320000,320417.00175586325,298855.09434116376,341978.90917056275,43123.814829398994,True
7.7,7.0,254000.0,7.3,Master,Product Manager,Austin,Large (1000+),319000,280927.90393840685,259365.99652370738,302489.8113531063,43123.81482939891,False
1.6,5.0,169000.0,9.8,Master,Software Engineer,Austin,Medium (201-1000),192000,208743.19889302138,187181.29147832192,230305.10630772085,43123.814829398936,True
0.8,3.0,141000.0,5.8,Bachelor,Data Analyst,San Francisco,Medium (201-1000),162000,151988.20289009428,130426.29547539481,173550.11030479375,43123.814829398936,True
13.1,15.0,376000.0,10.0,PhD,ML Engineer,San Francisco,Medium (201-1000),434000,407764.1008838291,386202.1934691296,429326.0082985286,43123.814829398994,False
0.2,7.0,145000.0,6.9,Bachelor,DevOps Engineer,Boston,Small (51-200),155000,158729.96313356998,137168.0557188705,180291.87054826945,43123.814829398936,True
2.4,3.0,164000.0,5.7,Bachelor,ML Engineer,Boston,Small (51-200),181000,188487.1935286114,166925.28611391192,210049.10094331086,43123.814829398936,True
2.6,5.0,157000.0,7.4,Bachelor,Engineering Manager,Los Angeles,Startup (1-50),159000,198938.1200599635,177376.21264526402,220500.02747466296,43123.814829398936,False
7.8,9.0,146000.0,7.3,Bachelor,Full Stack Developer,Austin,Startup (1-50),174000,162654.01204124966,141092.1046265502,184215.91945594913,43123.814829398936,True
9.2,7.0,123000.0,7.9,High School,Frontend Developer,Boston,Startup (1-50),165000,143796.45453821222,122234.54712351275,165358.36195291168,43123.814829398936,True
3.0,6.0,198000.0,5.8,Bachelor,Product Manager,San Francisco,Startup (1-50),209000,196432.87292795547,174870.965513256,217994.78034265494,43123.814829398936,True
2.3,6.0,250000.0,5.3,Master,Data Scientist,San Francisco,Medium (201-1000),255000,247317.12877478878,225755.22136008932,268879.03618948825,43123.814829398936,True
2.3,3.0,159000.0,8.4,Master,Software Engineer,Remote,Medium (201-1000),189000,183831.53925840184,162269.63184370237,205393.4466731013,43123.814829398936,True
0.9,5.0,229000.0,9.8,PhD,Frontend Developer,Boston,Large (1000+),246000,255191.971192745,233630.06377804553,276753.87860744447,43123.814829398936,True
11.0,8.0,149000.0,7.8,Master,Data Analyst,Boston,Startup (1-50),182000,167711.03954750788,146149.13213280842,189272.94696220735,43123.814829398936,True
1.8,5.0,210000.0,5.8,Master,DevOps Engineer,Seattle,Large (1000+),242000,230235.08578762092,208673.17837292145,251796.9932023204,43123.814829398936,True
7.4,8.0,139000.0,8.6,Bachelor,Data Analyst,Boston,Medium (201-1000),166000,165487.87981026925,143925.97239556978,187049.78722496872,43123.814829398936,True
1.2,3.0,177000.0,5.6,High School,Product Manager,New York,Large (1000+),209000,202593.5640396193,181031.65662491982,224155.47145431876,43123.814829398936,True
2.3,5.0,187000.0,9.1,Master,DevOps Engineer,San Francisco,Startup (1-50),226000,220342.12549081558,198780.2180761161,241904.03290551505,43123.814829398936,True
1.9,4.0,160000.0,8.3,Bachelor,Software Engineer,New York,Startup (1-50),197000,174139.3280798919,152577.42066519242,195701.23549459135,43123.814829398936,False
2.5,5.0,169000.0,9.7,Master,Full Stack Developer,New York,Startup (1-50),217000,217008.5278525683,195446.62043786884,238570.43526726778,43123.814829398936,True
7.3,8.0,132000.0,6.8,Bachelor,Data Analyst,Los Angeles,Medium (201-1000),143000,153553.39493350007,131991.4875188006,175115.30234819953,43123.814829398936,True
3.9,4.0,186000.0,7.2,Bachelor,Software Engineer,San Francisco,Small (51-200),195000,207631.96796157962,186070.06054688015,229193.8753762791,43123.814829398936,True
1.0,6.0,138000.0,6.9,Master,Software Engineer,Chicago,Medium (201-1000),162000,171826.09783882002,150264.19042412055,193388.00525351948,43123.814829398936,True
4.5,9.0,230000.0,6.8,PhD,Data Scientist,Los Angeles,Small (51-200),215000,245881.71864456634,224319.81122986687,267443.6260592658,43123.814829398936,False
11.9,6.0,190000.0,8.7,High School,Software Engineer,Los Angeles,Large (1000+),215000,225635.9502624858,204074.04284778633,247197.85767718527,43123.814829398936,True
15.8,10.0,224000.0,8.0,Bachelor,Software Engineer,Los Angeles,Medium (201-1000),263000,252871.74624709185,231309.8388323924,274433.65366179135,43123.814829398965,True
1.9,1.0,228000.0,6.2,Bachelor,Data Scientist,New York,Large (1000+),219000,233692.28546979275,212130.3780550933,255254.19288449222,43123.814829398936,True
0.3,5.0,175000.0,8.0,Master,ML Engineer,Remote,Small (51-200),140000,178348.836062615,156786.92864791554,199910.74347731448,43123.814829398936,False
1.7,4.0,165000.0,8.0,Bachelor,Software Engineer,San Francisco,Small (51-200),214000,199138.35767917574,177576.45026447627,220700.2650938752,43123.814829398936,True
1.9,9.0,157000.0,4.8,Master,ML Engineer,Los Angeles,Startup (1-50),174000,178717.2570258392,157155.34961113974,200279.16444053868,43123.814829398936,True
5.5,5.0,263000.0,6.0,Master,Full Stack Developer,New York,Small (51-200),198000,229541.94745381194,207980.04003911247,251103.8548685114,43123.814829398936,False
0.3,4.0,109000.0,6.8,Bachelor,Frontend Developer,Remote,Small (51-200),112000,105949.0745774872,84387.16716278774,127510.98199218667,43123.814829398936,True
0.3,4.0,145000.0,7.5,Bachelor,Software Engineer,Remote,Medium (201-1000),154000,143274.9278225967,121713.02040789725,164836.83523729618,43123.814829398936,True
6.8,14.0,242000.0,2.6,Bachelor,Data Scientist,San Francisco,Medium (201-1000),220000,219435.1022942752,197873.19487957572,240997.00970897466,43123.814829398936,True
0.7,4.0,178000.0,7.9,High School,Product Manager,New York,Large (1000+),190000,222988.03683495184,201426.12942025237,244549.9442496513,43123.814829398936,False
7.6,10.0,269000.0,6.5,Master,Software Engineer,New York,Large (1000+),240000,280503.83781518735,258941.93040048788,302065.74522988684,43123.814829398965,False
0.4,4.0,88000.0,8.5,High School,Software Engineer,Remote,Small (51-200),109000,109019.58662080391,87457.67920610444,130581.49403550338,43123.814829398936,True
2.2,6.0,191000.0,9.0,Bachelor,Software Engineer,New York,Medium (201-1000),225000,226133.53776281027,204571.6303481108,247695.44517750974,43123.814829398936,True
1.3,7.0,147000.0,6.7,Master,Full Stack Developer,Remote,Small (51-200),157000,152169.9700758719,130608.06266117244,173731.87749057138,43123.814829398936,True
7.2,10.0,243000.0,9.4,Master,Data Scientist,Boston,Medium (201-1000),252000,275464.4258847959,253902.51847009643,297026.3332994954,43123.814829398965,False
1.1,4.0,166000.0,6.8,Master,Software Engineer,New York,Small (51-200),197000,201984.9625130099,180423.05509831043,223546.86992770937,43123.814829398936,True
0.4,10.0,168000.0,6.2,Master,Frontend Developer,San Francisco,Startup (1-50),191000,168181.59210240495,146619.68468770548,189743.4995171044,43123.814829398936,False
6.3,4.0,166000.0,6.9,High School,Product Manager,Seattle,Small (51-200),190000,179327.4192777176,157765.51186301812,200889.32669241706,43123.814829398936,True
1.5,6.0,170000.0,9.2,Bachelor,Data Scientist,Boston,Small (51-200),187000,188194.545343567,166632.63792886754,209756.45275826647,43123.814829398936,True
3.5,8.0,229000.0,8.8,Master,Software Engineer,New York,Medium (201-1000),276000,258709.1425220497,237147.23510735022,280271.04993674916,43123.814829398936,True
5.7,5.0,179000.0,5.6,Master,DevOps Engineer,Austin,Small (51-200),184000,193638.27822752664,172076.37081282717,215200.1856422261,43123.814829398936,True
0.6,4.0,169000.0,7.0,Bachelor,Engineering Manager,Seattle,Small (51-200),195000,217341.7342507247,195779.82683602523,238903.64166542416,43123.814829398936,False
10.8,8.0,151000.0,6.9,High School,Backend Developer,Los Angeles,Small (51-200),197000,163824.33350790656,142262.4260932071,185386.24092260603,43123.814829398936,False
8.5,6.0,176000.0,6.3,High School,Software Engineer,New York,Small (51-200),183000,195862.7559820585,174300.84856735903,217424.66339675797,43123.814829398936,True
0.1,6.0,,6.1,Bachelor,Data Scientist,New York,Startup (1-50),163000,164371.6118124892,142809.70439778973,185933.51922718866,43123.814829398936,True
1.4,8.0,149000.0,8.8,Master,ML Engineer,Chicago,Small (51-200),197000,203632.6661253544,182070.75871065492,225194.57354005385,43123.814829398936,True
2.3,5.0,177000.0,6.9,Bachelor,ML Engineer,Boston,Startup (1-50),178000,178076.53411634435,156514.62670164488,199638.44153104382,43123.814829398936,True
16.6,8.0,282000.0,9.3,Bachelor,Engineering Manager,Remote,Large (1000+),353000,339773.51419876807,318211.60678406863,361335.4216134675,43123.81482939888,True
9.0,7.0,210000.0,7.4,Bachelor,ML Engineer,New York,Medium (201-1000),312000,280919.73554215004,259357.82812745057,302481.64295684954,43123.814829398965,False
5.3,8.0,162000.0,9.5,Master,Frontend Developer,Los Angeles,Medium (201-1000),213000,217929.913512375,196368.00609767553,239491.82092707447,43123.814829398936,True
8.3,5.0,136000.0,8.7,High School,DevOps Engineer,Remote,Large (1000+),181000,182318.30935728355,160756.40194258408,203880.21677198302,43123.814829398936,True
0.4,5.0,85000.0,9.4,Bachelor,Data Analyst,Austin,Startup (1-50),105000,93074.20748722478,71512.30007252531,114636.11490192424,43123.814829398936,True
9.3,10.0,231000.0,8.5,Bachelor,Software Engineer,New York,Large (1000+),302000,281097.50139511895,259535.59398041948,302659.40880981844,43123.814829398965,True
14.3,11.0,359000.0,5.9,Bachelor,Engineering Manager,New York,Medium (201-1000),356000,360190.69381307985,338628.7863983804,381752.6012277793,43123.81482939888,True
0.3,4.0,155000.0,8.9,Bachelor,Software Engineer,Los Angeles,Small (51-200),182000,160134.00346321068,138572.09604851122,181695.91087791015,43123.814829398936,False
6.9,11.0,257000.0,9.7,Master,Data Scientist,Los Angeles,Medium (201-1000),251000,273039.86809902225,251477.96068432278,294601.77551372175,43123.814829398965,False
1.9,5.0,231000.0,6.5,Master,Frontend Developer,San Francisco,Medium (201-1000),180000,214851.1024539695,193289.19503927004,236413.00986866897,43123.814829398936,False
4.2,7.0,196000.0,8.8,Master,Software Engineer,Austin,Small (51-200),193000,201234.0899563039,179672.18254160444,222795.99737100338,43123.814829398936,True
2.7,7.0,223000.0,9.7,Master,Engineering Manager,Chicago,Medium (201-1000),269000,274976.7760647824,253414.86865008294,296538.68347948184,43123.81482939891,True
1.7,10.0,156000.0,8.5,Bachelor,Backend Developer,Chicago,Large (1000+),199000,175536.4328092045,153974.52539450504,197098.34022390397,43123.814829398936,False
14.1,12.0,205000.0,10.0,PhD,Frontend Developer,Los Angeles,Small (51-200),301000,284714.76672794006,263152.8593132406,306276.6741426395,43123.81482939888,True
12.2,5.0,132000.0,7.0,High School,Data Analyst,Remote,Large (1000+),143000,147504.33529241907,125942.4278777196,169066.24270711854,43123.814829398936,True
17.8,8.0,296000.0,8.8,Master,Product Manager,Boston,Small (51-200),354000,326877.1240158639,305315.21660116443,348439.0314305634,43123.814829398994,False
2.6,4.0,172000.0,5.8,Bachelor,Product Manager,Los Angeles,Medium (201-1000),187000,191810.44866037625,170248.54124567678,213372.35607507572,43123.814829398936,True
12.0,9.0,225000.0,6.0,Bachelor,DevOps Engineer,Remote,Medium (201-1000),185000,209828.32684290383,188266.41942820436,231390.2342576033,43123.814829398936,False
7.6,7.0,226000.0,8.4,Bachelor,Data Scientist,Austin,Large (1000+),225000,248903.86743907013,227341.96002437067,270465.7748537696,43123.81482939891,False
1.5,5.0,195000.0,4.6,Bachelor,DevOps Engineer,Seattle,Medium (201-1000),168000,176674.78191700042,155112.87450230095,198236.6893316999,43123.814829398936,True
8.1,10.0,400000.0,7.4,PhD,Engineering Manager,Boston,Large (1000+),402000,408866.3806747298,387304.4732600304,430428.28808942926,43123.81482939888,True
6.1,8.0,294000.0,9.5,PhD,Software Engineer,San Francisco,Small (51-200),322000,307859.18987514335,286297.2824604439,329421.0972898428,43123.81482939888,True
2.6,10.0,107000.0,7.2,Bachelor,Data Analyst,Los Angeles,Startup (1-50),103000,100696.99886382415,79135.09144912468,122258.90627852362,43123.814829398936,True
2.2,8.0,191000.0,8.2,Bachelor,Frontend Developer,New York,Large (1000+),203000,217815.22252392996,196253.3151092305,239377.12993862943,43123.814829398936,True
5.0,7.0,203000.0,6.9,Bachelor,Data Scientist,Remote,Medium (201-1000),165000,181868.52341502087,160306.6160003214,203430.43082972034,43123.814829398936,True
30.0,18.0,223000.0,8.9,Bachelor,Data Scientist,Chicago,Medium (201-1000),299000,307892.43300661497,286330.5255919155,329454.34042131447,43123.814829398994,True
0.0,7.0,218000.0,2.9,Bachelor,Product Manager,New York,Medium (201-1000),174000,193032.1560682242,171470.24865352473,214594.06348292367,43123.814829398936,True
3.6,8.0,165000.0,6.6,Bachelor,Backend Developer,Los Angeles,Large (1000+),178000,186468.5988024504,164906.69138775094,208030.50621714987,43123.814829398936,True
10.2,7.0,200000.0,9.3,High School,DevOps Engineer,New York,Medium (201-1000),204000,253477.86914992196,231915.9617352225,275039.7765646214,43123.814829398936,False
4.4,4.0,150000.0,6.4,Bachelor,Full Stack Developer,Austin,Medium (201-1000),160000,174230.9540042289,152669.04658952943,195792.86141892837,43123.814829398936,True
7.2,7.0,,8.0,Master,Frontend Developer,Chicago,Medium (201-1000),217000,197366.8030954935,175804.89568079403,218928.71051019296,43123.814829398936,True
19.1,11.0,305000.0,4.5,High School,ML Engineer,Seattle,Large (1000+),322000,315477.4569789888,293915.5495642893,337039.3643936883,43123.814829398994,True
3.3,6.0,169000.0,5.5,Bachelor,Full Stack Developer,Boston,Startup (1-50),134000,141759.30186653935,120197.39445183988,163321.20928123881,43123.814829398936,True
1.7,6.0,,7.7,Bachelor,Product Manager,Remote,Large (1000+),199000,195511.54166590795,173949.63425120848,217073.44908060742,43123.814829398936,True
0.7,6.0,195000.0,4.4,PhD,Full Stack Developer,San Francisco,Startup (1-50),210000,192452.926238393,170891.01882369354,214014.83365309247,43123.814829398936,True
13.5,9.0,296000.0,10.0,Bachelor,Data Scientist,New York,Large (1000+),355000,335244.3315935806,313682.4241788811,356806.2390082801,43123.814829398994,True
2.3,9.0,299000.0,7.8,PhD,Data Scientist,New York,Medium (201-1000),344000,306539.23669310566,284977.3292784062,328101.1441078051,43123.81482939888,False
2.3,6.0,164000.0,7.0,Master,Backend Developer,Austin,Medium (201-1000),210000,181257.0891915778,159695.18177687834,202818.99660627727,43123.814829398936,False
9.3,10.0,276000.0,7.2,PhD,Software Engineer,Austin,Large (1000+),265000,292458.3457904867,270896.4383757872,314020.2532051862,43123.814829398994,False
2.2,3.0,145000.0,6.8,Bachelor,Data Analyst,San Francisco,Large (1000+),168000,181207.0730236475,159645.16560894804,202768.98043834697,43123.814829398936,True
4.8,6.0,291000.0,9.4,Master,Engineering Manager,San Francisco,Small (51-200),343000,339602.9988325154,318041.0914178159,361164.9062472149,43123.814829398994,True
2.4,3.0,215000.0,3.9,Bachelor,Engineering Manager,Austin,Medium (201-1000),233000,209340.03720307173,187778.12978837226,230901.9446177712,43123.814829398936,False
3.3,6.0,179000.0,6.7,Bachelor,Software Engineer,New York,Startup (1-50),176000,173781.67420129158,152219.7667865921,195343.58161599105,43123.814829398936,True
2.6,4.0,143000.0,5.6,Bachelor,Data Scientist,Austin,Startup (1-50),160000,136321.33852747083,114759.43111277136,157883.2459421703,43123.814829398936,False
5.1,5.0,162000.0,8.6,Bachelor,ML Engineer,Remote,Small (51-200),174000,185136.76255962942,163574.85514492996,206698.6699743289,43123.814829398936,True
13.6,11.0,231000.0,2.7,Bachelor,Frontend Developer,New York,Small (51-200),211000,200367.11672028038,178805.2093055809,221929.02413497985,43123.814829398936,True
1.8,6.0,171000.0,5.4,Master,Software Engineer,Remote,Small (51-200),160000,143885.40016734364,122323.49275264418,165447.3075820431,43123.814829398936,True
0.6,6.0,165000.0,4.4,Bachelor,Full Stack Developer,Boston,Medium (201-1000),150000,157154.66875366503,135592.76133896556,178716.5761683645,43123.814829398936,True
0.7,2.0,140000.0,6.6,High School,Software Engineer,San Francisco,Startup (1-50),142000,138152.33545844586,116590.42804374639,159714.24287314533,43123.814829398936,True
7.5,5.0,181000.0,10.0,High School,Product Manager,Seattle,Medium (201-1000),243000,238750.11874132624,217188.21132662677,260312.0261560257,43123.814829398936,True
4.6,4.0,163000.0,9.6,Bachelor,Full Stack Developer,Austin,Medium (201-1000),204000,198424.27273009348,176862.365315394,219986.18014479295,43123.814829398936,True
0.8,4.0,215000.0,8.2,Bachelor,ML Engineer,San Francisco,Medium (201-1000),253000,255080.38889468677,233518.4814799873,276642.29630938626,43123.814829398965,True
1.4,4.0,146000.0,7.4,Bachelor,Product Manager,Seattle,Startup (1-50),165000,174567.60925193346,153005.701837234,196129.51666663293,43123.814829398936,True
4.0,10.0,235000.0,8.1,Bachelor,DevOps Engineer,San Francisco,Medium (201-1000),240000,237541.49418568696,215979.5867709875,259103.40160038642,43123.814829398936,True
1.7,3.0,134000.0,5.6,Bachelor,Backend Developer,Remote,Medium (201-1000),137000,132137.31897111578,110575.41155641631,153699.22638581524,43123.814829398936,True
7.9,5.0,201000.0,8.0,Bachelor,Data Scientist,San Francisco,Startup (1-50),243000,229306.0084249717,207744.10101027222,250867.91583967116,43123.814829398936,True
3.9,9.0,250000.0,4.1,Bachelor,Software Engineer,New York,Large (1000+),226000,213666.446332528,192104.53891782853,235228.35374722746,43123.814829398936,True
5.4,3.0,172000.0,3.1,High School,DevOps Engineer,Los Angeles,Large (1000+),148000,162882.29542378132,141320.38800908186,184444.2028384808,43123.814829398936,True
2.3,4.0,155000.0,7.1,Bachelor,DevOps Engineer,Los Angeles,Startup (1-50),147000,148237.8988905073,126675.99147580782,169799.80630520676,43123.814829398936,True
1.4,4.0,144000.0,5.0,Bachelor,Data Scientist,Chicago,Startup (1-50),109000,123534.64218579672,101972.73477109725,145096.5496004962,43123.814829398936,True
1.0,6.0,169000.0,5.4,High School,DevOps Engineer,New York,Medium (201-1000),175000,166060.68606210948,144498.77864741,187622.59347680895,43123.814829398936,True
14.0,10.0,206000.0,10.0,Bachelor,Backend Developer,Boston,Medium (201-1000),286000,263167.49284191005,241605.58542721058,284729.40025660954,43123.814829398965,False
5.9,3.0,183000.0,7.0,Bachelor,DevOps Engineer,Seattle,Medium (201-1000),233000,213814.24869727544,192252.34128257597,235376.1561119749,43123.814829398936,True
5.6,7.0,181000.0,6.3,Master,Software Engineer,Boston,Small (51-200),198000,204049.5278070604,182487.62039236093,225611.43522175986,43123.814829398936,True
5.3,3.0,215000.0,7.7,Bachelor,Data Scientist,New York,Large (1000+),273000,263972.4093968191,242410.5019821196,285534.3168115185,43123.81482939891,True
1.3,9.0,99000.0,5.9,Master,Data Analyst,Remote,Small (51-200),104000,98548.86063705786,76986.9532223584,120110.76805175733,43123.814829398936,True
1.0,6.0,136000.0,7.0,Bachelor,Software Engineer,Los Angeles,Small (51-200),135000,149707.7666922385,128145.85927753904,171269.67410693798,43123.814829398936,True
5.7,9.0,180000.0,7.7,Bachelor,Software Engineer,San Francisco,Startup (1-50),197000,204251.67289315248,182689.76547845302,225813.58030785195,43123.814829398936,True
3.7,8.0,152000.0,9.7,PhD,Data Analyst,Remote,Large (1000+),184000,193758.25084056088,172196.3434258614,215320.15825526035,43123.814829398936,True
0.2,1.0,82000.0,6.6,High School,Data Analyst,Boston,Startup (1-50),83000,69674.74705298565,48112.83963828618,91236.65446768512,43123.814829398936,True
1.1,9.0,193000.0,9.2,Bachelor,Data Scientist,San Francisco,Small (51-200),208000,220399.867154766,198837.95974006652,241961.77456946546,43123.814829398936,True
5.7,3.0,187000.0,9.4,Bachelor,Software Engineer,Seattle,Medium (201-1000),213000,224191.66983909742,202629.76242439795,245753.5772537969,43123.814829398936,True
9.9,11.0,367000.0,8.3,PhD,Product Manager,Los Angeles,Medium (201-1000),326000,344993.8011593734,323431.89374467393,366555.7085740729,43123.814829398994,True
7.9,7.0,177000.0,9.1,Bachelor,DevOps Engineer,Los Angeles,Startup (1-50),200000,198860.19504352025,177298.28762882078,220422.1024582197,43123.814829398936,True
6.6,7.0,174000.0,6.6,High School,DevOps Engineer,Los Angeles,Small (51-200),148000,158607.53341354677,137045.6259988473,180169.44082824624,43123.814829398936,True
14.5,9.0,200000.0,7.3,Bachelor,DevOps Engineer,San Francisco,Startup (1-50),286000,247552.07147724766,225990.1640625482,269113.97889194713,43123.814829398936,False
3.5,8.0,241000.0,5.0,Bachelor,ML Engineer,New York,Medium (201-1000),220000,233368.89110265786,211806.9836879584,254930.79851735733,43123.814829398936,True
2.0,3.0,277000.0,9.0,Master,Software Engineer,San Francisco,Large (1000+),302000,281249.4025678303,259687.49515313082,302811.3099825297,43123.81482939891,True
0.2,4.0,229000.0,8.0,Bachelor,Engineering Manager,Seattle,Large (1000+),259000,269538.9792834875,247977.071868788,291100.886698187,43123.814829398965,True
3.7,4.0,108000.0,8.7,High School,Data Analyst,Los Angeles,Large (1000+),128000,129045.94026364454,107484.03284894508,150607.847678344,43123.81482939892,True
1.9,3.0,170000.0,3.7,Bachelor,Software Engineer,San Francisco,Small (51-200),153000,166737.3518683309,145175.44445363144,188299.25928303038,43123.814829398936,True
5.7,4.0,188000.0,6.3,Bachelor,Full Stack Developer,San Francisco,Startup (1-50),168000,191587.69580972538,170025.7883950259,213149.60322442485,43123.814829398936,False
3.5,3.0,142000.0,9.3,Bachelor,Data Scientist,Los Angeles,Startup (1-50),191000,176095.33044669288,154533.4230319934,197657.23786139235,43123.814829398936,True
8.4,5.0,192000.0,7.2,Bachelor,Full Stack Developer,San Francisco,Startup (1-50),260000,214362.89033241058,192800.9829177111,235924.79774711005,43123.814829398936,False
0.0,8.0,177000.0,3.8,Bachelor,Data Scientist,Los Angeles,Medium (201-1000),146000,155071.6414384707,133509.73402377122,176633.54885317016,43123.814829398936,True
1.5,6.0,275000.0,7.4,Bachelor,Engineering Manager,San Francisco,Small (51-200),229000,270338.34801638126,248776.4406016818,291900.2554310807,43123.81482939891,False
0.2,5.0,104000.0,4.9,Bachelor,Data Analyst,San Francisco,Startup (1-50),106000,106122.65783400628,84560.75041930682,127684.56524870575,43123.814829398936,True
0.5,2.0,148000.0,5.8,Bachelor,Data Scientist,Seattle,Startup (1-50),138000,153259.30580935348,131697.398394654,174821.21322405295,43123.814829398936,True
0.6,6.0,117000.0,4.9,High School,Software Engineer,Austin,Small (51-200),109000,102340.0333323175,80778.12591761803,123901.94074701697,43123.814829398936,True
0.1,4.0,153000.0,8.8,Bachelor,Software Engineer,Remote,Large (1000+),168000,163280.61831484328,141718.7109001438,184842.52572954274,43123.814829398936,True
1.2,1.0,121000.0,5.4,High School,Full Stack Developer,Austin,Medium (201-1000),139000,126712.63995744263,105150.73254274316,148274.5473721421,43123.81482939892,True
3.0,6.0,234000.0,5.9,Bachelor,Frontend Developer,San Francisco,Large (1000+),213000,210135.68965544723,188573.78224074777,231697.5970701467,43123.814829398936,True
18.9,8.0,138000.0,8.7,High School,Data Analyst,Seattle,Small (51-200),162000,184040.74665461516,162478.8392399157,205602.65406931462,43123.814829398936,False
1.3,7.0,,8.0,Bachelor,DevOps Engineer,Boston,Large (1000+),234000,204317.470595668,182755.56318096854,225879.37801036748,43123.814829398936,False
0.4,4.0,161000.0,,Bachelor,Frontend Developer,San Francisco,Large (1000+),204000,208037.5584714591,186475.65105675964,229599.46588615858,43123.814829398936,True
3.8,7.0,144000.0,6.0,Master,Data Analyst,Seattle,Small (51-200),152000,147860.40006486143,126298.49265016196,169422.3074795609,43123.814829398936,True
0.2,5.0,182000.0,8.2,Master,Full Stack Developer,San Francisco,Small (51-200),231000,214837.35991911913,193275.45250441966,236399.2673338186,43123.814829398936,True
1.4,4.0,125000.0,7.1,Bachelor,Product Manager,Remote,Startup (1-50),135000,132840.95894064638,111279.05152594691,154402.86635534585,43123.814829398936,True
0.5,6.0,171000.0,4.6,Bachelor,Data Scientist,San Francisco,Medium (201-1000),195000,201881.72892888906,180319.8215141896,223443.63634358853,43123.814829398936,True
0.3,7.0,148000.0,4.9,Master,Data Scientist,Remote,Small (51-200),137000,153352.28686442057,131790.3794497211,174914.19427912004,43123.814829398936,True
0.6,4.0,226000.0,3.4,Master,Data Scientist,San Francisco,Startup (1-50),197000,184229.41509900446,162667.507684305,205791.32251370393,43123.814829398936,True
0.3,5.0,202000.0,8.0,PhD,Full Stack Developer,New York,Startup (1-50),202000,219531.57327217553,197969.66585747607,241093.480686875,43123.814829398936,True
4.8,7.0,187000.0,5.9,Bachelor,Full Stack Developer,Seattle,Large (1000+),211000,212441.48683643242,190879.57942173295,234003.3942511319,43123.814829398936,True
2.8,4.0,230000.0,8.9,Bachelor,Data Scientist,San Francisco,Large (1000+),256000,269418.5029922271,247856.59557752762,290980.41040692653,43123.81482939891,True
1.6,7.0,174000.0,9.5,PhD,Backend Developer,Remote,Large (1000+),227000,220128.12438438635,198566.21696968688,241690.03179908582,43123.814829398936,True
2.3,6.0,136000.0,8.3,High School,Full Stack Developer,Seattle,Medium (201-1000),167000,168563.63388621493,147001.72647151546,190125.5413009144,43123.814829398936,True
3.0,5.0,121000.0,7.0,High School,Frontend Developer,Los Angeles,Small (51-200),115000,118446.48797990342,96884.58056520396,140008.3953946029,43123.81482939895,True
0.9,3.0,118000.0,5.8,Bachelor,Frontend Developer,Remote,Medium (201-1000),112000,119907.52600042715,98345.61858572769,141469.43341512664,43123.81482939895,True
0.8,3.0,147000.0,8.0,Bachelor,Software Engineer,San Francisco,Startup (1-50),165000,172225.1167582958,150663.20934359633,193787.02417299527,43123.814829398936,True
2.8,7.0,128000.0,7.3,Master,Frontend Developer,Los Angeles,Startup (1-50),144000,154715.54342771316,133153.6360130137,176277.45084241263,43123.814829398936,True
5.3,6.0,187000.0,8.9,Master,Software Engineer,New York,Startup (1-50),240000,222214.8784811707,200652.97106647122,243776.78589587015,43123.814829398936,True
0.2,7.0,240000.0,6.3,Master,Software Engineer,San Francisco,Medium (201-1000),264000,226698.67322173787,205136.7658070384,248260.58063643734,43123.814829398936,False
14.9,7.0,294000.0,9.7,Master,Product Manager,Los Angeles,Small (51-200),287000,305413.08725633984,283851.1798416404,326974.9946710393,43123.81482939888,True
19.7,15.0,273000.0,10.0,Master,Backend Developer,Seattle,Small (51-200),327000,322278.5847211836,300716.6773064841,343840.4921358831,43123.814829398994,True
6.0,9.0,147000.0,3.8,Bachelor,Full Stack Developer,Austin,Small (51-200),132000,143470.20322499398,121908.29581029451,165032.11063969345,43123.814829398936,True
8.7,9.0,268000.0,6.5,Master,ML Engineer,Seattle,Startup (1-50),241000,265392.6438147242,243830.7364000247,286954.5512294236,43123.81482939891,False
3.7,5.0,173000.0,9.8,Bachelor,Backend Developer,Seattle,Small (51-200),180000,194279.7183440019,172717.81092930245,215841.62575870138,43123.814829398936,True
7.6,6.0,166000.0,6.0,High School,DevOps Engineer,Remote,Small (51-200),138000,133747.5597405914,112185.65232589192,155309.46715529085,43123.814829398936,True
9.0,7.0,165000.0,,Bachelor,Full Stack Developer,Remote,Startup (1-50),163000,156542.57573702832,134980.66832232886,178104.4831517278,43123.814829398936,True
3.1,7.0,113000.0,9.8,High School,Frontend Developer,Boston,Startup (1-50),120000,123820.00695845958,102258.09954376011,145381.91437315906,43123.81482939895,True
4.8,3.0,162000.0,7.9,High School,Engineering Manager,Remote,Small (51-200),185000,170244.01417736895,148682.1067626695,191805.92159206842,43123.814829398936,True
2.6,6.0,153000.0,8.4,Master,DevOps Engineer,Remote,Small (51-200),177000,173312.03306041087,151750.1256457114,194873.94047511034,43123.814829398936,True
1.5,5.0,193000.0,7.3,Master,Full Stack Developer,San Francisco,Small (51-200),212000,213457.9493582446,191896.04194354513,235019.85677294407,43123.814829398936,True
1.2,3.0,214000.0,7.7,Master,ML Engineer,New York,Small (51-200),228000,243356.9921842776,221795.08476957813,264918.89959897706,43123.814829398936,True
2.7,4.0,199000.0,4.6,Bachelor,Software Engineer,San Francisco,Large (1000+),195000,214870.92276786608,193309.01535316661,236432.83018256555,43123.814829398936,True
6.8,6.0,155000.0,10.0,Bachelor,Frontend Developer,New York,Startup (1-50),212000,197204.07102741627,175642.1636127168,218765.97844211574,43123.814829398936,True
5.4,8.0,205000.0,10.0,PhD,Data Analyst,New York,Medium (201-1000),244000,265272.19259659684,243710.28518189737,286834.10001129634,43123.814829398965,True
2.8,3.0,195000.0,5.7,Bachelor,Engineering Manager,Los Angeles,Startup (1-50),193000,197251.96007928796,175690.0526645885,218813.86749398743,43123.814829398936,True
9.9,10.0,204000.0,6.4,Bachelor,Full Stack Developer,Chicago,Large (1000+),203000,210533.0209056263,188971.11349092683,232094.92832032577,43123.814829398936,True
7.9,9.0,242000.0,7.4,Master,Frontend Developer,San Francisco,Medium (201-1000),260000,254354.39269189644,232792.48527719697,275916.3001065959,43123.814829398936,True
9.3,11.0,186000.0,7.7,Bachelor,Frontend Developer,San Francisco,Startup (1-50),185000,210413.9819814678,188852.07456676834,231975.88939616727,43123.814829398936,False
3.7,9.0,209000.0,7.4,Bachelor,Software Engineer,San Francisco,Medium (201-1000),234000,229462.79651154735,207900.88909684788,251024.70392624682,43123.814829398936,True
2.8,5.0,200000.0,5.8,Bachelor,Software Engineer,Remote,Large (1000+),168000,164280.4124370446,142718.50502234514,185842.31985174408,43123.814829398936,True
12.5,12.0,277000.0,10.0,Bachelor,Backend Developer,San Francisco,Large (1000+),332000,331723.77205433004,310161.86463963054,353285.67946902954,43123.814829398994,True
2.0,6.0,189000.0,7.7,Master,Backend Developer,Los Angeles,Medium (201-1000),206000,195655.83880042992,174093.93138573045,217217.7462151294,43123.814829398936,True
3.2,,150000.0,8.3,Master,Software Engineer,Remote,Small (51-200),163000,171204.52153308957,149642.6141183901,192766.42894778904,43123.814829398936,True
3.8,,200000.0,7.0,Bachelor,ML Engineer,Remote,Medium (201-1000),173000,186848.44428082995,165286.53686613048,208410.35169552942,43123.814829398936,True
3.3,10.0,193000.0,8.0,Bachelor,DevOps Engineer,San Francisco,Small (51-200),200000,210433.5967439561,188871.68932925662,231995.50415865556,43123.814829398936,True
1.6,5.0,197000.0,7.9,Master,Software Engineer,San Francisco,Small (51-200),214000,219252.76077491793,197690.85336021846,240814.6681896174,43123.814829398936,True
0.9,5.0,137000.0,6.3,Bachelor,Frontend Developer,Los Angeles,Small (51-200),134000,128068.33492276879,106506.42750806932,149630.24233746825,43123.814829398936,True
4.6,5.0,132000.0,6.3,High School,Data Analyst,San Francisco,Small (51-200),143000,129163.1318886788,107601.22447397934,150725.03930337826,43123.81482939892,True
5.9,4.0,182000.0,5.2,Bachelor,DevOps Engineer,Remote,Large (1000+),168000,181853.60588512418,160291.69847042472,203415.51329982365,43123.814829398936,True
0.7,7.0,247000.0,7.4,PhD,ML Engineer,Boston,Large (1000+),299000,276878.6451814955,255316.73776679605,298440.552596195,43123.814829398965,False
3.1,10.0,205000.0,10.0,Bachelor,Full Stack Developer,San Francisco,Large (1000+),278000,265865.0572389128,244303.14982421332,287426.96465361223,43123.81482939891,True
1.9,7.0,153000.0,7.6,Bachelor,Software Engineer,San Francisco,Startup (1-50),178000,177991.80908667605,156429.90167197658,199553.71650137551,43123.814829398936,True
0.4,5.0,153000.0,7.8,Bachelor,Software Engineer,Seattle,Large (1000+),195000,195045.90101548424,173483.99360078477,216607.8084301837,43123.814829398936,True
0.8,6.0,270000.0,5.8,PhD,Engineering Manager,Austin,Large (1000+),275000,281071.8272373481,259509.9198226486,302633.7346520475,43123.81482939891,True
1.5,5.0,196000.0,6.3,Bachelor,Software Engineer,Seattle,Medium (201-1000),181000,179697.1905708758,158135.28315617633,201259.09798557527,43123.814829398936,True
0.0,6.0,146000.0,8.8,High School,Frontend Developer,Seattle,Medium (201-1000),147000,139862.20892059637,118300.3015058969,161424.11633529584,43123.814829398936,True
4.6,3.0,262000.0,7.3,Master,ML Engineer,Seattle,Medium (201-1000),286000,274967.32156066573,253405.41414596626,296529.2289753652,43123.81482939891,True
5.4,11.0,221000.0,2.7,Master,Frontend Developer,San Francisco,Small (51-200),203000,185799.02114647205,164237.11373177258,207360.92856117152,43123.814829398936,True
0.8,3.0,96000.0,5.0,High School,Data Analyst,Los Angeles,Small (51-200),74000,68498.54869367788,46936.64127897841,90060.45610837734,43123.814829398936,True
2.1,2.0,228000.0,9.5,Bachelor,Software Engineer,New York,Medium (201-1000),217000,230734.5153925111,209172.60797781163,252296.42280721056,43123.814829398936,True
2.9,8.0,220000.0,7.8,PhD,ML Engineer,Boston,Small (51-200),248000,264796.76619668247,243234.858781983,286358.6736113819,43123.81482939891,True
3.1,6.0,159000.0,10.0,Bachelor,Data Analyst,Boston,Large (1000+),143000,173235.83444066247,151673.927025963,194797.74185536194,43123.814829398936,False
6.3,8.0,145000.0,7.5,Master,Backend Developer,Seattle,Startup (1-50),178000,188336.04402983814,166774.13661513868,209897.9514445376,43123.814829398936,True
1.4,8.0,178000.0,6.6,Bachelor,DevOps Engineer,Boston,Medium (201-1000),186000,179729.05299281186,158167.1455781124,201290.96040751133,43123.814829398936,True
1.7,7.0,173000.0,8.9,Master,Backend Developer,Chicago,Medium (201-1000),206000,179093.31653719227,157531.4091224928,200655.22395189173,43123.814829398936,False
4.2,6.0,190000.0,8.7,Master,ML Engineer,Los Angeles,Small (51-200),242000,233431.19690357297,211869.2894888735,254993.10431827244,43123.814829398936,True
2.3,6.0,223000.0,8.8,Bachelor,ML Engineer,Boston,Large (1000+),256000,242691.98151497397,221130.0741002745,264253.88892967347,43123.814829398965,True
2.7,7.0,190000.0,7.6,PhD,Data Scientist,Austin,Startup (1-50),193000,204233.94366296908,182672.0362482696,225795.85107766854,43123.814829398936,True
1.6,2.0,125000.0,7.0,Bachelor,Data Analyst,Boston,Medium (201-1000),139000,134508.2418478955,112946.33443319603,156070.14926259496,43123.814829398936,True
4.4,7.0,184000.0,9.5,Bachelor,Data Scientist,New York,Medium (201-1000),267000,252481.0877834971,230919.18036879762,274042.99519819656,43123.814829398936,True
5.3,3.0,184000.0,5.4,Bachelor,Engineering Manager,Boston,Small (51-200),256000,224096.71165486742,202534.80424016796,245658.6190695669,43123.814829398936,False
1.6,3.0,197000.0,6.9,High School,ML Engineer,San Francisco,Large (1000+),222000,228667.10096470432,207105.19355000486,250229.0083794038,43123.814829398936,True
0.6,3.0,123000.0,4.4,Bachelor,Data Analyst,New York,Small (51-200),113000,112966.73154319111,91404.82412849164,134528.63895789057,43123.81482939892,True
8.0,10.0,197000.0,7.7,Master,Data Scientist,Remote,Small (51-200),189000,208627.24800228977,187065.3405875903,230189.15541698923,43123.814829398936,True
2.3,5.0,252000.0,9.1,Bachelor,ML Engineer,New York,Large (1000+),287000,279790.8489027522,258228.94148805275,301352.7563174517,43123.814829398965,True
8.9,5.0,146000.0,6.2,Bachelor,Product Manager,Los Angeles,Startup (1-50),163000,187254.27766844034,165692.37025374087,208816.1850831398,43123.814829398936,False
6.9,9.0,240000.0,6.3,PhD,Product Manager,Chicago,Large (1000+),249000,279667.37561303715,258105.46819833768,301229.2830277366,43123.81482939891,False
10.2,11.0,298000.0,9.1,PhD,Frontend Developer,San Francisco,Large (1000+),350000,352619.21657977934,331057.30916507985,374181.12399447884,43123.814829398994,True
2.3,5.0,191000.0,8.5,Bachelor,Data Scientist,San Francisco,Medium (201-1000),267000,242127.24518410632,220565.33776940685,263689.1525988058,43123.814829398936,False
1.3,8.0,125000.0,5.1,Bachelor,Data Analyst,San Francisco,Startup (1-50),118000,111678.52258835228,90116.61517365281,133240.43000305176,43123.81482939895,True
13.2,9.0,128000.0,9.3,Bachelor,Frontend Developer,Remote,Startup (1-50),161000,174707.19215610463,153145.28474140516,196269.0995708041,43123.814829398936,True
21.6,15.0,123000.0,5.3,Bachelor,Data Analyst,Austin,Startup (1-50),162000,164295.80799602688,142733.9005813274,185857.71541072635,43123.814829398936,True
11.4,10.0,157000.0,10.0,Master,Data Analyst,Seattle,Small (51-200),177000,209102.4745783527,187540.56716365324,230664.38199305217,43123.814829398936,False
5.2,7.0,125000.0,7.6,Bachelor,Data Analyst,Austin,Medium (201-1000),136000,139535.51062801157,117973.6032133121,161097.41804271104,43123.814829398936,True
8.4,7.0,108000.0,8.4,Bachelor,Data Analyst,Remote,Small (51-200),135000,126468.27078052332,104906.36336582385,148030.1781952228,43123.81482939895,True
1.3,8.0,206000.0,9.9,PhD,Backend Developer,San Francisco,Startup (1-50),204000,240581.28199391117,219019.3745792117,262143.18940861063,43123.814829398936,False
13.1,11.0,259000.0,8.3,Master,Data Scientist,Seattle,Small (51-200),316000,295745.2970689998,274183.3896543003,317307.2044836993,43123.814829398994,True
2.7,1.0,121000.0,5.9,High School,Backend Developer,Remote,Medium (201-1000),116000,115030.88990409853,93468.98248939906,136592.797318798,43123.814829398936,True
2.8,7.0,179000.0,6.8,Bachelor,Software Engineer,Los Angeles,Small (51-200),169000,162258.9961835462,140697.08876884673,183820.90359824567,43123.814829398936,True
5.0,9.0,294000.0,7.8,Master,Engineering Manager,San Francisco,Medium (201-1000),368000,340405.0182952551,318843.1108805556,361966.9257099546,43123.814829398994,False
5.6,7.0,315000.0,8.2,PhD,ML Engineer,San Francisco,Medium (201-1000),346000,342647.63927948714,321085.73186478764,364209.54669418663,43123.814829398994,True
4.1,5.0,210000.0,5.6,Master,Frontend Developer,San Francisco,Medium (201-1000),215000,219929.50656392446,198367.599149225,241491.41397862392,43123.814829398936,True
4.8,7.0,198000.0,5.7,Master,Software Engineer,San Francisco,Startup (1-50),199000,203566.973007563,182005.06559286354,225128.88042226247,43123.814829398936,True
2.0,5.0,114000.0,4.7,High School,Data Analyst,Seattle,Medium (201-1000),88000,101630.63249799622,80068.72508329675,123192.53991269569,43123.814829398936,True
0.3,5.0,213000.0,7.9,Bachelor,Software Engineer,New York,Large (1000+),224000,223784.102587819,202222.19517311954,245346.01000251848,43123.814829398936,True
3.0,5.0,186000.0,7.7,Bachelor,DevOps Engineer,Seattle,Medium (201-1000),214000,203006.69919483238,181444.79178013292,224568.60660953185,43123.814829398936,True
5.2,9.0,228000.0,7.3,PhD,ML Engineer,Boston,Startup (1-50),290000,265735.5351438383,244173.62772913885,287297.4425585378,43123.814829398965,False
2.3,7.0,169000.0,9.0,Master,Frontend Developer,Los Angeles,Small (51-200),189000,180714.173710695,159152.26629599553,202276.08112539447,43123.814829398936,True
5.6,4.0,168000.0,7.7,High School,Product Manager,New York,Large (1000+),284000,233943.71048741305,212381.80307271358,255505.6179021125,43123.814829398936,False
3.2,6.0,214000.0,10.0,PhD,DevOps Engineer,San Francisco,Medium (201-1000),357000,309231.1351689808,287669.22775428137,330793.04258368025,43123.81482939888,False
5.4,8.0,237000.0,6.7,Master,Full Stack Developer,Los Angeles,Large (1000+),245000,234457.74515356944,212895.83773886997,256019.6525682689,43123.814829398936,True
4.8,,168000.0,8.7,High School,Data Analyst,San Francisco,Large (1000+),166000,186585.18156188933,165023.27414718986,208147.0889765888,43123.814829398936,True
0.6,3.0,124000.0,8.2,High School,Backend Developer,Los Angeles,Large (1000+),144000,149564.57631109894,128002.66889639947,171126.4837257984,43123.814829398936,True
17.5,12.0,112000.0,10.0,Bachelor,Data Analyst,Remote,Startup (1-50),168000,157640.19414203273,136078.28672733327,179202.1015567322,43123.814829398936,True
11.1,5.0,214000.0,9.9,Bachelor,Data Scientist,Austin,Large (1000+),268000,276907.7933147413,255345.88590004182,298469.7007294408,43123.814829398965,True
3.2,9.0,154000.0,7.1,Master,Frontend Developer,Chicago,Large (1000+),188000,187034.44325414332,165472.53583944385,208596.3506688428,43123.814829398936,True
3.4,11.0,182000.0,7.0,Master,Backend Developer,New York,Startup (1-50),189000,187960.45976044776,166398.5523457483,209522.36717514723,43123.814829398936,True
3.4,8.0,193000.0,4.7,Bachelor,Software Engineer,Seattle,Large (1000+),196000,198984.0914916149,177422.18407691544,220545.99890631437,43123.814829398936,True
2.1,5.0,147000.0,5.6,Bachelor,Data Analyst,San Francisco,Small (51-200),134000,138919.1512191277,117357.24380442823,160481.05863382717,43123.814829398936,True
6.5,7.0,281000.0,7.9,PhD,Full Stack Developer,New York,Medium (201-1000),325000,302030.2530101718,280468.3455954724,323592.16042487125,43123.81482939888,False
3.9,6.0,111000.0,5.7,High School,Software Engineer,Chicago,Small (51-200),120000,116603.24332976376,95041.3359150643,138165.15074446323,43123.814829398936,True
6.5,15.0,185000.0,8.0,PhD,Backend Developer,Remote,Startup (1-50),182000,191887.52888421604,170325.62146951657,213449.4362989155,43123.814829398936,True
1.1,6.0,185000.0,6.4,Bachelor,Frontend Developer,New York,Large (1000+),232000,195834.29875389245,174272.39133919298,217396.20616859192,43123.814829398936,False
1.5,13.0,202000.0,6.8,Master,ML Engineer,Remote,Medium (201-1000),204000,197747.09649768856,176185.1890829891,219309.00391238803,43123.814829398936,True
3.4,8.0,154000.0,4.0,Bachelor,ML Engineer,Remote,Startup (1-50),139000,129174.62390342358,107612.71648872411,150736.53131812304,43123.814829398936,True
10.6,7.0,215000.0,6.2,Master,Frontend Developer,Remote,Large (1000+),210000,216248.44483172763,194686.53741702816,237810.3522464271,43123.814829398936,True
4.1,6.0,174000.0,8.4,Bachelor,Product Manager,San Francisco,Startup (1-50),213000,223236.8299561339,201674.92254143444,244798.73737083338,43123.814829398936,True
2.2,4.0,94000.0,9.5,High School,Data Analyst,Los Angeles,Small (51-200),118000,98122.35281103847,76560.445396339,119684.26022573793,43123.814829398936,True
1.8,6.0,213000.0,8.0,Bachelor,Engineering Manager,Remote,Large (1000+),259000,235138.66072874062,213576.75331404115,256700.5681434401,43123.814829398936,False
7.6,8.0,184000.0,6.2,Bachelor,Full Stack Developer,New York,Startup (1-50),212000,194601.86473698745,173039.95732228798,216163.77215168692,43123.814829398936,True
12.0,6.0,211000.0,7.8,High School,Product Manager,Austin,Large (1000+),223000,239500.47908901048,217938.571674311,261062.38650370995,43123.814829398936,True
0.7,4.0,127000.0,8.0,Bachelor,Data Scientist,Austin,Startup (1-50),142000,140593.6747785515,119031.76736385204,162155.58219325097,43123.814829398936,True
6.7,5.0,212000.0,9.0,Master,Frontend Developer,New York,Small (51-200),222000,240462.26429121304,218900.35687651357,262024.1717059125,43123.814829398936,True
1.6,8.0,192000.0,7.0,Master,Software Engineer,Austin,Large (1000+),199000,205836.62245288258,184274.71503818312,227398.52986758205,43123.814829398936,True
11.8,18.0,210000.0,6.3,Bachelor,Data Scientist,Los Angeles,Small (51-200),211000,213775.95644016785,192214.04902546838,235337.86385486732,43123.814829398936,True
6.7,5.0,158000.0,10.0,Bachelor,DevOps Engineer,Chicago,Small (51-200),243000,191302.12778554636,169740.2203708469,212864.03520024582,43123.814829398936,False
1.7,4.0,165000.0,6.7,Bachelor,Backend Developer,San Francisco,Medium (201-1000),204000,200844.62162176348,179282.714207064,222406.52903646295,43123.814829398936,True
0.3,4.0,,6.0,High School,Full Stack Developer,Chicago,Large (1000+),123000,143776.63502873617,122214.7276140367,165338.54244343564,43123.814829398936,True
0.2,5.0,170000.0,7.7,Bachelor,Frontend Developer,Seattle,Medium (201-1000),166000,164168.2402803403,142606.33286564084,185730.14769503978,43123.814829398936,True
0.9,7.0,141000.0,6.2,Bachelor,DevOps Engineer,Chicago,Medium (201-1000),153000,152277.3051103003,130715.39769560084,173839.21252499978,43123.814829398936,True
6.2,10.0,166000.0,6.4,High School,ML Engineer,San Francisco,Startup (1-50),175000,196231.35957841325,174669.45216371378,217793.26699311272,43123.814829398936,True
5.4,6.0,202000.0,7.2,Bachelor,Product Manager,Seattle,Medium (201-1000),246000,234064.621363833,212502.71394913353,255626.52877853246,43123.814829398936,True
11.4,13.0,312000.0,5.9,Bachelor,Data Scientist,San Francisco,Large (1000+),301000,303552.4857058263,281990.5782911269,325114.39312052575,43123.81482939888,True
5.0,3.0,139000.0,7.6,High School,Product Manager,Remote,Medium (201-1000),162000,161853.3361557699,140291.42874107044,183415.24357046938,43123.814829398936,True
6.5,8.0,183000.0,9.4,Bachelor,Software Engineer,San Francisco,Startup (1-50),212000,220279.3492633263,198717.44184862683,241841.25667802576,43123.814829398936,True
13.4,14.0,257000.0,9.3,PhD,Frontend Developer,New York,Small (51-200),326000,312729.5550320812,291167.64761738176,334291.46244678064,43123.81482939888,True
11.6,8.0,201000.0,9.7,PhD,Data Analyst,Chicago,Small (51-200),206000,220657.2227666459,199095.31535194642,242219.13018134536,43123.814829398936,True
2.5,5.0,232000.0,7.2,Bachelor,ML Engineer,Boston,Large (1000+),214000,231058.82127418317,209496.9138594837,252620.72868888263,43123.814829398936,True
6.7,10.0,143000.0,8.0,High School,Software Engineer,San Francisco,Startup (1-50),181000,175229.64994903898,153667.74253433952,196791.55736373845,43123.814829398936,True
2.6,5.0,154000.0,6.4,Master,Frontend Developer,Chicago,Medium (201-1000),171000,164992.66084685412,143430.75343215466,186554.5682615536,43123.814829398936,True
0.4,9.0,170000.0,7.5,Bachelor,Data Scientist,Boston,Large (1000+),192000,206427.98716029202,184866.07974559255,227989.8945749915,43123.814829398936,True
17.3,12.0,390000.0,6.1,Master,ML Engineer,San Francisco,Medium (201-1000),416000,359161.0513936361,337599.1439789366,380722.9588083356,43123.814829398994,False
3.5,5.0,158000.0,5.8,Bachelor,Data Analyst,Seattle,Large (1000+),145000,154090.60400906,132528.69659436055,175652.51142375948,43123.814829398936,True
11.0,7.0,226000.0,7.1,Bachelor,ML Engineer,San Francisco,Medium (201-1000),313000,304167.97486718796,282606.06745248847,325729.88228188746,43123.814829398994,True
5.8,7.0,126000.0,7.8,Bachelor,Full Stack Developer,Chicago,Startup (1-50),135000,146436.20031739434,124874.29290269487,167998.1077320938,43123.814829398936,True
3.9,6.0,174000.0,,Bachelor,Software Engineer,Austin,Medium (201-1000),184000,177270.04189209887,155708.1344773994,198831.94930679834,43123.814829398936,True
11.4,11.0,178000.0,7.6,Bachelor,Software Engineer,Boston,Startup (1-50),185000,202573.53091357986,181011.6234988804,224135.43832827933,43123.814829398936,True
0.2,8.0,120000.0,8.9,Bachelor,Frontend Developer,Remote,Small (51-200),126000,119497.89508170719,97935.98766700772,141059.80249640666,43123.814829398936,True
3.1,6.0,131000.0,9.0,Bachelor,Full Stack Developer,Boston,Startup (1-50),177000,159799.96954399644,138238.06212929697,181361.8769586959,43123.814829398936,True
11.8,8.0,336000.0,7.2,Master,Engineering Manager,New York,Small (51-200),394000,356984.6687212241,335422.7613065246,378546.5761359236,43123.814829398994,False
3.7,6.0,114000.0,7.0,High School,Data Analyst,New York,Small (51-200),139000,117467.65066053365,95905.74324583418,139029.55807523313,43123.81482939895,True
7.3,4.0,152000.0,5.9,Bachelor,Backend Developer,Los Angeles,Small (51-200),175000,167664.575476677,146102.66806197754,189226.48289137648,43123.814829398936,True
2.8,3.0,141000.0,7.7,Bachelor,Frontend Developer,Seattle,Medium (201-1000),171000,171477.54879818618,149915.6413834867,193039.45621288565,43123.814829398936,True
5.6,7.0,161000.0,7.8,Bachelor,Product Manager,Austin,Startup (1-50),174000,179475.34515371502,157913.43773901556,201037.2525684145,43123.814829398936,True
7.6,,170000.0,5.2,High School,Frontend Developer,Los Angeles,Medium (201-1000),134000,145225.41537273105,123663.50795803158,166787.32278743052,43123.814829398936,True
0.2,6.0,150000.0,5.8,Bachelor,Frontend Developer,New York,Medium (201-1000),164000,163073.8855260256,141511.97811132614,184635.79294072508,43123.814829398936,True
0.9,4.0,158000.0,9.8,Bachelor,Backend Developer,New York,Startup (1-50),175000,171460.98320449624,149899.07578979677,193022.8906191957,43123.814829398936,True
9.5,9.0,307000.0,8.9,Master,Software Engineer,San Francisco,Large (1000+),414000,339316.680533916,317754.77311921655,360878.58794861543,43123.81482939888,False
0.9,3.0,174000.0,5.0,Master,Backend Developer,Remote,Large (1000+),154000,158365.14264114728,136803.2352264478,179927.05005584675,43123.814829398936,True
3.5,6.0,228000.0,7.3,Master,Frontend Developer,San Francisco,Small (51-200),194000,225189.0151931895,203627.10777849003,246750.92260788896,43123.814829398936,False
0.4,7.0,126000.0,7.6,Bachelor,Backend Developer,Los Angeles,Startup (1-50),125000,126344.4958849726,104782.58847027313,147906.40329967206,43123.814829398936,True
2.6,2.0,95000.0,9.6,Bachelor,Data Analyst,Remote,Small (51-200),107000,105423.05535233149,83861.14793763202,126984.96276703096,43123.814829398936,True
0.5,8.0,227000.0,6.2,PhD,Backend Developer,New York,Medium (201-1000),224000,243901.1299907272,222339.22257602774,265463.0374054267,43123.814829398936,True
0.6,2.0,180000.0,5.1,High School,Data Scientist,New York,Medium (201-1000),168000,174299.9440141733,152738.03659947382,195861.85142887276,43123.814829398936,True
4.5,7.0,176000.0,5.6,Bachelor,Data Scientist,Austin,Small (51-200),170000,168020.93030762544,146459.02289292598,189582.8377223249,43123.814829398936,True
11.1,7.0,291000.0,9.0,Master,Full Stack Developer,New York,Large (1000+),378000,341342.1999369972,319780.2925222977,362904.1073516967,43123.814829398994,False
1.0,5.0,189000.0,7.9,Master,Product Manager,Boston,Startup (1-50),190000,193428.0713033337,171866.16388863424,214989.97871803318,43123.814829398936,True
1.0,6.0,218000.0,5.2,PhD,DevOps Engineer,Austin,Large (1000+),218000,223325.1434186814,201763.23600398193,244887.05083338087,43123.814829398936,True
1.1,7.0,170000.0,5.9,Bachelor,Product Manager,New York,Startup (1-50),186000,173441.0053026431,151879.09788794364,195002.91271734258,43123.814829398936,True
0.6,6.0,131000.0,4.3,Master,Data Analyst,New York,Startup (1-50),106000,121555.16418625366,99993.2567715542,143117.07160095312,43123.81482939892,True
5.5,9.0,144000.0,10.0,Bachelor,Full Stack Developer,Remote,Small (51-200),177000,166218.6784605945,144656.77104589503,187780.58587529397,43123.814829398936,True
0.7,7.0,127000.0,5.8,Bachelor,Software Engineer,Boston,Small (51-200),154000,148281.49131613233,126719.58390143287,169843.3987308318,43123.814829398936,True
0.1,3.0,203000.0,5.2,Master,Product Manager,Los Angeles,Medium (201-1000),168000,204563.82771196455,183001.92029726508,226125.73512666402,43123.814829398936,False
0.5,5.0,83000.0,9.1,Bachelor,Data Analyst,Los Angeles,Startup (1-50),95000,98524.57621287733,76962.66879817787,120086.4836275768,43123.814829398936,True
0.6,5.0,161000.0,2.7,Master,Software Engineer,Seattle,Small (51-200),148000,161495.99062598348,139934.083211284,183057.89804068295,43123.814829398936,True
4.2,4.0,223000.0,8.4,Bachelor,ML Engineer,Seattle,Medium (201-1000),269000,239948.89307575647,218386.985661057,261510.80049045593,43123.814829398936,False
11.7,8.0,135000.0,8.8,High School,Software Engineer,Remote,Startup (1-50),146000,141313.95905238163,119752.05163768216,162875.8664670811,43123.814829398936,True
1.7,5.0,184000.0,6.2,Master,Backend Developer,San Francisco,Small (51-200),236000,201491.1909888458,179929.28357414634,223053.09840354527,43123.814829398936,False
1.3,4.0,173000.0,6.6,Bachelor,Product Manager,Remote,Small (51-200),145000,144687.11887719258,123125.21146249311,166249.02629189205,43123.814829398936,True
0.9,7.0,161000.0,5.9,Master,Product Manager,Boston,Small (51-200),209000,191514.16897762797,169952.2615629285,213076.07639232744,43123.814829398936,True
8.8,3.0,170000.0,6.8,High School,Software Engineer,Chicago,Medium (201-1000),175000,168446.1631370393,146884.25572233982,190008.07055173875,43123.814829398936,True
5.2,6.0,231000.0,8.0,Bachelor,Software Engineer,San Francisco,Medium (201-1000),267000,245723.20039624817,224161.2929815487,267285.10781094764,43123.814829398936,True
1.8,7.0,162000.0,6.5,Master,Product Manager,Austin,Small (51-200),186000,190637.11105296292,169075.20363826345,212199.0184676624,43123.814829398936,True
1.6,6.0,159000.0,8.6,Bachelor,Data Scientist,Chicago,Medium (201-1000),192000,179064.50259458163,157502.59517988216,200626.4100092811,43123.814829398936,True
11.2,10.0,193000.0,6.1,PhD,Data Analyst,Chicago,Small (51-200),176000,184253.96155275998,162692.0541380605,205815.86896745945,43123.814829398936,True
1.2,3.0,184000.0,5.0,High School,Engineering Manager,New York,Small (51-200),196000,189164.619759093,167602.71234439354,210726.52717379248,43123.814829398936,True
1.2,9.0,149000.0,8.9,Bachelor,Software Engineer,Remote,Large (1000+),150000,169647.71282623473,148085.80541153526,191209.6202409342,43123.814829398936,True
15.1,8.0,255000.0,9.1,Bachelor,Software Engineer,San Francisco,Medium (201-1000),307000,311705.8993333112,290143.9919186117,333267.8067480107,43123.814829398994,True
1.5,7.0,107000.0,4.6,Bachelor,Backend Developer,Chicago,Startup (1-50),110000,102875.72882467565,81313.82140997618,124437.63623937512,43123.814829398936,True
6.0,13.0,145000.0,7.0,Bachelor,Frontend Developer,Chicago,Startup (1-50),164000,128105.0328511299,106543.12543643043,149666.94026582938,43123.81482939895,False
7.4,8.0,201000.0,7.5,Bachelor,Software Engineer,New York,Startup (1-50),191000,202294.6547098261,180732.74729512664,223856.56212452558,43123.814829398936,True
1.6,5.0,93000.0,8.4,Bachelor,Data Analyst,Los Angeles,Small (51-200),133000,115120.08863635414,93558.18122165467,136681.9960510536,43123.814829398936,True
4.7,7.0,215000.0,4.4,Bachelor,Backend Developer,San Francisco,Medium (201-1000),181000,204054.28019591884,182492.37278121937,225616.1876106183,43123.814829398936,False
5.7,6.0,157000.0,6.3,Bachelor,Frontend Developer,New York,Startup (1-50),167000,165665.42715707142,144103.51974237195,187227.3345717709,43123.814829398936,True
6.7,8.0,259000.0,7.5,Master,ML Engineer,Seattle,Small (51-200),233000,271012.8238488221,249450.91643412263,292574.7312635216,43123.814829398965,False
21.7,13.0,232000.0,7.9,High School,Product Manager,Los Angeles,Medium (201-1000),249000,274319.5101027691,252757.60268806966,295881.41751746857,43123.81482939891,False
0.3,8.0,145000.0,9.5,Bachelor,Backend Developer,Austin,Medium (201-1000),167000,161058.88373694662,139496.97632224715,182620.7911516461,43123.814829398936,True
2.1,8.0,164000.0,7.0,Bachelor,Software Engineer,Seattle,Medium (201-1000),172000,187555.60347800367,165993.6960633042,209117.51089270314,43123.814829398936,True
5.5,10.0,171000.0,8.0,Master,Full Stack Developer,Austin,Medium (201-1000),221000,214587.96445389782,193026.05703919835,236149.87186859729,43123.814829398936,True
0.2,3.0,165000.0,6.2,High School,ML Engineer,San Francisco,Startup (1-50),171000,165175.01796528275,143613.11055058328,186736.92537998222,43123.814829398936,True
8.4,11.0,201000.0,6.4,Bachelor,Data Scientist,New York,Startup (1-50),218000,213566.19979342027,192004.2923787208,235128.10720811973,43123.814829398936,True
6.4,5.0,231000.0,6.1,Bachelor,ML Engineer,San Francisco,Large (1000+),276000,282070.86768485047,260508.960270151,303632.7750995499,43123.81482939891,True
22.0,13.0,246000.0,10.0,Bachelor,Data Scientist,Chicago,Startup (1-50),222000,281566.1062324573,260004.19881775786,303128.01364715677,43123.81482939891,False
8.2,7.0,180000.0,9.6,Bachelor,Software Engineer,New York,Small (51-200),245000,242582.39871719832,221020.49130249885,264144.3061318978,43123.814829398936,True
2.6,9.0,199000.0,7.5,Master,Software Engineer,New York,Medium (201-1000),236000,237501.327294707,215939.41988000754,259063.23470940648,43123.814829398936,True
3.6,7.0,,8.4,Master,DevOps Engineer,Seattle,Large (1000+),265000,260479.37191117505,238917.4644964756,282041.2793258745,43123.814829398936,True
6.9,9.0,209000.0,8.6,Master,Software Engineer,Los Angeles,Small (51-200),226000,227224.58896931252,205662.68155461305,248786.496384012,43123.814829398936,True
3.5,3.0,125000.0,5.8,High School,DevOps Engineer,Austin,Startup (1-50),124000,112078.16827696009,90516.26086226062,133640.07569165956,43123.814829398936,True
6.6,5.0,145000.0,8.7,Master,Data Analyst,Austin,Small (51-200),158000,158082.8288782487,136520.92146354922,179644.73629294816,43123.814829398936,True
9.1,9.0,319000.0,9.8,PhD,Full Stack Developer,San Francisco,Medium (201-1000),336000,361209.99653579347,339648.089121094,382771.90395049297,43123.814829398994,False
1.0,7.0,331000.0,7.7,PhD,Engineering Manager,New York,Medium (201-1000),346000,348453.7042551144,326891.796840415,370015.61166981386,43123.81482939888,True
1.2,5.0,115000.0,5.0,Bachelor,Frontend Developer,Austin,Small (51-200),116000,112985.71734727395,91423.80993257448,134547.62476197342,43123.814829398936,True
3.9,,220000.0,9.4,Bachelor,Frontend Developer,New York,Medium (201-1000),185000,225914.0566276967,204352.14921299723,247475.96404239617,43123.814829398936,False
10.5,7.0,154000.0,7.9,Bachelor,Frontend Developer,Remote,Medium (201-1000),207000,184243.53278910616,162681.6253744067,205805.44020380563,43123.814829398936,False
12.0,9.0,206000.0,6.9,Master,Data Scientist,Los Angeles,Startup (1-50),251000,231915.4258291395,210353.51841444004,253477.33324383898,43123.814829398936,True
4.3,5.0,147000.0,7.8,Bachelor,Software Engineer,Remote,Medium (201-1000),158000,165925.79968726975,144363.8922725703,187487.70710196922,43123.814829398936,True
1.9,4.0,125000.0,7.1,Master,Full Stack Developer,Remote,Startup (1-50),126000,137067.14126311234,115505.23384841287,158629.0486778118,43123.814829398936,True
3.9,5.0,181000.0,10.0,High School,Data Scientist,Boston,Medium (201-1000),226000,202935.738015122,181373.83060042255,224497.64542982148,43123.814829398936,False
0.4,10.0,205000.0,8.0,PhD,Software Engineer,San Francisco,Small (51-200),261000,251166.5412699106,229604.63385521114,272728.4486846101,43123.814829398936,True
11.4,10.0,155000.0,8.3,Master,Backend Developer,Chicago,Small (51-200),220000,212074.78121065994,190512.87379596048,233636.6886253594,43123.814829398936,True
4.4,2.0,175000.0,7.6,High School,ML Engineer,San Francisco,Startup (1-50),183000,199118.72350141229,177556.81608671282,220680.63091611175,43123.814829398936,True
6.3,5.0,172000.0,8.6,High School,Frontend Developer,New York,Medium (201-1000),187000,185192.66086070274,163630.75344600328,206754.5682754022,43123.814829398936,True
0.8,2.0,107000.0,4.4,High School,Software Engineer,Remote,Small (51-200),103000,86071.30584474858,64509.398430049114,107633.21325944805,43123.814829398936,True
25.0,12.0,357000.0,7.2,Master,Product Manager,San Francisco,Startup (1-50),345000,352059.3956995705,330497.488284871,373621.30311427,43123.814829398994,True
5.9,4.0,194000.0,10.0,High School,ML Engineer,San Francisco,Small (51-200),240000,246059.6160579208,224497.70864322133,267621.5234726203,43123.814829398965,True
2.3,6.0,154000.0,7.7,Master,Frontend Developer,Austin,Startup (1-50),146000,146710.13192211525,125148.22450741578,168272.03933681472,43123.814829398936,True
3.1,7.0,142000.0,8.6,Master,Software Engineer,Remote,Small (51-200),177000,171853.36717846192,150291.45976376245,193415.2745931614,43123.814829398936,True
3.0,5.0,114000.0,10.0,Bachelor,Frontend Developer,Chicago,Startup (1-50),124000,125719.2753996525,104157.36798495303,147281.18281435198,43123.81482939895,True
0.2,7.0,249000.0,7.6,Master,DevOps Engineer,New York,Large (1000+),254000,256425.54860435112,234863.64118965165,277987.45601905056,43123.81482939891,True
0.8,7.0,155000.0,5.9,Master,Data Analyst,New York,Small (51-200),132000,146241.69129407158,124679.78387937212,167803.59870877105,43123.814829398936,True
0.6,5.0,225000.0,6.4,Master,Software Engineer,San Francisco,Medium (201-1000),248000,225709.3003500723,204147.39293537283,247271.20776477177,43123.814829398936,False
3.0,4.0,110000.0,7.5,Bachelor,Frontend Developer,Austin,Startup (1-50),143000,118532.51783794274,96970.61042324327,140094.4252526422,43123.81482939892,False
1.0,6.0,225000.0,6.1,Bachelor,Data Scientist,San Francisco,Small (51-200),193000,199067.29508979834,177505.38767509887,220629.2025044978,43123.814829398936,True
0.4,8.0,139000.0,8.3,Bachelor,Frontend Developer,Austin,Medium (201-1000),153000,144223.4275053594,122661.52009065993,165785.33492005887,43123.814829398936,True
3.5,6.0,252000.0,6.8,Master,ML Engineer,San Francisco,Small (51-200),293000,262847.8515166705,241285.94410197102,284409.75893137,43123.814829398965,False
2.2,6.0,225000.0,7.8,Master,Data Scientist,New York,Small (51-200),287000,243310.15095490965,221748.24354021018,264872.0583696091,43123.814829398936,False
14.6,8.0,323000.0,10.0,Bachelor,Full Stack Developer,San Francisco,Large (1000+),341000,365562.62331167393,344000.71589697443,387124.5307263734,43123.814829398994,False
1.3,5.0,153000.0,7.4,Master,Data Analyst,Seattle,Large (1000+),176000,175279.56472173665,153717.65730703718,196841.47213643612,43123.814829398936,True
10.6,6.0,147000.0,7.8,Bachelor,Full Stack Developer,Austin,Startup (1-50),166000,181312.67235543428,159750.7649407348,202874.57977013374,43123.814829398936,True
0.0,3.0,122000.0,9.9,Master,Frontend Developer,Los Angeles,Startup (1-50),186000,156226.85363011976,134664.9462154203,177788.76104481923,43123.814829398936,False
2.4,6.0,134000.0,8.8,High School,DevOps Engineer,New York,Startup (1-50),168000,156885.08355443215,135323.17613973268,178446.9909691316,43123.814829398936,True
2.0,8.0,148000.0,7.3,Bachelor,Backend Developer,Seattle,Medium (201-1000),173000,183843.57513289189,162281.66771819242,205405.48254759135,43123.814829398936,True
0.6,4.0,167000.0,7.5,Bachelor,Data Scientist,Chicago,Large (1000+),176000,182982.3994642518,161420.49204955233,204544.30687895126,43123.814829398936,True
9.9,8.0,149000.0,6.5,High School,Frontend Developer,Remote,Medium (201-1000),153000,144153.64414044324,122591.73672574377,165715.5515551427,43123.814829398936,True
6.1,9.0,236000.0,7.6,Master,Data Scientist,Boston,Small (51-200),197000,247662.96064478965,226101.05323009018,269224.8680594891,43123.814829398936,False
0.5,1.0,119000.0,4.5,Bachelor,Frontend Developer,Remote,Medium (201-1000),118000,118508.70605339274,96946.79863869328,140070.61346809223,43123.81482939895,True
5.4,7.0,161000.0,7.4,Bachelor,Software Engineer,New York,Startup (1-50),187000,188300.2266605154,166738.31924581595,209862.13407521488,43123.814829398936,True
0.5,6.0,163000.0,8.7,Bachelor,Product Manager,Chicago,Medium (201-1000),186000,185035.9102153382,163474.00280063873,206597.81763003767,43123.814829398936,True
5.1,5.0,128000.0,7.0,Bachelor,Product Manager,Remote,Startup (1-50),151000,151412.74290852968,129850.8354938302,172974.65032322914,43123.814829398936,True
0.6,5.0,149000.0,7.1,High School,Backend Developer,Seattle,Medium (201-1000),150000,145185.06838901527,123623.1609743158,166746.97580371474,43123.814829398936,True
4.2,4.0,191000.0,6.3,Bachelor,Full Stack Developer,Los Angeles,Large (1000+),204000,197134.6450305215,175572.73761582203,218696.55244522096,43123.814829398936,True
4.1,4.0,113000.0,6.9,High School,Data Analyst,Seattle,Small (51-200),128000,104706.22423232722,83144.31681762775,126268.13164702669,43123.814829398936,False
0.3,,174000.0,6.6,Bachelor,Product Manager,Seattle,Startup (1-50),138000,163061.3895095311,141499.48209483162,184623.29692423056,43123.814829398936,False
0.2,6.0,205000.0,5.8,Master,Full Stack Developer,Los Angeles,Large (1000+),180000,199742.4439928449,178180.53657814543,221304.35140754437,43123.814829398936,True
3.4,3.0,128000.0,5.0,High School,Backend Developer,Seattle,Small (51-200),137000,130622.72988830687,109060.8224736074,152184.63730300634,43123.814829398936,True
1.4,2.0,117000.0,10.0,Bachelor,Backend Developer,Los Angeles,Startup (1-50),133000,140487.57815201735,118925.67073731788,162049.48556671682,43123.814829398936,True
0.7,5.0,181000.0,7.8,Bachelor,ML Engineer,Seattle,Small (51-200),207000,200821.72609550852,179259.81868080905,222383.633510208,43123.814829398936,True
4.2,7.0,172000.0,7.7,PhD,Frontend Developer,Chicago,Small (51-200),163000,192994.81303631255,171432.90562161308,214556.72045101202,43123.814829398936,False
3.2,9.0,184000.0,6.2,Master,ML Engineer,Chicago,Startup (1-50),157000,185483.80289753817,163921.8954828387,207045.71031223764,43123.814829398936,False
0.2,2.0,133000.0,8.0,Bachelor,Data Scientist,Chicago,Small (51-200),151000,149995.02764808218,128433.12023338271,171556.93506278165,43123.814829398936,True
0.1,4.0,135000.0,6.7,Bachelor,Product Manager,Los Angeles,Startup (1-50),144000,146614.4925199116,125052.58510521214,168176.39993461108,43123.814829398936,True
0.7,9.0,143000.0,7.4,Master,Software Engineer,Boston,Startup (1-50),155000,164691.42988351992,143129.52246882045,186253.33729821938,43123.814829398936,True
0.3,7.0,229000.0,7.0,Master,Product Manager,San Francisco,Small (51-200),228000,241039.93318936424,219478.02577466477,262601.8406040637,43123.814829398936,True
1.4,7.0,131000.0,8.6,Bachelor,Software Engineer,Los Angeles,Small (51-200),153000,160603.87212917896,139041.9647144795,182165.77954387842,43123.814829398936,True
4.8,8.0,254000.0,9.6,PhD,Backend Developer,San Francisco,Medium (201-1000),327000,306740.1857788856,285178.2783641862,328302.09319358505,43123.81482939888,True
3.3,8.0,277000.0,5.7,Master,Software Engineer,San Francisco,Medium (201-1000),242000,243227.27099735694,221665.36358265748,264789.1784120564,43123.814829398936,True
3.5,6.0,171000.0,7.1,Master,Frontend Developer,Los Angeles,Small (51-200),176000,171954.72309955367,150392.8156848542,193516.63051425313,43123.814829398936,True
11.0,11.0,256000.0,9.8,Master,Frontend Developer,San Francisco,Large (1000+),352000,322622.4279510251,301060.52053632564,344184.3353657245,43123.81482939888,False
1.6,9.0,216000.0,10.0,PhD,Full Stack Developer,Austin,Large (1000+),279000,265748.8170636162,244186.9096489167,287310.7244783157,43123.814829398965,True
6.3,5.0,122000.0,9.1,Bachelor,Frontend Developer,Austin,Startup (1-50),148000,146360.72113250624,124798.81371780677,167922.6285472057,43123.814829398936,True
9.6,8.0,266000.0,7.8,Master,DevOps Engineer,Los Angeles,Medium (201-1000),262000,274128.521769169,252566.61435446955,295690.42918386846,43123.81482939891,True
5.0,7.0,113000.0,10.0,Bachelor,Data Analyst,Los Angeles,Medium (201-1000),144000,153012.8351392564,131450.92772455694,174574.74255395588,43123.814829398936,True
9.7,7.0,147000.0,7.5,Bachelor,Software Engineer,Austin,Startup (1-50),171000,177525.24072594012,155963.33331124065,199087.1481406396,43123.814829398936,True
6.2,7.0,164000.0,8.1,Master,Frontend Developer,Remote,Small (51-200),171000,166123.43466205144,144561.52724735197,187685.3420767509,43123.814829398936,True
1.2,10.0,224000.0,,PhD,Engineering Manager,New York,Startup (1-50),237000,272482.18598197674,250920.27856727727,294044.09339667624,43123.814829398965,False
2.9,8.0,201000.0,8.9,Master,Full Stack Developer,Seattle,Medium (201-1000),229000,235925.26190425348,214363.354489554,257487.16931895295,43123.814829398936,True
2.3,7.0,247000.0,5.4,PhD,Product Manager,Seattle,Small (51-200),247000,239740.217431078,218178.31001637853,261302.12484577746,43123.814829398936,True
0.1,9.0,283000.0,5.6,PhD,Engineering Manager,Boston,Startup (1-50),230000,251829.285870148,230267.37845544855,273391.1932848475,43123.814829398936,False
6.2,6.0,234000.0,10.0,Master,Data Scientist,San Francisco,Startup (1-50),274000,270293.8303032701,248731.9228885706,291855.7377179696,43123.814829398965,True
16.0,11.0,198000.0,10.0,Master,Data Analyst,Seattle,Large (1000+),277000,284224.25779772794,262662.3503830285,305786.1652124274,43123.81482939888,True
4.3,2.0,125000.0,8.9,High School,Backend Developer,Los Angeles,Startup (1-50),141000,130583.49752335998,109021.59010866052,152145.40493805945,43123.814829398936,True
9.5,9.0,230000.0,8.4,High School,Software Engineer,Seattle,Large (1000+),216000,244608.93675199233,223047.02933729286,266170.84416669176,43123.81482939891,False
4.1,7.0,169000.0,6.6,Master,Frontend Developer,Chicago,Medium (201-1000),175000,171155.55164058667,149593.6442258872,192717.45905528613,43123.814829398936,True
2.7,7.0,160000.0,8.5,Master,ML Engineer,Chicago,Startup (1-50),167000,190733.68522932418,169171.77781462471,212295.59264402365,43123.814829398936,False
2.8,3.0,257000.0,4.1,Bachelor,Full Stack Developer,San Francisco,Medium (201-1000),194000,197259.7623166988,175697.85490199932,218821.66973139826,43123.814829398936,True
1.1,3.0,85000.0,4.2,High School,Software Engineer,Remote,Startup (1-50),80000,73888.50630530041,52326.598890600944,95450.41371999988,43123.814829398936,True
18.2,10.0,206000.0,6.3,High School,Data Scientist,Austin,Large (1000+),231000,248185.19591489475,226623.28850019528,269747.10332959425,43123.814829398965,True
1.1,7.0,156000.0,7.1,Bachelor,DevOps Engineer,Seattle,Medium (201-1000),187000,188673.88287735768,167111.9754626582,210235.79029205715,43123.814829398936,True
12.0,9.0,212000.0,7.1,Master,Frontend Developer,Boston,Small (51-200),230000,229192.18184051453,207630.27442581506,250754.089255214,43123.814829398936,True
8.0,5.0,228000.0,10.0,Master,Software Engineer,Seattle,Startup (1-50),249000,241641.1649031427,220079.25748844323,263203.07231784216,43123.814829398936,True
4.0,9.0,204000.0,5.0,PhD,Engineering Manager,Los Angeles,Startup (1-50),216000,250572.90840851745,229011.000993818,272134.8158232169,43123.814829398936,False
2.5,7.0,134000.0,4.1,Bachelor,Backend Developer,Boston,Startup (1-50),120000,123963.5410192552,102401.63360455573,145525.44843395468,43123.81482939895,True
0.4,6.0,204000.0,9.1,Bachelor,DevOps Engineer,Seattle,Large (1000+),204000,221524.90576723486,199962.9983525354,243086.81318193433,43123.814829398936,True
5.5,6.0,194000.0,5.7,Bachelor,DevOps Engineer,New York,Small (51-200),189000,202850.12076569724,181288.21335099777,224412.0281803967,43123.814829398936,True
4.5,4.0,232000.0,10.0,Master,Engineering Manager,Remote,Small (51-200),260000,261097.55510827925,239535.64769357978,282659.4625229787,43123.814829398936,True
15.1,10.0,,9.1,Bachelor,Software Engineer,New York,Large (1000+),315000,302552.24712081853,280990.33970611903,324114.154535518,43123.814829398994,True
13.1,13.0,247000.0,9.3,PhD,Product Manager,Remote,Medium (201-1000),304000,318645.4777638516,297083.5703491521,340207.3851785511,43123.814829398994,True
5.8,6.0,103000.0,7.2,High School,Data Analyst,San Francisco,Startup (1-50),116000,119581.87069931315,98019.96328461368,141143.77811401262,43123.814829398936,True
4.8,10.0,224000.0,6.6,Master,Product Manager,Remote,Medium (201-1000),219000,210727.9686162462,189166.06120154672,232289.87603094566,43123.814829398936,True
11.8,6.0,265000.0,8.4,Bachelor,ML Engineer,Seattle,Small (51-200),308000,283813.8406411983,262251.9332264988,305375.74805589777,43123.814829398994,False
3.8,3.0,217000.0,8.4,Bachelor,Data Scientist,New York,Startup (1-50),211000,203835.80534798198,182273.8979332825,225397.71276268145,43123.814829398936,True
8.1,8.0,268000.0,7.0,PhD,ML Engineer,Chicago,Large (1000+),269000,317115.8519646264,295553.9445499269,338677.7593793259,43123.814829398994,False
2.1,2.0,158000.0,10.0,Bachelor,Frontend Developer,Austin,Medium (201-1000),159000,169994.87305105996,148432.9656363605,191556.78046575942,43123.814829398936,True
11.4,5.0,195000.0,9.9,Bachelor,Backend Developer,Chicago,Medium (201-1000),245000,223928.63278371547,202366.725369016,245490.54019841494,43123.814829398936,True
2.0,10.0,194000.0,6.1,Bachelor,Software Engineer,San Francisco,Startup (1-50),171000,166412.43354939763,144850.52613469816,187974.3409640971,43123.814829398936,True
0.9,2.0,193000.0,7.1,High School,Software Engineer,New York,Large (1000+),176000,197255.80236835737,175693.8949536579,218817.70978305684,43123.814829398936,True
6.1,3.0,122000.0,4.2,High School,Product Manager,Remote,Large (1000+),188000,156211.14856679545,134649.241152096,177773.05598149492,43123.814829398936,False
3.7,7.0,154000.0,8.1,Bachelor,Software Engineer,Seattle,Startup (1-50),148000,171158.61521300254,149596.70779830308,192720.522627702,43123.814829398936,False
12.2,7.0,191000.0,4.8,High School,Full Stack Developer,Seattle,Medium (201-1000),201000,202516.77143357892,180954.86401887945,224078.6788482784,43123.814829398936,True
2.2,7.0,150000.0,8.7,Master,ML Engineer,Austin,Small (51-200),208000,209842.43071596517,188280.5233012657,231404.33813066463,43123.814829398936,True
2.7,,163000.0,6.1,High School,ML Engineer,Seattle,Startup (1-50),142000,153535.20616326152,131973.29874856205,175097.113577961,43123.814829398936,True
1.6,4.0,142000.0,6.6,Bachelor,Frontend Developer,Chicago,Medium (201-1000),147000,136546.76882720183,114984.86141250236,158108.6762419013,43123.814829398936,True
5.4,3.0,158000.0,6.4,Bachelor,Data Analyst,Boston,Large (1000+),160000,161613.36461992294,140051.45720522347,183175.2720346224,43123.814829398936,True
6.4,5.0,130000.0,8.1,High School,Backend Developer,Austin,Medium (201-1000),168000,154503.18595103186,132941.2785363324,176065.09336573133,43123.814829398936,True
1.6,3.0,146000.0,6.9,High School,ML Engineer,Remote,Large (1000+),145000,160284.66032262176,138722.7529079223,181846.56773732122,43123.814829398936,True
12.5,11.0,267000.0,8.4,Bachelor,Product Manager,Boston,Large (1000+),347000,305408.68748869083,283846.7800739914,326970.5949033903,43123.81482939888,False
1.6,9.0,243000.0,7.8,PhD,Software Engineer,San Francisco,Medium (201-1000),285000,277445.6465835508,255883.73916885132,299007.5539982503,43123.814829398965,True
6.0,4.0,197000.0,7.5,Bachelor,Data Scientist,San Francisco,Startup (1-50),226000,212576.84529741888,191014.93788271942,234138.75271211835,43123.814829398936,True
4.7,6.0,130000.0,5.1,Bachelor,Software Engineer,Remote,Startup (1-50),152000,116383.88639981674,94821.97898511727,137945.79381451622,43123.81482939895,False
3.4,,200000.0,6.8,Bachelor,ML Engineer,Austin,Medium (201-1000),212000,203005.758807942,181443.85139324254,224567.66622264148,43123.814829398936,True
17.4,14.0,226000.0,8.7,Master,DevOps Engineer,Los Angeles,Startup (1-50),262000,270457.9385677617,248896.0311530622,292019.8459824611,43123.81482939891,True
1.0,5.0,142000.0,7.1,Master,Data Analyst,San Francisco,Small (51-200),165000,158674.8685525774,137112.96113787792,180236.77596727686,43123.814829398936,True
0.4,2.0,104000.0,7.3,Bachelor,Software Engineer,Austin,Small (51-200),149000,133612.44212116575,112050.53470646628,155174.3495358652,43123.814829398936,True
1.6,4.0,173000.0,3.4,Bachelor,Data Scientist,Chicago,Large (1000+),179000,166935.121324387,145373.21390968753,188497.02873908647,43123.814829398936,True
17.4,11.0,178000.0,8.9,Master,Data Analyst,San Francisco,Startup (1-50),269000,232315.25684626694,210753.34943156748,253877.1642609664,43123.814829398936,False
4.3,4.0,186000.0,3.7,Bachelor,Software Engineer,Los Angeles,Large (1000+),161000,179954.8591856658,158392.95177096632,201516.76660036526,43123.814829398936,True
5.8,7.0,230000.0,7.6,Bachelor,ML Engineer,Seattle,Small (51-200),228000,236129.96741481518,214568.0600001157,257691.87482951465,43123.814829398936,True
5.4,6.0,239000.0,9.1,Bachelor,Engineering Manager,San Francisco,Small (51-200),325000,294396.0030715581,272834.09565685864,315957.9104862575,43123.81482939888,False
0.9,7.0,205000.0,10.0,Master,Data Analyst,San Francisco,Large (1000+),218000,238566.41008949588,217004.50267479641,260128.31750419535,43123.814829398936,True
4.4,6.0,182000.0,10.0,Master,ML Engineer,Remote,Small (51-200),247000,225557.48996840653,203995.58255370706,247119.397383106,43123.814829398936,True
2.2,6.0,191000.0,8.0,Master,Full Stack Developer,Chicago,Large (1000+),214000,206807.48775882987,185245.5803441304,228369.39517352934,43123.814829398936,True
1.5,4.0,148000.0,7.5,High School,Data Scientist,Boston,Small (51-200),159000,148651.7416698353,127089.83425513582,170213.64908453476,43123.814829398936,True
2.3,4.0,193000.0,5.5,PhD,DevOps Engineer,Seattle,Small (51-200),209000,221920.5194918036,200358.61207710413,243482.42690650307,43123.814829398936,True
10.1,9.0,162000.0,6.1,PhD,Data Analyst,Chicago,Small (51-200),177000,189403.8359380828,167841.92852338334,210965.74335278227,43123.814829398936,True
9.3,9.0,170000.0,8.7,High School,DevOps Engineer,Los Angeles,Small (51-200),215000,187456.0041229089,165894.09670820943,209017.91153760836,43123.814829398936,False
0.2,8.0,157000.0,7.5,Bachelor,Software Engineer,Chicago,Large (1000+),174000,167479.64509200965,145917.7376773102,189041.55250670912,43123.814829398936,True
10.8,6.0,187000.0,8.5,High School,Data Scientist,Remote,Medium (201-1000),176000,198056.56029644085,176494.65288174138,219618.4677111403,43123.814829398936,False
3.0,11.0,172000.0,7.0,Master,Product Manager,Remote,Small (51-200),212000,178792.48576616697,157230.5783514675,200354.39318086643,43123.814829398936,False
4.1,9.0,180000.0,6.6,Master,Software Engineer,San Francisco,Startup (1-50),221000,206942.37966729575,185380.4722525963,228504.28708199522,43123.814829398936,True
1.7,4.0,,7.2,Bachelor,Backend Developer,San Francisco,Medium (201-1000),195000,204455.57355539204,182893.66614069257,226017.4809700915,43123.814829398936,True
2.8,6.0,167000.0,8.8,Bachelor,Backend Developer,New York,Medium (201-1000),210000,208555.98404839955,186994.07663370008,230117.89146309902,43123.814829398936,True
0.9,3.0,153000.0,6.2,High School,Data Scientist,San Francisco,Startup (1-50),142000,147774.79158421067,126212.8841695112,169336.69899891014,43123.814829398936,True
3.3,7.0,167000.0,5.9,Master,Software Engineer,Chicago,Medium (201-1000),167000,179417.3135977958,157855.40618309632,200979.22101249525,43123.814829398936,True
0.4,3.0,145000.0,7.4,Bachelor,Frontend Developer,Boston,Large (1000+),152000,164069.26063082425,142507.3532161248,185631.16804552372,43123.814829398936,True
1.0,7.0,217000.0,6.8,Master,Product Manager,Boston,Small (51-200),233000,213917.39329428412,192355.48587958465,235479.3007089836,43123.814829398936,True
4.0,5.0,187000.0,6.3,Bachelor,Full Stack Developer,San Francisco,Startup (1-50),187000,181247.0921222229,159685.18470752344,202808.99953692238,43123.814829398936,True
2.9,5.0,160000.0,7.6,High School,Backend Developer,New York,Small (51-200),152000,157619.08125756725,136057.17384286778,179180.9886722667,43123.814829398936,True
8.0,6.0,304000.0,8.0,Master,Data Scientist,San Francisco,Medium (201-1000),338000,318933.3007763661,297371.3933616666,340495.2081910656,43123.814829398994,True
2.9,2.0,132000.0,7.1,Bachelor,Data Analyst,Austin,Large (1000+),136000,140744.2316503984,119182.32423569894,162306.13906509787,43123.814829398936,True
1.6,3.0,180000.0,5.9,Bachelor,Product Manager,Seattle,Small (51-200),184000,186157.82342918095,164595.91601448148,207719.73084388042,43123.814829398936,True
0.0,10.0,204000.0,7.9,Bachelor,DevOps Engineer,San Francisco,Medium (201-1000),205000,211720.88880118213,190158.98138648266,233282.7962158816,43123.814829398936,True
0.4,2.0,146000.0,5.8,Bachelor,Software Engineer,New York,Small (51-200),199000,169178.42615225242,147616.51873755295,190740.3335669519,43123.814829398936,False
5.9,9.0,179000.0,7.5,Bachelor,Software Engineer,San Francisco,Small (51-200),225000,221725.6998033563,200163.79238865685,243287.60721805578,43123.814829398936,True
0.6,7.0,120000.0,6.2,Bachelor,Software Engineer,Boston,Startup (1-50),126000,133097.94310115097,111536.0356864515,154659.85051585044,43123.814829398936,True
2.1,4.0,179000.0,,Master,Software Engineer,Seattle,Small (51-200),220000,201563.2969917541,180001.38957705462,223125.20440645356,43123.814829398936,True
5.0,4.0,184000.0,5.7,Bachelor,Frontend Developer,San Francisco,Small (51-200),153000,185722.43911514958,164160.5317004501,207284.34652984905,43123.814829398936,False
3.1,7.0,177000.0,4.4,Bachelor,DevOps Engineer,Los Angeles,Startup (1-50),130000,137023.0970054453,115461.18959074584,158585.00442014477,43123.814829398936,True
0.4,2.0,131000.0,7.4,Bachelor,Software Engineer,New York,Startup (1-50),169000,153877.0226586716,132315.11524397213,175438.93007337107,43123.814829398936,True
2.8,5.0,164000.0,6.6,Bachelor,ML Engineer,Remote,Medium (201-1000),167000,175782.51255574203,154220.60514104256,197344.4199704415,43123.814829398936,True
15.2,11.0,272000.0,8.7,Bachelor,Full Stack Developer,New York,Large (1000+),331000,313128.5226922369,291566.6152775374,334690.4301069364,43123.814829398994,True
0.7,6.0,202000.0,4.4,Master,Engineering Manager,Los Angeles,Small (51-200),211000,215475.38030546697,193913.4728907675,237037.28772016644,43123.814829398936,True
2.7,5.0,191000.0,4.7,Master,Data Scientist,Boston,Medium (201-1000),198000,206672.71621389678,185110.80879919732,228234.62362859625,43123.814829398936,True
6.6,8.0,264000.0,9.3,PhD,Backend Developer,Los Angeles,Medium (201-1000),293000,278876.89344759355,257314.98603289408,300438.800862293,43123.81482939891,True
4.5,4.0,222000.0,6.0,Bachelor,ML Engineer,Seattle,Small (51-200),196000,205659.65351012963,184097.74609543016,227221.5609248291,43123.814829398936,True
3.6,11.0,228000.0,6.1,Master,DevOps Engineer,Seattle,Small (51-200),192000,212930.375658596,191368.46824389652,234492.28307329546,43123.814829398936,True
1.1,7.0,244000.0,8.7,PhD,Full Stack Developer,Boston,Large (1000+),267000,267129.229953098,245567.32253839853,288691.13736779743,43123.81482939891,True
5.0,4.0,218000.0,7.3,Bachelor,Product Manager,Los Angeles,Large (1000+),237000,243680.86298122193,222118.95556652246,265242.7703959214,43123.814829398965,True
0.4,8.0,263000.0,10.0,PhD,Software Engineer,New York,Medium (201-1000),269000,289132.0414520759,267570.1340373764,310693.9488667754,43123.814829398994,True
3.1,4.0,132000.0,4.6,Bachelor,Software Engineer,Los Angeles,Small (51-200),161000,143338.2027147097,121776.29530001024,164900.11012940918,43123.814829398936,True
0.9,5.0,152000.0,7.9,Bachelor,Software Engineer,New York,Startup (1-50),148000,161315.08318748415,139753.17577278469,182876.99060218362,43123.814829398936,True
1.9,7.0,162000.0,7.4,Bachelor,Product Manager,Remote,Small (51-200),141000,159559.7088377615,137997.80142306202,181121.61625246095,43123.814829398936,True
2.7,4.0,169000.0,5.3,Bachelor,Full Stack Developer,New York,Startup (1-50),163000,158804.42676402087,137242.5193493214,180366.33417872034,43123.814829398936,True
10.8,8.0,187000.0,7.9,Master,Product Manager,Austin,Startup (1-50),260000,235572.8661625675,214010.95874786802,257134.77357726695,43123.814829398936,False
5.4,6.0,165000.0,7.4,Master,Full Stack Developer,Chicago,Small (51-200),175000,185906.75571484191,164344.84830014245,207468.66312954138,43123.814829398936,True
17.7,14.0,271000.0,8.2,PhD,Backend Developer,Remote,Small (51-200),298000,295236.3626995475,273674.455284848,316798.270114247,43123.814829398994,True
2.4,4.0,210000.0,6.1,Bachelor,Software Engineer,Austin,Large (1000+),190000,181980.60403592236,160418.6966212229,203542.51145062182,43123.814829398936,True
7.4,8.0,172000.0,8.6,Bachelor,Product Manager,Los Angeles,Small (51-200),219000,216248.00426757283,194686.09685287336,237809.9116822723,43123.814829398936,True
1.1,5.0,124000.0,5.7,Bachelor,Data Analyst,Los Angeles,Medium (201-1000),97000,116579.75822110457,95017.8508064051,138141.66563580403,43123.814829398936,True
0.5,3.0,94000.0,9.4,Bachelor,Data Analyst,Chicago,Small (51-200),113000,101066.22136168105,79504.31394698158,122628.12877638052,43123.814829398936,True
5.6,7.0,162000.0,6.8,Bachelor,Frontend Developer,New York,Small (51-200),184000,182432.01442103347,160870.107006334,203993.92183573294,43123.814829398936,True
3.8,10.0,266000.0,6.2,PhD,Full Stack Developer,San Francisco,Large (1000+),259000,306355.5951161034,284793.687701404,327917.50253080286,43123.81482939888,False
2.4,4.0,165000.0,7.2,PhD,Data Analyst,Austin,Large (1000+),176000,193334.7921939612,171772.88477926175,214896.69960866068,43123.814829398936,True
1.0,10.0,130000.0,7.5,Master,Data Scientist,Los Angeles,Startup (1-50),177000,170145.61090729875,148583.70349259928,191707.5183219982,43123.814829398936,True
8.4,7.0,211000.0,8.7,High School,ML Engineer,San Francisco,Medium (201-1000),260000,273083.60016625584,251521.69275155637,294645.5075809553,43123.81482939891,True
0.9,6.0,181000.0,7.0,Bachelor,Backend Developer,Austin,Medium (201-1000),149000,152946.20699656315,131384.29958186368,174508.11441126262,43123.814829398936,True
2.6,7.0,116000.0,4.3,High School,Software Engineer,San Francisco,Startup (1-50),117000,126915.84995873764,105353.94254403817,148477.7573734371,43123.814829398936,True
16.8,9.0,222000.0,5.8,Bachelor,ML Engineer,Remote,Medium (201-1000),248000,250485.30040647017,228923.3929917707,272047.20782116964,43123.814829398936,True
0.1,2.0,123000.0,7.8,Bachelor,Backend Developer,New York,Small (51-200),134000,163420.00600711213,141858.09859241266,184981.9134218116,43123.814829398936,False
0.1,2.0,163000.0,,Bachelor,DevOps Engineer,Remote,Large (1000+),180000,166467.41505935142,144905.50764465195,188029.3224740509,43123.814829398936,True
12.3,9.0,150000.0,9.2,High School,ML Engineer,Chicago,Startup (1-50),194000,192485.0509962841,170923.14358158462,214046.95841098356,43123.814829398936,True
13.0,9.0,275000.0,9.1,PhD,ML Engineer,Chicago,Medium (201-1000),351000,325135.24734082207,303573.3399261226,346697.15475552157,43123.814829398994,False
25.9,12.0,355000.0,10.0,Master,DevOps Engineer,Seattle,Medium (201-1000),367000,412019.9634439278,390458.0560292284,433581.87085862726,43123.81482939888,False
11.3,12.0,282000.0,9.6,Master,Software Engineer,San Francisco,Large (1000+),379000,342901.1074648826,321339.2000501831,364463.0148795821,43123.814829398994,False
4.9,3.0,154000.0,10.0,Bachelor,Full Stack Developer,Chicago,Small (51-200),163000,174444.04186440769,152882.13444970822,196005.94927910715,43123.814829398936,True
2.5,8.0,144000.0,8.5,Master,Software Engineer,Boston,Small (51-200),239000,189002.6896365315,167440.78222183202,210564.59705123096,43123.814829398936,False
1.8,3.0,145000.0,7.8,Bachelor,Software Engineer,Austin,Startup (1-50),144000,133299.78144685345,111737.87403215398,154861.68886155292,43123.814829398936,True
0.6,3.0,113000.0,7.4,High School,Frontend Developer,Seattle,Startup (1-50),114000,109657.18089765662,88095.27348295716,131219.0883123561,43123.814829398936,True
3.2,12.0,146000.0,4.5,Bachelor,Frontend Developer,Austin,Large (1000+),150000,153220.98797425,131659.08055955052,174782.89538894946,43123.814829398936,True
4.8,5.0,220000.0,8.5,Master,Software Engineer,San Francisco,Small (51-200),270000,255504.27944115878,233942.3720264593,277066.18685585825,43123.814829398936,True
0.8,2.0,131000.0,7.6,Master,Software Engineer,Remote,Small (51-200),162000,152879.5382667434,131317.63085204392,174441.44568144286,43123.814829398936,True
7.8,8.0,148000.0,10.0,High School,Backend Developer,Chicago,Medium (201-1000),183000,172005.9407179515,150444.03330325204,193567.84813265098,43123.814829398936,True
4.5,5.0,,7.4,Bachelor,Data Analyst,San Francisco,Medium (201-1000),209000,182446.5368591181,160884.62944441862,204008.44427381756,43123.814829398936,False
5.6,8.0,252000.0,8.9,Master,Software Engineer,Austin,Medium (201-1000),251000,234260.0178555442,212698.11044084473,255821.92527024366,43123.814829398936,True
4.5,4.0,133000.0,8.3,High School,Full Stack Developer,Chicago,Large (1000+),164000,163692.73690713054,142130.82949243108,185254.64432183,43123.814829398936,True
2.1,9.0,144000.0,7.3,Master,Data Scientist,Los Angeles,Small (51-200),206000,195443.9595920514,173882.05217735193,217005.86700675086,43123.814829398936,True
0.7,7.0,129000.0,8.4,Bachelor,Software Engineer,Los Angeles,Startup (1-50),112000,141881.69301650824,120319.78560180878,163443.6004312077,43123.814829398936,False
1.0,6.0,158000.0,6.8,Bachelor,Product Manager,Austin,Small (51-200),180000,160904.75621673928,139342.8488020398,182466.66363143874,43123.814829398936,True
1.4,10.0,241000.0,5.6,PhD,Software Engineer,New York,Small (51-200),212000,233945.5696524534,212383.66223775395,255507.47706715288,43123.814829398936,False
4.8,11.0,178000.0,4.7,High School,Engineering Manager,Seattle,Small (51-200),183000,198511.06179072327,176949.1543760238,220072.96920542273,43123.814829398936,True
0.4,8.0,162000.0,8.2,PhD,Data Analyst,Seattle,Small (51-200),146000,182690.9515693904,161129.04415469093,204252.85898408986,43123.814829398936,False
0.4,7.0,123000.0,4.6,Bachelor,Software Engineer,Los Angeles,Startup (1-50),105000,115019.35169450294,93457.44427980347,136581.25910920242,43123.81482939895,True
15.7,13.0,317000.0,5.1,Master,ML Engineer,Boston,Small (51-200),294000,302247.94695604383,280686.0395413444,323809.85437074327,43123.81482939888,True
3.4,7.0,181000.0,4.7,Bachelor,DevOps Engineer,Seattle,Medium (201-1000),181000,188108.08267764383,166546.17526294437,209669.9900923433,43123.814829398936,True
1.5,8.0,218000.0,6.8,Master,Engineering Manager,Seattle,Small (51-200),252000,253740.4261202073,232178.51870550783,275302.33353490673,43123.81482939891,True
12.6,9.0,164000.0,5.5,Bachelor,Backend Developer,Chicago,Startup (1-50),160000,161877.2684137316,140315.36099903213,183439.17582843106,43123.814829398936,True
3.0,5.0,87000.0,7.2,Bachelor,Data Analyst,Remote,Startup (1-50),100000,79739.793278296,58177.88586359653,101301.70069299547,43123.814829398936,True
1.4,6.0,138000.0,6.0,Bachelor,Software Engineer,Chicago,Small (51-200),158000,130774.12508119224,109212.21766649277,152336.0324958917,43123.814829398936,False
9.7,6.0,271000.0,10.0,Master,Engineering Manager,San Francisco,Startup (1-50),392000,341552.1021988515,319990.1947841521,363114.00961355097,43123.81482939888,False
5.8,8.0,177000.0,9.0,Master,DevOps Engineer,Remote,Startup (1-50),170000,183450.30957409128,161888.40215939182,205012.21698879075,43123.814829398936,True
2.4,9.0,149000.0,8.8,Master,Data Analyst,Boston,Small (51-200),131000,148986.31890824184,127424.41149354237,170548.2263229413,43123.814829398936,True
3.7,6.0,144000.0,6.2,Bachelor,Data Scientist,Remote,Large (1000+),181000,183718.42418115793,162156.51676645846,205280.3315958574,43123.814829398936,True
7.1,7.0,142000.0,8.7,Master,Data Scientist,Remote,Startup (1-50),163000,185385.69197329972,163823.78455860025,206947.5993879992,43123.814829398936,False
4.0,4.0,227000.0,7.3,Bachelor,Software Engineer,San Francisco,Large (1000+),238000,248177.81367570584,226615.90626100637,269739.7210904053,43123.814829398936,True
0.6,7.0,131000.0,6.9,Master,Data Scientist,Seattle,Small (51-200),183000,193923.90898565928,172362.0015709598,215485.81640035874,43123.814829398936,True
5.5,6.0,183000.0,6.7,Bachelor,Frontend Developer,San Francisco,Small (51-200),192000,195413.66372019527,173851.7563054958,216975.57113489474,43123.814829398936,True
1.4,,145000.0,7.3,Bachelor,ML Engineer,Remote,Small (51-200),163000,158945.68130765558,137383.77389295612,180507.58872235505,43123.814829398936,True
5.8,6.0,208000.0,6.4,Bachelor,Software Engineer,New York,Large (1000+),225000,241715.62895872255,220153.72154402308,263277.536373422,43123.814829398936,True
12.7,9.0,237000.0,5.0,Master,ML Engineer,New York,Startup (1-50),272000,273009.4845259233,251447.57711122386,294571.3919406228,43123.814829398965,True
2.5,8.0,161000.0,6.7,Master,Data Analyst,Seattle,Small (51-200),138000,145948.26945267108,124386.36203797162,167510.17686737055,43123.814829398936,True
1.6,7.0,134000.0,,Master,Software Engineer,Remote,Medium (201-1000),188000,173086.84630502097,151524.9388903215,194648.75371972044,43123.814829398936,True
4.4,5.0,123000.0,6.4,High School,DevOps Engineer,Remote,Large (1000+),161000,151163.53829423987,129601.6308795404,172725.44570893934,43123.814829398936,True
0.1,2.0,173000.0,5.7,Bachelor,Product Manager,Boston,Small (51-200),170000,168994.30279141048,147432.395376711,190556.21020610994,43123.814829398936,True
1.5,5.0,156000.0,7.6,Bachelor,ML Engineer,San Francisco,Startup (1-50),191000,203674.47285671384,182112.56544201437,225236.3802714133,43123.814829398936,True
1.1,5.0,173000.0,6.4,Master,Software Engineer,Remote,Large (1000+),182000,177346.0443589164,155784.13694421694,198907.95177361587,43123.814829398936,True
5.2,7.0,153000.0,7.0,High School,Data Analyst,Seattle,Large (1000+),142000,144496.14534645726,122934.23793175779,166058.05276115672,43123.814829398936,True
0.3,7.0,139000.0,10.0,Bachelor,Engineering Manager,Remote,Small (51-200),202000,193176.95731335046,171615.049898651,214738.86472804993,43123.814829398936,True
1.5,4.0,250000.0,8.6,Bachelor,Engineering Manager,Los Angeles,Large (1000+),266000,273144.7539417968,251582.8465270973,294706.6613564963,43123.814829398965,True
20.9,16.0,311000.0,7.0,Bachelor,Backend Developer,San Francisco,Small (51-200),266000,303862.30984871526,282300.40243401576,325424.21726341476,43123.814829398994,False
1.3,5.0,166000.0,7.8,Bachelor,DevOps Engineer,Chicago,Large (1000+),193000,181143.86445706044,159581.95704236097,202705.7718717599,43123.814829398936,True
8.3,8.0,284000.0,5.8,Bachelor,Engineering Manager,New York,Medium (201-1000),341000,304197.36773626885,282635.46032156935,325759.27515096834,43123.814829398994,False
3.3,7.0,158000.0,7.2,PhD,Frontend Developer,Remote,Startup (1-50),161000,158152.18133834295,136590.2739236435,179714.08875304242,43123.814829398936,True
1.0,1.0,157000.0,6.5,High School,ML Engineer,Los Angeles,Small (51-200),148000,147737.62016515515,126175.71275045568,169299.52757985462,43123.814829398936,True
1.0,7.0,154000.0,6.6,PhD,Backend Developer,Seattle,Startup (1-50),167000,181528.511355279,159966.60394057955,203090.41876997848,43123.814829398936,True
2.8,10.0,132000.0,6.5,High School,Full Stack Developer,San Francisco,Startup (1-50),142000,146666.4259166736,125104.51850197412,168228.33333137305,43123.814829398936,True
5.1,8.0,237000.0,8.0,Master,ML Engineer,Seattle,Small (51-200),260000,258704.7176855756,237142.81027087613,280266.62510027504,43123.81482939891,True
0.0,9.0,180000.0,4.9,PhD,Product Manager,Boston,Startup (1-50),197000,195927.14314557568,174365.23573087621,217489.05056027515,43123.814829398936,True
3.5,5.0,202000.0,9.3,PhD,DevOps Engineer,Austin,Small (51-200),225000,238183.44239486626,216621.5349801668,259745.34980956573,43123.814829398936,True
1.7,2.0,171000.0,4.7,High School,Engineering Manager,Los Angeles,Startup (1-50),141000,157388.01947672418,135826.1120620247,178949.92689142365,43123.814829398936,True
0.4,4.0,147000.0,9.7,Bachelor,ML Engineer,New York,Startup (1-50),198000,203809.78948896858,182247.88207426912,225371.69690366805,43123.814829398936,True
2.1,5.0,162000.0,5.6,Bachelor,DevOps Engineer,New York,Small (51-200),188000,184480.2222299492,162918.31481524973,206042.12964464867,43123.814829398936,True
4.7,3.0,224000.0,5.7,Master,Product Manager,Seattle,Small (51-200),191000,225832.2155146503,204270.30809995084,247394.12292934977,43123.814829398936,False
7.0,10.0,225000.0,8.5,PhD,DevOps Engineer,Remote,Medium (201-1000),235000,254694.1865651394,233132.27915043992,276256.0939798389,43123.814829398965,True
10.8,10.0,246000.0,7.1,Bachelor,Software Engineer,Seattle,Large (1000+),246000,264410.08469285123,242848.17727815176,285971.99210755073,43123.814829398965,True
14.1,13.0,202000.0,9.1,Master,Backend Developer,Chicago,Medium (201-1000),258000,254316.30928215806,232754.4018674586,275878.21669685753,43123.814829398936,True
6.1,4.0,133000.0,10.0,Bachelor,Full Stack Developer,Remote,Small (51-200),190000,166655.4224457251,145093.51503102563,188217.32986042456,43123.814829398936,False
8.8,5.0,165000.0,5.9,High School,Backend Developer,Seattle,Medium (201-1000),185000,180908.82698553364,159346.91957083417,202470.7344002331,43123.814829398936,True
1.2,7.0,223000.0,5.5,PhD,Data Scientist,Chicago,Large (1000+),230000,227123.05579137083,205561.14837667136,248684.9632060703,43123.814829398936,True
0.2,4.0,133000.0,6.6,Bachelor,Frontend Developer,Chicago,Medium (201-1000),136000,132136.68478875142,110574.77737405195,153698.59220345088,43123.814829398936,True
9.2,9.0,161000.0,8.0,Bachelor,Software Engineer,Chicago,Medium (201-1000),190000,204338.02093352523,182776.11351882576,225899.9283482247,43123.814829398936,True
2.5,7.0,132000.0,10.0,Master,Data Analyst,Austin,Medium (201-1000),161000,157344.037122827,135782.12970812753,178905.94453752646,43123.814829398936,True
0.4,4.0,108000.0,4.5,High School,Software Engineer,Austin,Startup (1-50),92000,82894.86128397132,61332.95386927185,104456.76869867078,43123.814829398936,True
3.4,8.0,114000.0,,High School,Product Manager,Los Angeles,Startup (1-50),137000,139932.27805728102,118370.37064258155,161494.18547198048,43123.814829398936,True
0.1,7.0,205000.0,5.7,Bachelor,ML Engineer,San Francisco,Medium (201-1000),201000,236908.70168556925,215346.79427086978,258470.60910026872,43123.814829398936,False
7.5,9.0,218000.0,8.1,Master,DevOps Engineer,Remote,Medium (201-1000),226000,227012.14186718682,205450.23445248735,248574.04928188628,43123.814829398936,True
2.5,7.0,179000.0,8.8,Bachelor,Data Scientist,New York,Startup (1-50),192000,200684.59115666978,179122.6837419703,222246.49857136924,43123.814829398936,True
10.9,10.0,330000.0,6.5,Master,ML Engineer,Seattle,Large (1000+),357000,352494.51559432346,330932.60817962396,374056.42300902295,43123.814829398994,True
1.2,5.0,178000.0,4.1,Bachelor,Product Manager,Boston,Small (51-200),137000,161378.97107107472,139817.06365637525,182940.87848577418,43123.814829398936,False
3.4,5.0,123000.0,6.9,Bachelor,Backend Developer,Remote,Startup (1-50),140000,113020.04676724222,91458.13935254276,134581.9541819417,43123.814829398936,False
7.3,6.0,164000.0,7.9,Bachelor,Frontend Developer,New York,Small (51-200),216000,200209.4138429999,178647.50642830043,221771.32125769937,43123.814829398936,True
3.6,6.0,143000.0,6.5,Bachelor,Frontend Developer,New York,Startup (1-50),151000,155937.659691404,134375.75227670453,177499.56710610347,43123.814829398936,True
4.0,5.0,122000.0,6.1,High School,Data Analyst,Los Angeles,Large (1000+),126000,120029.11597704656,98467.20856234709,141591.02339174604,43123.81482939895,True
2.3,8.0,306000.0,8.6,PhD,Engineering Manager,Boston,Medium (201-1000),304000,336722.82123831386,315160.91382361436,358284.72865301336,43123.814829398994,False
1.2,9.0,122000.0,8.2,Bachelor,Software Engineer,New York,Startup (1-50),203000,162096.0385815871,140534.13116688764,183657.94599628658,43123.814829398936,False
2.1,8.0,271000.0,4.9,Master,Product Manager,Seattle,Large (1000+),230000,241673.4550573184,220111.54764261894,263235.3624720179,43123.814829398936,True
4.3,3.0,120000.0,9.3,Master,Data Analyst,Chicago,Startup (1-50),123000,129525.90938410553,107964.00196940606,151087.816798805,43123.814829398936,True
4.2,7.0,205000.0,,Master,Backend Developer,San Francisco,Startup (1-50),186000,211988.9248273879,190427.01741268844,233550.83224208737,43123.814829398936,False
3.6,7.0,144000.0,2.5,Master,Data Analyst,San Francisco,Startup (1-50),121000,138043.24978490928,116481.34237020981,159605.15719960874,43123.814829398936,True
2.7,6.0,156000.0,4.6,Bachelor,Software Engineer,Austin,Small (51-200),135000,135592.68625238937,114030.7788376899,157154.59366708883,43123.814829398936,True
1.4,3.0,125000.0,4.6,High School,Product Manager,Austin,Small (51-200),117000,118644.87146010948,97082.96404541002,140206.77887480895,43123.814829398936,True
3.4,11.0,223000.0,7.8,Master,Engineering Manager,Chicago,Small (51-200),252000,240290.47044056345,218728.563025864,261852.37785526292,43123.814829398936,True
9.5,12.0,340000.0,10.0,PhD,DevOps Engineer,San Francisco,Medium (201-1000),393000,373171.4173597447,351609.5099450452,394733.3247744442,43123.814829398994,True
5.6,7.0,260000.0,9.7,PhD,Engineering Manager,Austin,Startup (1-50),291000,296849.6676509233,275287.7602362238,318411.5750656228,43123.814829398994,True
8.5,7.0,162000.0,9.4,Bachelor,DevOps Engineer,Austin,Startup (1-50),183000,196110.42020038844,174548.51278568897,217672.3276150879,43123.814829398936,True
0.6,4.0,130000.0,7.1,Bachelor,Data Scientist,New York,Startup (1-50),174000,167887.42351026594,146325.51609556648,189449.3309249654,43123.814829398936,True
0.1,7.0,165000.0,10.0,PhD,Software Engineer,Remote,Startup (1-50),150000,178567.439282109,157005.53186740953,200129.34669680847,43123.814829398936,False
1.2,8.0,123000.0,4.2,Bachelor,Data Scientist,Chicago,Startup (1-50),118000,117316.79221070425,95754.88479600479,138878.69962540374,43123.81482939895,True
13.2,13.0,400000.0,8.7,Master,Engineering Manager,New York,Small (51-200),429000,389262.4596608445,367700.5522461451,410824.36707554397,43123.81482939888,False
2.2,,156000.0,6.1,Bachelor,Full Stack Developer,Remote,Large (1000+),154000,157190.94453516742,135629.03712046795,178752.8519498669,43123.814829398936,True
8.2,6.0,187000.0,8.9,Bachelor,Software Engineer,Austin,Medium (201-1000),247000,212407.52976737169,190845.62235267222,233969.43718207115,43123.814829398936,False
0.9,6.0,,6.5,PhD,Backend Developer,New York,Small (51-200),226000,229839.038877498,208277.13146279854,251400.94629219748,43123.814829398936,True
2.2,5.0,248000.0,,Master,Software Engineer,San Francisco,Large (1000+),265000,267256.95748836914,245695.05007366967,288818.86490306864,43123.814829398965,True
0.1,4.0,212000.0,7.0,Bachelor,Product Manager,Boston,Large (1000+),195000,216598.3503892678,195036.44297456834,238160.25780396728,43123.814829398936,False
2.4,4.0,166000.0,5.2,Bachelor,Data Scientist,Remote,Medium (201-1000),147000,155013.14468049115,133451.2372657917,176575.05209519062,43123.814829398936,True
2.2,,237000.0,6.0,Bachelor,Software Engineer,San Francisco,Medium (201-1000),194000,210075.87250137192,188513.96508667246,231637.7799160714,43123.814829398936,True
14.3,11.0,221000.0,9.4,PhD,Software Engineer,Remote,Startup (1-50),222000,261070.80546300206,239508.8980483026,282632.7128777015,43123.81482939891,False
25.5,11.0,263000.0,10.0,Bachelor,Software Engineer,San Francisco,Medium (201-1000),362000,356779.06906927685,335217.16165457736,378340.97648397635,43123.814829398994,True
30.0,17.0,193000.0,9.9,Master,Data Analyst,Los Angeles,Medium (201-1000),310000,292332.4960013834,270770.58858668397,313894.40341608285,43123.81482939888,True
4.2,7.0,173000.0,7.8,Bachelor,Full Stack Developer,San Francisco,Small (51-200),222000,214967.14746196583,193405.24004726636,236529.0548766653,43123.814829398936,True
1.5,8.0,185000.0,9.0,Master,Backend Developer,San Francisco,Small (51-200),239000,222590.46288844128,201028.5554737418,244152.37030314075,43123.814829398936,True
0.9,8.0,178000.0,6.6,Master,Backend Developer,Boston,Large (1000+),248000,205066.23049651037,183504.3230818109,226628.13791120984,43123.814829398936,False
6.8,7.0,161000.0,6.7,Bachelor,Full Stack Developer,Austin,Small (51-200),158000,168411.95596255496,146850.0485478555,189973.86337725443,43123.814829398936,True
2.7,5.0,180000.0,8.2,PhD,Frontend Developer,Remote,Medium (201-1000),198000,201293.00661621144,179731.09920151197,222854.9140309109,43123.814829398936,True
0.9,8.0,103000.0,6.5,High School,Product Manager,Remote,Startup (1-50),102000,102700.93828965568,81139.03087495621,124262.84570435515,43123.814829398936,True
7.6,7.0,185000.0,6.6,Bachelor,Data Scientist,Austin,Startup (1-50),162000,175826.26512823312,154264.35771353365,197388.1725429326,43123.814829398936,True
6.7,9.0,272000.0,6.1,PhD,Software Engineer,Chicago,Large (1000+),285000,245777.33687156328,224215.4294568638,267339.2442862628,43123.814829398965,False
1.9,4.0,148000.0,10.0,Bachelor,Software Engineer,Austin,Small (51-200),158000,168878.23523878545,147316.32782408598,190440.14265348492,43123.814829398936,True
8.5,5.0,137000.0,6.6,Bachelor,Frontend Developer,Los Angeles,Startup (1-50),168000,155721.06655859793,134159.15914389846,177282.9739732974,43123.814829398936,True
8.3,8.0,171000.0,,Bachelor,Frontend Developer,Los Angeles,Small (51-200),163000,176605.31329531327,155043.4058806138,198167.22071001274,43123.814829398936,True
4.8,5.0,117000.0,6.7,High School,Data Analyst,New York,Small (51-200),141000,126113.84854229631,104551.94112759685,147675.75595699577,43123.81482939892,True
2.4,10.0,237000.0,8.7,PhD,Data Scientist,Austin,Small (51-200),227000,238521.58652496806,216959.6791102686,260083.49393966753,43123.814829398936,True
18.1,13.0,206000.0,9.5,Bachelor,Data Analyst,New York,Medium (201-1000),220000,259521.7003721574,237959.79295745792,281083.6077868568,43123.81482939891,False
3.1,7.0,176000.0,5.7,Master,Frontend Developer,Los Angeles,Small (51-200),205000,163624.6906519375,142062.78323723804,185186.59806663697,43123.814829398936,False
2.5,3.0,166000.0,10.0,Bachelor,Product Manager,Remote,Large (1000+),201000,208187.09297224478,186625.1855575453,229749.00038694424,43123.814829398936,True
3.8,8.0,238000.0,,PhD,Software Engineer,Seattle,Medium (201-1000),279000,261944.67087294982,240382.76345825035,283506.5782876493,43123.814829398965,True
1.9,3.0,137000.0,7.5,High School,Product Manager,Austin,Large (1000+),171000,166684.52982738326,145122.6224126838,188246.43724208273,43123.814829398936,True
2.6,6.0,109000.0,5.3,High School,Software Engineer,San Francisco,Startup (1-50),134000,131014.34886867556,109452.44145397609,152576.25628337503,43123.814829398936,True
1.1,5.0,119000.0,,Bachelor,Data Analyst,Seattle,Small (51-200),134000,124736.87278830036,103174.96537360089,146298.78020299983,43123.814829398936,True
1.2,2.0,131000.0,8.1,High School,ML Engineer,Los Angeles,Medium (201-1000),149000,172487.04254743143,150925.13513273196,194048.9499621309,43123.814829398936,False
7.5,9.0,160000.0,10.0,Bachelor,Full Stack Developer,Remote,Small (51-200),167000,178305.3278855432,156743.42047084373,199867.23530024267,43123.814829398936,True
2.9,5.0,224000.0,10.0,Master,DevOps Engineer,New York,Small (51-200),247000,254257.84728467866,232695.9398699792,275819.75469937816,43123.814829398965,True
1.0,4.0,128000.0,3.8,Bachelor,Data Scientist,Remote,Large (1000+),149000,151661.13483115498,130099.22741645551,173223.04224585445,43123.814829398936,True
3.8,5.0,139000.0,3.8,High School,Data Analyst,San Francisco,Medium (201-1000),115000,128987.85514411297,107425.9477294135,150549.76255881245,43123.81482939895,True
10.1,7.0,201000.0,5.4,Bachelor,Full Stack Developer,Los Angeles,Small (51-200),203000,185033.6048473886,163471.69743268914,206595.51226208807,43123.814829398936,True
7.3,3.0,217000.0,7.0,Bachelor,Frontend Developer,Seattle,Large (1000+),247000,213087.13264156863,191525.22522686917,234649.0400562681,43123.814829398936,False
0.2,6.0,94000.0,4.7,High School,Full Stack Developer,Chicago,Small (51-200),104000,96416.38793381157,74854.4805191121,117978.29534851103,43123.814829398936,True
13.6,8.0,325000.0,9.2,PhD,DevOps Engineer,Los Angeles,Large (1000+),380000,375272.0399211125,353710.13250641304,396833.9473358119,43123.81482939888,True
10.1,10.0,169000.0,5.8,High School,ML Engineer,Los Angeles,Small (51-200),164000,194937.14993521333,173375.24252051386,216499.0573499128,43123.814829398936,False
2.1,5.0,203000.0,4.7,Bachelor,Software Engineer,Seattle,Large (1000+),183000,194486.18577130986,172924.2783566104,216048.09318600933,43123.814829398936,True
1.3,5.0,169000.0,5.5,Master,Data Scientist,Los Angeles,Small (51-200),183000,178706.81471775137,157144.9073030519,200268.72213245084,43123.814829398936,True
13.9,7.0,188000.0,6.3,High School,Backend Developer,Seattle,Large (1000+),218000,222884.00071547605,201322.09330077659,244445.90813017552,43123.814829398936,True
7.4,5.0,161000.0,9.3,High School,Software Engineer,San Francisco,Startup (1-50),184000,196280.74307394394,174718.83565924448,217842.6504886434,43123.814829398936,True
7.3,7.0,255000.0,6.1,Master,Data Scientist,San Francisco,Medium (201-1000),255000,282234.4061291229,260672.49871442342,303796.3135438224,43123.814829398965,False
6.0,7.0,155000.0,6.6,Bachelor,Product Manager,Seattle,Startup (1-50),206000,191152.11539075285,169590.20797605338,212714.02280545232,43123.814829398936,True
1.0,2.0,149000.0,6.1,High School,Backend Developer,Boston,Large (1000+),154000,148222.1378624562,126660.23044775674,169784.04527715567,43123.814829398936,True
8.2,10.0,310000.0,7.8,High School,Engineering Manager,Seattle,Large (1000+),289000,294270.08483108337,272708.17741638387,315831.99224578287,43123.814829398994,True
7.2,8.0,146000.0,6.8,Master,Software Engineer,Austin,Small (51-200),213000,195222.29745319168,173660.39003849222,216784.20486789115,43123.814829398936,True
2.5,6.0,176000.0,7.7,Bachelor,Full Stack Developer,San Francisco,Small (51-200),219000,204260.68678460806,182698.7793699086,225822.59419930752,43123.814829398936,True
15.4,10.0,277000.0,10.0,PhD,ML Engineer,Austin,Startup (1-50),349000,318861.900597698,297299.9931829985,340423.8080123975,43123.814829398994,False
0.9,3.0,87000.0,6.2,High School,Full Stack Developer,Remote,Startup (1-50),83000,84784.96860732065,63223.061192621186,106346.87602202012,43123.814829398936,True
6.7,9.0,154000.0,9.6,Bachelor,Data Analyst,New York,Medium (201-1000),180000,189780.23662284695,168218.32920814748,211342.14403754642,43123.814829398936,True
0.1,5.0,92000.0,8.5,High School,Full Stack Developer,Los Angeles,Startup (1-50),109000,111924.99256773709,90363.08515303762,133486.89998243656,43123.814829398936,True
3.6,3.0,208000.0,7.8,Bachelor,Product Manager,Seattle,Medium (201-1000),214000,232198.65583416016,210636.7484194607,253760.56324885963,43123.814829398936,True
4.7,7.0,175000.0,6.9,Bachelor,DevOps Engineer,Remote,Large (1000+),159000,186340.84999385718,164778.9425791577,207902.75740855664,43123.814829398936,False
7.4,7.0,147000.0,10.0,High School,Software Engineer,Chicago,Large (1000+),216000,194515.5170141572,172953.60959945773,216077.42442885667,43123.814829398936,True
12.0,10.0,195000.0,4.5,Bachelor,DevOps Engineer,Chicago,Small (51-200),164000,178251.42877222956,156689.5213575301,199813.33618692902,43123.814829398936,True
4.1,8.0,151000.0,6.1,Bachelor,Frontend Developer,Los Angeles,Startup (1-50),120000,127933.04009148745,106371.13267678798,149494.9475061869,43123.81482939892,True
4.7,6.0,180000.0,9.1,Master,Software Engineer,Remote,Startup (1-50),185000,173096.1954151125,151534.28800041304,194658.10282981198,43123.814829398936,True
6.2,7.0,168000.0,6.1,Bachelor,Backend Developer,Chicago,Medium (201-1000),168000,159491.65342553562,137929.74601083616,181053.5608402351,43123.814829398936,True
3.1,6.0,202000.0,7.5,Bachelor,Data Scientist,New York,Medium (201-1000),219000,231953.7696669359,210391.86225223643,253515.67708163537,43123.814829398936,True
1.7,7.0,190000.0,,PhD,Software Engineer,Remote,Large (1000+),228000,219912.16440298865,198350.25698828918,241474.07181768812,43123.814829398936,True
1.6,5.0,134000.0,6.8,High School,Software Engineer,Remote,Large (1000+),139000,133664.18685220767,112102.2794375082,155226.09426690714,43123.814829398936,True
1.0,9.0,142000.0,5.7,Bachelor,Backend Developer,Seattle,Small (51-200),141000,150566.0961403193,129004.18872561984,172128.00355501877,43123.814829398936,True
2.2,5.0,126000.0,10.0,Bachelor,Full Stack Developer,Remote,Small (51-200),143000,150691.56313856275,129129.65572386328,172253.47055326222,43123.814829398936,True
13.2,8.0,202000.0,7.7,Bachelor,DevOps Engineer,Remote,Medium (201-1000),219000,220511.0222667095,198949.11485201004,242072.92968140898,43123.814829398936,True
8.5,7.0,212000.0,7.3,Bachelor,Backend Developer,Seattle,Medium (201-1000),202000,227434.67468601128,205872.7672713118,248996.58210071074,43123.814829398936,False
5.9,7.0,,9.7,Bachelor,Frontend Developer,New York,Small (51-200),233000,213184.61655518043,191622.70914048096,234746.5239698799,43123.814829398936,True
7.6,8.0,181000.0,6.4,Master,Data Scientist,Remote,Small (51-200),196000,196832.142722003,175270.23530730352,218394.05013670246,43123.814829398936,True
4.9,8.0,173000.0,9.1,Bachelor,Software Engineer,Boston,Large (1000+),274000,227814.38892345835,206252.48150875888,249376.29633815782,43123.814829398936,False
10.7,5.0,292000.0,7.8,Bachelor,Full Stack Developer,New York,Large (1000+),315000,288789.1804035387,267227.2729888392,310351.0878182382,43123.814829398994,False
6.7,5.0,236000.0,7.5,Master,Backend Developer,San Francisco,Small (51-200),236000,248259.64400727823,226697.73659257876,269821.5514219777,43123.814829398936,True
16.5,10.0,250000.0,9.7,Bachelor,Data Analyst,San Francisco,Medium (201-1000),261000,275086.57379172905,253524.66637702959,296648.4812064285,43123.81482939891,True
2.1,7.0,140000.0,4.6,Bachelor,Data Scientist,Chicago,Startup (1-50),134000,125915.37815659784,104353.47074189837,147477.2855712973,43123.814829398936,True
13.2,14.0,378000.0,5.0,Master,Engineering Manager,New York,Medium (201-1000),406000,363367.84889930545,341805.941484606,384929.7563140049,43123.81482939888,False
1.6,6.0,151000.0,6.6,High School,Data Scientist,Seattle,Startup (1-50),143000,136726.24653895252,115164.33912425305,158288.15395365198,43123.814829398936,True
9.2,10.0,,8.2,Master,Software Engineer,Chicago,Large (1000+),240000,254760.17638202372,233198.26896732426,276322.08379672316,43123.81482939891,True
5.8,8.0,210000.0,10.0,Master,Data Analyst,Boston,Large (1000+),213000,229405.53267108626,207843.6252563868,250967.44008578573,43123.814829398936,True
2.0,7.0,143000.0,7.4,Bachelor,Software Engineer,New York,Startup (1-50),168000,167289.01757617877,145727.1101614793,188850.92499087824,43123.814829398936,True
4.8,6.0,179000.0,5.3,Master,Software Engineer,Remote,Medium (201-1000),149000,178663.3842213193,157101.47680661984,200225.29163601878,43123.814829398936,False
1.3,9.0,177000.0,6.6,Master,Frontend Developer,San Francisco,Medium (201-1000),206000,211223.99778449003,189662.09036979056,232785.9051991895,43123.814829398936,True
2.9,6.0,254000.0,8.1,Master,ML Engineer,Los Angeles,Large (1000+),260000,267515.5540744517,245953.6466597522,289077.4614891511,43123.81482939891,True
0.3,8.0,207000.0,8.7,PhD,Frontend Developer,Los Angeles,Large (1000+),229000,234184.0648302333,212622.15741553385,255745.97224493278,43123.814829398936,True
8.5,6.0,223000.0,5.5,Bachelor,Engineering Manager,Remote,Medium (201-1000),219000,232553.1213988837,210991.21398418423,254115.02881358317,43123.814829398936,True
1.8,7.0,180000.0,8.6,Bachelor,Data Scientist,San Francisco,Startup (1-50),184000,200461.4456165048,178899.53820180532,222023.35303120426,43123.814829398936,True
1.5,9.0,137000.0,7.6,Master,Backend Developer,Los Angeles,Startup (1-50),164000,151858.8378471422,130296.93043244272,173420.74526184166,43123.814829398936,True
4.4,7.0,178000.0,6.1,Bachelor,Full Stack Developer,Boston,Small (51-200),175000,173001.0063275671,151439.09891286763,194562.91374226657,43123.814829398936,True
9.3,7.0,176000.0,4.0,Bachelor,Software Engineer,Chicago,Medium (201-1000),190000,177980.83790421076,156418.9304895113,199542.74531891022,43123.814829398936,True
13.9,7.0,291000.0,8.3,Master,Software Engineer,Seattle,Large (1000+),286000,335547.35277337517,313985.4453586757,357109.26018807467,43123.814829398994,False
4.1,6.0,169000.0,9.0,PhD,Software Engineer,Austin,Startup (1-50),193000,207510.10307090083,185948.19565620137,229072.0104856003,43123.814829398936,True
6.0,9.0,344000.0,7.1,PhD,Full Stack Developer,San Francisco,Medium (201-1000),336000,301742.1126593841,280180.2052446846,323304.0200740836,43123.814829398994,False
8.4,8.0,135000.0,9.3,Master,Data Analyst,Chicago,Small (51-200),171000,159620.01744981456,138058.1100351151,181181.92486451403,43123.814829398936,True
10.3,6.0,172000.0,9.5,High School,Backend Developer,New York,Large (1000+),299000,246722.44850321382,225160.54108851435,268284.35591791326,43123.81482939891,False
3.2,5.0,193000.0,9.0,Bachelor,Software Engineer,San Francisco,Large (1000+),265000,257538.99649742953,235977.08908273006,279100.903912129,43123.814829398936,True
4.2,7.0,195000.0,6.7,Bachelor,Full Stack Developer,Seattle,Small (51-200),174000,183418.2151072544,161856.30769255492,204980.12252195386,43123.814829398936,True
7.9,8.0,302000.0,10.0,Master,Software Engineer,San Francisco,Large (1000+),367000,346017.602041061,324455.6946263615,367579.5094557605,43123.814829398994,True
22.3,,280000.0,10.0,Master,Full Stack Developer,Seattle,Medium (201-1000),360000,365240.74255112436,343678.83513642487,386802.64996582386,43123.814829398994,True
1.2,7.0,212000.0,8.2,Master,Backend Developer,Los Angeles,Medium (201-1000),200000,199921.7640621352,178359.85664743572,221483.67147683466,43123.814829398936,True
6.0,3.0,175000.0,6.9,High School,Data Scientist,Seattle,Startup (1-50),137000,155565.0311883496,134003.12377365012,177126.93860304906,43123.814829398936,True
9.9,11.0,211000.0,8.3,Master,Product Manager,Los Angeles,Small (51-200),283000,255485.3073642863,233923.39994958683,277047.21477898577,43123.814829398936,False
5.4,5.0,143000.0,4.0,Bachelor,Software Engineer,Austin,Startup (1-50),121000,125280.11712741952,103718.20971272005,146842.024542119,43123.81482939895,True
0.3,3.0,168000.0,7.1,High School,Product Manager,Boston,Medium (201-1000),168000,162013.42002070378,140451.5126060043,183575.32743540325,43123.814829398936,True
11.3,7.0,302000.0,8.9,Master,Software Engineer,New York,Medium (201-1000),334000,321947.9816974755,300386.074282776,343509.889112175,43123.814829398994,True
6.8,7.0,271000.0,7.8,Bachelor,ML Engineer,New York,Small (51-200),232000,253001.09745027783,231439.19003557836,274563.0048649773,43123.814829398965,True
0.6,4.0,239000.0,7.8,PhD,Engineering Manager,Remote,Medium (201-1000),263000,265157.5542745716,243595.64685987213,286719.46168927103,43123.81482939891,True
0.6,5.0,97000.0,4.9,High School,Data Analyst,Seattle,Small (51-200),112000,79769.45263941627,58207.5452247168,101331.36005411574,43123.814829398936,False
8.8,9.0,198000.0,6.0,High School,Frontend Developer,Seattle,Large (1000+),201000,192782.630718234,171220.72330353453,214344.53813293346,43123.814829398936,True
1.0,6.0,119000.0,6.4,Master,Software Engineer,Remote,Startup (1-50),123000,130224.03052540998,108662.12311071051,151785.93794010946,43123.81482939895,True
1.4,6.0,235000.0,7.3,Master,Full Stack Developer,San Francisco,Medium (201-1000),237000,238354.08950111156,216792.1820864121,259915.99691581103,43123.814829398936,True
0.8,4.0,195000.0,8.6,Bachelor,Software Engineer,San Francisco,Medium (201-1000),235000,217081.03781935724,195519.13040465777,238642.9452340567,43123.814829398936,True
5.4,9.0,259000.0,9.0,Master,Backend Developer,Boston,Large (1000+),249000,260238.2730665769,238676.36565187742,281800.18048127636,43123.814829398936,True
0.2,6.0,109000.0,9.9,Bachelor,Data Analyst,Boston,Medium (201-1000),153000,134360.53731603784,112798.62990133837,155922.4447307373,43123.814829398936,True
2.6,6.0,194000.0,5.8,Bachelor,Software Engineer,New York,Small (51-200),163000,187757.11318611994,166195.20577142047,209319.0206008194,43123.814829398936,False
2.8,2.0,110000.0,8.3,High School,Frontend Developer,San Francisco,Startup (1-50),146000,142093.82440450677,120531.9169898073,163655.73181920624,43123.814829398936,True
0.1,3.0,103000.0,6.1,High School,Software Engineer,Remote,Medium (201-1000),126000,107862.62180648629,86300.71439178682,129424.52922118576,43123.814829398936,True
2.4,3.0,180000.0,6.1,High School,Frontend Developer,New York,Large (1000+),150000,178750.02158683597,157188.1141721365,200311.92900153543,43123.814829398936,False
2.1,4.0,170000.0,6.7,High School,Full Stack Developer,New York,Medium (201-1000),169000,179660.45181049747,158098.544395798,201222.35922519694,43123.814829398936,True
1.8,5.0,145000.0,5.4,Bachelor,DevOps Engineer,Remote,Small (51-200),141000,127194.91744748977,105633.0100327903,148756.82486218924,43123.814829398936,True
0.2,2.0,124000.0,8.9,High School,Full Stack Developer,Austin,Medium (201-1000),138000,139851.83588544236,118289.92847074289,161413.74330014182,43123.814829398936,True
0.5,3.0,141000.0,5.7,Bachelor,Software Engineer,Chicago,Small (51-200),135000,128887.00882146113,107325.10140676166,150448.9162361606,43123.81482939895,True
0.0,6.0,171000.0,6.3,Bachelor,ML Engineer,New York,Small (51-200),205000,200110.50418106388,178548.5967663644,221672.41159576335,43123.814829398936,True
5.6,7.0,144000.0,6.6,Bachelor,Frontend Developer,Boston,Medium (201-1000),195000,171445.07313374395,149883.16571904448,193006.98054844342,43123.814829398936,False
0.5,7.0,116000.0,6.9,Master,Data Analyst,Seattle,Startup (1-50),127000,121650.55847030724,100088.65105560777,143212.4658850067,43123.814829398936,True
7.1,7.0,161000.0,8.0,High School,Full Stack Developer,Chicago,Medium (201-1000),132000,165976.53808590464,144414.63067120517,187538.4455006041,43123.814829398936,False
1.0,5.0,110000.0,5.4,High School,Data Analyst,New York,Small (51-200),107000,95069.34931662754,73507.44190192808,116631.25673132701,43123.814829398936,True
0.1,5.0,201000.0,6.9,Master,ML Engineer,Austin,Small (51-200),176000,196707.9686774851,175146.06126278563,218269.87609218457,43123.814829398936,True
0.0,4.0,151000.0,7.8,High School,DevOps Engineer,Seattle,Large (1000+),190000,174135.5185999202,152573.61118522074,195697.42601461968,43123.814829398936,True
0.7,6.0,144000.0,4.9,Bachelor,ML Engineer,Remote,Medium (201-1000),156000,160552.88401881192,138990.97660411245,182114.7914335114,43123.814829398936,True
1.6,4.0,391000.0,8.4,PhD,Engineering Manager,San Francisco,Large (1000+),419000,396880.8470738377,375318.9396591382,418442.7544885372,43123.814829398994,False
3.4,2.0,173000.0,7.8,Bachelor,Software Engineer,Seattle,Large (1000+),205000,216564.78759159622,195002.88017689675,238126.6950062957,43123.814829398936,True
0.8,4.0,190000.0,4.7,Bachelor,Data Scientist,New York,Large (1000+),201000,213977.42506865264,192415.51765395317,235539.3324833521,43123.814829398936,True
2.3,2.0,152000.0,7.3,High School,Full Stack Developer,Remote,Large (1000+),133000,145076.2728681252,123514.36545342574,166638.18028282467,43123.814829398936,True
2.4,4.0,141000.0,7.0,Bachelor,Software Engineer,Remote,Medium (201-1000),162000,150099.5321567751,128537.62474207563,171661.43957147456,43123.814829398936,True
2.5,10.0,262000.0,8.7,PhD,Data Scientist,San Francisco,Small (51-200),280000,292831.4183595678,271269.5109448683,314393.3257742673,43123.814829398994,True
1.0,6.0,272000.0,6.1,Master,Data Scientist,New York,Medium (201-1000),223000,237399.76255428893,215837.85513958946,258961.6699689884,43123.814829398936,True
9.4,8.0,153000.0,10.0,High School,Software Engineer,Los Angeles,Small (51-200),191000,188188.124586107,166626.21717140754,209750.03200080647,43123.814829398936,True
1.7,8.0,152000.0,9.0,Master,Frontend Developer,Remote,Medium (201-1000),171000,167624.24084651223,146062.33343181276,189186.1482612117,43123.814829398936,True
29.0,15.0,256000.0,,Bachelor,Software Engineer,New York,Small (51-200),298000,307634.3410655738,286072.4336508743,329196.2484802733,43123.814829398994,True
0.1,7.0,,8.5,Master,Product Manager,Los Angeles,Large (1000+),257000,245095.60394852582,223533.69653382635,266657.5113632253,43123.814829398936,True
3.0,6.0,188000.0,8.2,Master,DevOps Engineer,New York,Startup (1-50),200000,212304.21489896643,190742.30748426696,233866.1223136659,43123.814829398936,True
3.9,9.0,145000.0,8.6,Master,DevOps Engineer,Chicago,Startup (1-50),184000,170102.51191487088,148540.6045001714,191664.41932957034,43123.814829398936,True
29.3,12.0,222000.0,8.0,High School,ML Engineer,New York,Startup (1-50),244000,296006.7685985209,274444.86118382146,317568.67601322033,43123.81482939888,False
6.2,5.0,182000.0,6.7,High School,Product Manager,Remote,Medium (201-1000),181000,174854.9649862639,153293.05757156442,196416.87240096336,43123.814829398936,True
0.8,6.0,110000.0,5.9,Bachelor,Backend Developer,Remote,Small (51-200),125000,112486.89858027277,90924.9911655733,134048.80599497224,43123.814829398936,True
4.6,4.0,155000.0,7.4,Master,Full Stack Developer,Chicago,Medium (201-1000),199000,196671.96264908242,175110.05523438295,218233.87006378188,43123.814829398936,True
0.0,9.0,188000.0,6.8,High School,Data Scientist,San Francisco,Large (1000+),199000,206934.376695619,185372.46928091953,228496.28411031846,43123.814829398936,True
9.7,13.0,169000.0,4.8,PhD,Backend Developer,Austin,Small (51-200),218000,213909.5270719224,192347.61965722294,235471.43448662187,43123.814829398936,True
0.5,3.0,127000.0,8.5,Master,Software Engineer,Los Angeles,Startup (1-50),170000,162460.57106952864,140898.66365482917,184022.4784842281,43123.814829398936,True
2.0,7.0,200000.0,9.2,Master,Product Manager,Seattle,Large (1000+),289000,270407.3900835275,248845.48266882802,291969.297498227,43123.814829398965,True
7.6,9.0,285000.0,10.0,PhD,Software Engineer,New York,Medium (201-1000),345000,336777.0505691943,315215.1431544948,358338.9579838938,43123.814829398994,True
1.4,5.0,213000.0,8.3,Master,ML Engineer,Seattle,Small (51-200),217000,234356.23613659837,212794.3287218989,255918.14355129784,43123.814829398936,True
0.7,7.0,159000.0,8.2,High School,Software Engineer,Seattle,Large (1000+),166000,178404.88556505227,156842.9781503528,199966.79297975174,43123.814829398936,True
0.7,3.0,229000.0,10.0,Master,Full Stack Developer,Seattle,Medium (201-1000),228000,242716.16016655235,221154.25275185288,264278.06758125185,43123.814829398965,True
7.6,7.0,203000.0,8.0,High School,Product Manager,San Francisco,Small (51-200),240000,226593.47485872713,205031.56744402766,248155.3822734266,43123.814829398936,True
1.7,7.0,180000.0,7.2,High School,Software Engineer,San Francisco,Large (1000+),191000,206516.6103765233,184954.70296182384,228078.51779122278,43123.814829398936,True
7.9,9.0,202000.0,10.0,Master,Product Manager,Chicago,Small (51-200),273000,250020.2693980635,228458.36198336404,271582.176812763,43123.814829398936,False
1.8,6.0,230000.0,6.3,Master,Data Scientist,Seattle,Large (1000+),221000,240584.91001956988,219023.00260487042,262146.81743426935,43123.814829398936,True
1.0,3.0,188000.0,9.0,Bachelor,Data Scientist,San Francisco,Medium (201-1000),240000,234426.750394518,212864.84297981852,255988.65780921746,43123.814829398936,True
16.2,9.0,210000.0,10.0,Master,Data Analyst,Chicago,Large (1000+),245000,260860.97767172827,239299.0702570288,282422.88508642773,43123.814829398936,True
6.6,7.0,137000.0,7.7,High School,Product Manager,Chicago,Startup (1-50),128000,149316.19916681133,127754.29175211187,170878.1065815108,43123.814829398936,True
21.0,11.0,239000.0,7.5,Bachelor,Software Engineer,Remote,Large (1000+),286000,274919.8989076636,253357.99149296412,296481.8063223631,43123.814829398965,True
5.4,5.0,140000.0,,Master,Frontend Developer,Los Angeles,Small (51-200),212000,180495.79236241122,158933.88494771175,202057.69977711068,43123.814829398936,False
14.8,7.0,457000.0,9.2,Master,ML Engineer,San Francisco,Large (1000+),398000,412068.9899742614,390507.08255956194,433630.8973889608,43123.81482939888,True
4.3,5.0,126000.0,8.3,High School,Data Scientist,Chicago,Small (51-200),189000,146503.44086654688,124941.53345184741,168065.34828124635,43123.814829398936,False
0.1,7.0,141000.0,7.8,Master,Software Engineer,Chicago,Small (51-200),154000,159437.00833690248,137875.100922203,180998.91575160195,43123.814829398936,True
1.7,7.0,159000.0,10.0,Master,Data Scientist,Remote,Startup (1-50),169000,174050.59419761546,152488.686782916,195612.50161231493,43123.814829398936,True
10.3,9.0,,8.2,Bachelor,Data Scientist,Los Angeles,Small (51-200),223000,223591.52364725617,202029.6162325567,245153.43106195563,43123.814829398936,True
5.5,6.0,163000.0,6.2,Master,DevOps Engineer,Remote,Small (51-200),186000,172644.66576868956,151082.7583539901,194206.57318338903,43123.814829398936,True
0.7,6.0,93000.0,8.3,Bachelor,Data Analyst,Boston,Startup (1-50),97000,101002.23803788667,79440.3306231872,122564.14545258613,43123.814829398936,True
5.2,6.0,217000.0,4.9,Bachelor,Frontend Developer,New York,Medium (201-1000),196000,194634.569939603,173072.66252490354,216196.47735430248,43123.814829398936,True
5.9,9.0,186000.0,7.9,Bachelor,ML Engineer,Austin,Startup (1-50),165000,190002.17015678965,168440.26274209018,211564.07757148912,43123.814829398936,False
6.1,8.0,100000.0,4.0,High School,DevOps Engineer,Remote,Startup (1-50),108000,96169.89260491908,74607.98519021961,117731.80001961855,43123.814829398936,True
10.3,6.0,292000.0,6.4,Bachelor,Product Manager,San Francisco,Medium (201-1000),371000,293090.94886448944,271529.04144979,314652.8562791889,43123.81482939888,False
2.5,6.0,134000.0,3.4,Bachelor,Software Engineer,Remote,Medium (201-1000),120000,131799.4001936191,110237.49277891964,153361.30760831857,43123.814829398936,True
11.6,9.0,167000.0,9.3,High School,Data Scientist,Chicago,Large (1000+),226000,227455.83170946824,205893.92429476877,249017.7391241677,43123.814829398936,True
2.9,6.0,106000.0,5.3,Master,Frontend Developer,Remote,Startup (1-50),115000,118161.27688089112,96599.36946619165,139723.1842955906,43123.814829398936,True
1.6,10.0,129000.0,5.0,Master,Frontend Developer,Austin,Startup (1-50),138000,125100.99259506685,103539.08518036739,146662.90000976634,43123.81482939895,True
0.3,6.0,169000.0,5.9,Bachelor,Data Scientist,New York,Small (51-200),195000,182400.77146651107,160838.8640518116,203962.67888121054,43123.814829398936,True
0.3,6.0,163000.0,5.7,Bachelor,Data Scientist,Seattle,Startup (1-50),177000,150246.38773364172,128684.48031894225,171808.2951483412,43123.814829398936,False
3.0,5.0,201000.0,7.1,Master,Backend Developer,Boston,Large (1000+),211000,219167.7286244936,197605.82120979414,240729.63603919308,43123.814829398936,True
4.3,6.0,144000.0,8.7,Bachelor,Software Engineer,Austin,Startup (1-50),155000,153941.88138947653,132379.97397477707,175503.788804176,43123.814829398936,True
1.9,5.0,143000.0,6.2,Bachelor,Data Analyst,Remote,Large (1000+),115000,112798.81074488122,91236.90333018175,134360.7181595807,43123.814829398936,True
1.8,9.0,162000.0,8.3,PhD,Frontend Developer,Austin,Small (51-200),190000,193775.5018184546,172213.59440375512,215337.40923315406,43123.814829398936,True
2.4,8.0,177000.0,5.7,Master,Full Stack Developer,Boston,Small (51-200),190000,182928.73366970802,161366.82625500855,204490.64108440749,43123.814829398936,True
3.0,8.0,186000.0,7.7,Master,Frontend Developer,Seattle,Small (51-200),206000,186330.1239602795,164768.21654558004,207892.03137497898,43123.814829398936,True
3.4,6.0,237000.0,7.0,Master,DevOps Engineer,New York,Small (51-200),218000,232915.1717772263,211353.26436252682,254477.07919192576,43123.814829398936,True
11.4,9.0,259000.0,4.8,Master,ML Engineer,San Francisco,Startup (1-50),255000,288968.7037257223,267406.79631102283,310530.6111404218,43123.814829398994,False
8.0,7.0,295000.0,7.2,Master,Software Engineer,San Francisco,Large (1000+),330000,310925.4502073175,289363.54279261804,332487.3576220169,43123.81482939888,True
3.4,5.0,178000.0,7.3,Master,DevOps Engineer,Boston,Small (51-200),185000,208852.39109543597,187290.4836807365,230414.29851013544,43123.814829398936,False
2.5,6.0,128000.0,4.9,Bachelor,Data Analyst,Chicago,Small (51-200),103000,91556.32409454777,69994.4166798483,113118.23150924724,43123.814829398936,True
5.7,5.0,231000.0,,Master,Software Engineer,Seattle,Startup (1-50),186000,205216.19312816358,183654.2857134641,226778.10054286305,43123.814829398936,True
12.4,7.0,179000.0,7.7,Bachelor,ML Engineer,Los Angeles,Startup (1-50),208000,235228.61512690337,213666.7077122039,256790.52254160284,43123.814829398936,False
3.4,5.0,128000.0,6.1,High School,Full Stack Developer,Chicago,Medium (201-1000),128000,135801.7150791626,114239.80766446312,157363.62249386206,43123.814829398936,True
1.3,3.0,149000.0,5.1,Master,ML Engineer,Chicago,Startup (1-50),149000,164472.948241264,142911.04082656454,186034.85565596347,43123.814829398936,True
20.6,11.0,260000.0,9.5,Bachelor,Data Scientist,New York,Small (51-200),318000,330802.1649942061,309240.2575795066,352364.0724089056,43123.814829398994,True
6.1,10.0,189000.0,8.7,Bachelor,Data Scientist,Remote,Medium (201-1000),238000,198466.6249529741,176904.71753827462,220028.53236767356,43123.814829398936,False
19.7,10.0,213000.0,6.2,Bachelor,Full Stack Developer,Austin,Large (1000+),276000,268602.31499191985,247040.40757722038,290164.22240661934,43123.814829398965,True
1.2,4.0,211000.0,10.0,Master,Product Manager,New York,Small (51-200),223000,261013.55850766797,239451.6510929685,282575.4659223674,43123.81482939891,False
8.3,6.0,242000.0,7.4,Master,Frontend Developer,Seattle,Large (1000+),326000,254137.67161552078,232575.76420082132,275699.5790302203,43123.814829398965,False
1.5,4.0,139000.0,6.5,High School,Software Engineer,San Francisco,Small (51-200),165000,152042.38066199928,130480.47324729981,173604.28807669875,43123.814829398936,True
3.2,8.0,144000.0,,Bachelor,ML Engineer,Remote,Startup (1-50),126000,150689.26189087104,129127.35447617157,172251.1693055705,43123.814829398936,False
3.0,3.0,178000.0,6.4,Bachelor,Engineering Manager,Boston,Small (51-200),221000,219984.4971681152,198422.58975341573,241546.40458281466,43123.814829398936,True
1.0,8.0,129000.0,8.4,High School,Full Stack Developer,Boston,Medium (201-1000),154000,153656.61176181957,132094.7043471201,175218.51917651904,43123.814829398936,True
24.1,11.0,271000.0,7.7,Bachelor,Engineering Manager,Los Angeles,Startup (1-50),254000,348971.7897851156,327409.8823704161,370533.69719981507,43123.814829398994,False
14.5,10.0,259000.0,8.9,Master,Software Engineer,Seattle,Medium (201-1000),321000,314068.04614047427,292506.1387257748,335629.9535551737,43123.81482939888,True
16.3,,206000.0,10.0,Bachelor,Frontend Developer,New York,Small (51-200),273000,268061.9607791599,246500.05336446044,289623.86819385935,43123.81482939891,True
2.5,6.0,111000.0,5.4,Bachelor,Data Analyst,San Francisco,Startup (1-50),114000,119757.35768208033,98195.45026738086,141319.2650967798,43123.814829398936,True
1.2,5.0,,5.8,High School,ML Engineer,New York,Startup (1-50),142000,159248.70640798335,137686.79899328388,180810.61382268282,43123.814829398936,True
8.2,6.0,274000.0,7.3,Bachelor,Engineering Manager,Seattle,Small (51-200),308000,268167.37592543056,246605.4685107311,289729.28334013,43123.81482939891,False
15.3,13.0,276000.0,8.2,Bachelor,Software Engineer,New York,Small (51-200),283000,272150.301311601,250588.39389690154,293712.2087263005,43123.814829398965,True
20.7,11.0,302000.0,8.4,Bachelor,ML Engineer,Austin,Medium (201-1000),325000,341351.20654544333,319789.29913074384,362913.11396014283,43123.814829398994,True
7.5,7.0,180000.0,7.0,Bachelor,Frontend Developer,Los Angeles,Small (51-200),168000,171754.76816584246,150192.860751143,193316.67558054192,43123.814829398936,True
11.0,8.0,300000.0,6.1,PhD,Data Scientist,New York,Medium (201-1000),366000,337162.54522307933,315600.63780837983,358724.4526377788,43123.814829398994,False
4.5,4.0,283000.0,8.2,Master,Engineering Manager,Seattle,Small (51-200),302000,300881.8703547599,279319.9629400604,322443.7777694594,43123.814829398994,True
7.8,5.0,288000.0,2.8,Bachelor,Full Stack Developer,San Francisco,Medium (201-1000),213000,219723.86298003732,198161.95556533785,241285.77039473678,43123.814829398936,True
6.0,6.0,138000.0,6.9,Bachelor,Full Stack Developer,Boston,Startup (1-50),187000,160575.99641710304,139014.08900240358,182137.9038318025,43123.814829398936,False
10.4,11.0,188000.0,6.8,Bachelor,ML Engineer,Austin,Small (51-200),240000,226237.8155082563,204675.90809355682,247799.72292295576,43123.814829398936,True
1.2,8.0,126000.0,3.6,Bachelor,Software Engineer,Remote,Medium (201-1000),117000,126784.48946728514,105222.58205258567,148346.3968819846,43123.814829398936,True
12.5,10.0,149000.0,6.8,Bachelor,Frontend Developer,Los Angeles,Small (51-200),203000,197161.9459543133,175600.03853961383,218723.85336901277,43123.814829398936,True
2.1,3.0,266000.0,6.7,Master,ML Engineer,San Francisco,Medium (201-1000),247000,281016.8261908872,259454.91877618773,302578.7336055867,43123.814829398965,False
2.4,8.0,186000.0,4.0,Bachelor,Data Scientist,San Francisco,Small (51-200),198000,187396.8667585681,165834.95934386863,208958.77417326756,43123.814829398936,True
6.2,6.0,213000.0,6.4,Bachelor,Product Manager,Austin,Large (1000+),218000,225673.50041359937,204111.5929988999,247235.40782829883,43123.814829398936,True
6.8,7.0,278000.0,5.4,Master,Data Scientist,Austin,Medium (201-1000),230000,227004.23787769213,205442.33046299266,248566.1452923916,43123.814829398936,True
2.7,3.0,160000.0,7.1,Master,Full Stack Developer,New York,Startup (1-50),185000,192369.7587687637,170807.85135406425,213931.66618346318,43123.814829398936,True
1.4,5.0,228000.0,9.2,Bachelor,Software Engineer,San Francisco,Large (1000+),230000,249955.93903347672,228394.03161877726,271517.8464481762,43123.814829398936,True
2.1,3.0,165000.0,6.9,High School,ML Engineer,Seattle,Startup (1-50),152000,156961.89374982502,135399.98633512555,178523.80116452448,43123.814829398936,True
3.5,6.0,204000.0,5.4,Bachelor,Software Engineer,San Francisco,Large (1000+),236000,226537.15621405668,204975.2487993572,248099.06362875615,43123.814829398936,True
0.4,7.0,186000.0,6.3,Master,Full Stack Developer,Austin,Large (1000+),179000,194336.33162727652,172774.42421257705,215898.239041976,43123.814829398936,True
2.6,9.0,123000.0,9.9,Bachelor,Frontend Developer,New York,Startup (1-50),154000,168717.731469374,147155.82405467454,190279.63888407347,43123.814829398936,True
4.9,11.0,362000.0,10.0,PhD,Engineering Manager,Boston,Large (1000+),413000,415108.9362509835,393547.02883628407,436670.84366568294,43123.81482939888,True
3.3,6.0,115000.0,5.4,Master,Data Analyst,Austin,Small (51-200),125000,118347.39159120555,96785.48417650608,139909.29900590502,43123.814829398936,True
5.5,12.0,225000.0,8.6,Bachelor,Data Scientist,New York,Medium (201-1000),266000,247301.1743472132,225739.26693251374,268863.0817619127,43123.814829398936,True
4.5,8.0,209000.0,5.6,Bachelor,Data Scientist,New York,Small (51-200),235000,207827.19861088457,186265.2911961851,229389.10602558404,43123.814829398936,False
6.5,9.0,175000.0,6.9,Master,Full Stack Developer,Chicago,Small (51-200),190000,187027.20595380914,165465.29853910967,208589.1133685086,43123.814829398936,True
9.1,7.0,224000.0,8.2,Bachelor,Frontend Developer,San Francisco,Medium (201-1000),251000,246776.2096380969,225214.30222339742,268338.11705279635,43123.814829398936,True
1.5,3.0,126000.0,6.0,Bachelor,DevOps Engineer,Austin,Startup (1-50),136000,124922.1305637965,103360.22314909703,146484.03797849597,43123.814829398936,True
4.1,6.0,97000.0,7.3,High School,Data Analyst,San Francisco,Small (51-200),129000,126553.50065021185,104991.59323551238,148115.40806491132,43123.814829398936,True
1.3,2.0,157000.0,8.4,Bachelor,Product Manager,New York,Small (51-200),219000,202342.13708678566,180780.2296720862,223904.04450148513,43123.814829398936,True
1.7,8.0,167000.0,9.6,Bachelor,Software Engineer,Boston,Medium (201-1000),166000,195184.4734900552,173622.56607535575,216746.38090475468,43123.814829398936,False
8.1,5.0,214000.0,8.3,Bachelor,Backend Developer,Seattle,Large (1000+),239000,246757.5682793476,225195.66086464812,268319.47569404705,43123.814829398936,True
6.6,6.0,134000.0,8.7,High School,Frontend Developer,New York,Startup (1-50),186000,157599.5513592343,136037.64394453482,179161.45877393376,43123.814829398936,False
18.5,10.0,251000.0,6.1,Bachelor,Product Manager,Boston,Small (51-200),227000,273912.40912509855,252350.50171039908,295474.31653979805,43123.814829398965,False
1.4,7.0,256000.0,7.4,PhD,Data Scientist,New York,Startup (1-50),235000,241069.89057328927,219507.9831585898,262631.79798798874,43123.814829398936,True
2.8,8.0,154000.0,6.1,High School,Engineering Manager,Austin,Medium (201-1000),199000,185224.03944537858,163662.13203067912,206785.94686007805,43123.814829398936,True
0.4,6.0,190000.0,6.4,PhD,Frontend Developer,San Francisco,Small (51-200),271000,212061.92708404854,190500.01966934907,233623.834498748,43123.814829398936,False
0.6,7.0,266000.0,8.9,PhD,Software Engineer,San Francisco,Medium (201-1000),252000,291899.4684562121,270337.56104151264,313461.3758709115,43123.81482939888,False
17.2,8.0,209000.0,8.0,High School,Frontend Developer,San Francisco,Medium (201-1000),272000,254592.56447865252,233030.65706395305,276154.471893352,43123.814829398936,True
11.7,8.0,294000.0,10.0,Master,Product Manager,San Francisco,Small (51-200),330000,340961.02707575855,319399.1196610591,362522.934490458,43123.81482939888,True
0.7,7.0,153000.0,9.2,Bachelor,Full Stack Developer,Los Angeles,Small (51-200),180000,164070.63365078633,142508.72623608686,185632.5410654858,43123.814829398936,True
3.7,8.0,179000.0,4.9,Master,Frontend Developer,New York,Small (51-200),212000,190350.70448979916,168788.7970750997,211912.61190449863,43123.814829398936,False
5.6,9.0,229000.0,9.0,Bachelor,Data Scientist,New York,Medium (201-1000),276000,263901.48502468143,242339.57760998196,285463.39243938087,43123.81482939891,True
3.5,7.0,164000.0,9.0,Bachelor,Backend Developer,Los Angeles,Small (51-200),170000,173469.21771513947,151907.31030044,195031.12512983894,43123.814829398936,True
17.8,14.0,215000.0,9.5,PhD,Frontend Developer,Chicago,Small (51-200),278000,284355.7362614474,262793.828846748,305917.64367614686,43123.81482939888,True
3.0,8.0,140000.0,8.5,Bachelor,Frontend Developer,San Francisco,Small (51-200),205000,185376.49694070025,163814.58952600078,206938.40435539972,43123.814829398936,True
6.9,3.0,192000.0,6.2,Bachelor,DevOps Engineer,San Francisco,Small (51-200),229000,217377.88928118005,195815.98186648058,238939.79669587952,43123.814829398936,True
8.7,7.0,222000.0,7.8,Bachelor,Data Scientist,Los Angeles,Medium (201-1000),238000,233980.03598943396,212418.1285747345,255541.94340413343,43123.814829398936,True
1.3,7.0,164000.0,6.4,Bachelor,DevOps Engineer,San Francisco,Small (51-200),186000,183362.53221578023,161800.62480108076,204924.4396304797,43123.814829398936,True
0.4,5.0,161000.0,7.9,High School,ML Engineer,Boston,Small (51-200),172000,167014.05780847976,145452.1503937803,188575.96522317923,43123.814829398936,True
3.0,8.0,249000.0,6.3,Master,ML Engineer,New York,Large (1000+),274000,281233.07756434486,259671.1701496454,302794.9849790443,43123.81482939891,True
3.7,4.0,197000.0,4.2,Master,Full Stack Developer,Chicago,Large (1000+),180000,183798.10299389667,162236.1955791972,205360.01040859614,43123.814829398936,True
2.3,6.0,110000.0,8.6,Bachelor,Data Scientist,Remote,Startup (1-50),153000,139444.11706642303,117882.20965172356,161006.0244811225,43123.814829398936,True
3.9,10.0,325000.0,10.0,PhD,Frontend Developer,San Francisco,Medium (201-1000),278000,300459.7874845835,278897.880069884,322021.694899283,43123.814829398994,False
4.4,7.0,187000.0,10.0,Bachelor,Product Manager,New York,Startup (1-50),248000,231989.31332794137,210427.4059132419,253551.22074264084,43123.814829398936,True
1.5,5.0,137000.0,6.8,Bachelor,Backend Developer,Remote,Large (1000+),154000,149629.22821246053,128067.32079776106,171191.13562716,43123.814829398936,True
2.6,9.0,,7.0,Master,Data Analyst,San Francisco,Large (1000+),218000,207899.97913651625,186338.07172181678,229461.88655121572,43123.814829398936,True
2.8,6.0,238000.0,5.4,Master,Frontend Developer,Seattle,Large (1000+),225000,206121.89719235286,184559.9897776534,227683.80460705233,43123.814829398936,True
11.4,9.0,161000.0,6.4,Bachelor,Data Analyst,San Francisco,Startup (1-50),165000,172157.18275958393,150595.27534488446,193719.0901742834,43123.814829398936,True
1.5,5.0,137000.0,10.0,Master,Frontend Developer,Austin,Startup (1-50),158000,155918.2995418227,134356.39212712322,177480.20695652216,43123.814829398936,True
2.3,4.0,174000.0,7.2,Master,Backend Developer,New York,Startup (1-50),197000,185819.6890875161,164257.78167281664,207381.59650221557,43123.814829398936,True
7.5,10.0,245000.0,9.4,Bachelor,Full Stack Developer,Austin,Large (1000+),217000,235951.30791409916,214389.4004993997,257513.21532879863,43123.814829398936,True
10.0,10.0,287000.0,10.0,Master,Engineering Manager,Chicago,Large (1000+),340000,359831.7476080467,338269.8401933472,381393.6550227462,43123.814829398994,True
2.9,7.0,168000.0,8.4,Master,Data Scientist,Los Angeles,Small (51-200),225000,209533.9715830057,187972.06416830624,231095.87899770518,43123.814829398936,True
1.1,8.0,168000.0,6.9,Master,ML Engineer,Austin,Small (51-200),198000,192009.8381358875,170447.93072118802,213571.74555058696,43123.814829398936,True
4.0,6.0,124000.0,10.0,Bachelor,ML Engineer,Remote,Startup (1-50),149000,167714.09892903792,146152.19151433845,189276.0063437374,43123.814829398936,True
3.0,11.0,179000.0,7.7,Bachelor,Full Stack Developer,New York,Large (1000+),202000,238742.4662319913,217180.55881729184,260304.37364669077,43123.814829398936,False
0.4,10.0,131000.0,5.4,Master,Full Stack Developer,Remote,Small (51-200),145000,141465.59616000025,119903.68874530078,163027.50357469972,43123.814829398936,True
0.4,5.0,217000.0,6.6,Bachelor,Data Scientist,New York,Medium (201-1000),207000,215008.49310044656,193446.5856857471,236570.40051514603,43123.814829398936,True
2.6,4.0,98000.0,9.3,High School,Data Analyst,Austin,Small (51-200),97000,90958.5367029644,69396.62928826493,112520.44411766386,43123.814829398936,True
1.4,1.0,148000.0,9.0,High School,DevOps Engineer,Los Angeles,Small (51-200),145000,145177.97367882243,123616.06626412296,166739.8810935219,43123.814829398936,True
8.8,9.0,195000.0,10.0,Bachelor,Software Engineer,Boston,Small (51-200),228000,223812.1620389113,202250.25462421184,245374.06945361078,43123.814829398936,True
11.9,6.0,186000.0,10.0,Bachelor,Product Manager,Remote,Startup (1-50),189000,211965.55549255648,190403.648077857,233527.46290725595,43123.814829398936,False
1.9,8.0,,6.3,PhD,Full Stack Developer,Remote,Medium (201-1000),190000,198148.16548105844,176586.25806635898,219710.0728957579,43123.814829398936,True
0.3,8.0,163000.0,7.7,Master,ML Engineer,Remote,Medium (201-1000),210000,198991.13296429286,177429.2255495934,220553.04037899233,43123.814829398936,True
0.7,5.0,189000.0,6.1,Master,Backend Developer,San Francisco,Small (51-200),198000,193903.62565262112,172341.71823792165,215465.5330673206,43123.814829398936,True
5.1,8.0,222000.0,7.5,PhD,Data Analyst,Seattle,Medium (201-1000),192000,219390.24311883378,197828.3357041343,240952.15053353325,43123.814829398936,False
10.9,8.0,212000.0,6.7,Bachelor,Full Stack Developer,Boston,Small (51-200),198000,209781.75577149662,188219.84835679716,231343.6631861961,43123.814829398936,True
3.2,8.0,,6.1,Bachelor,ML Engineer,San Francisco,Small (51-200),247000,222049.76076820315,200487.85335350368,243611.66818290262,43123.814829398936,False
10.2,7.0,217000.0,6.8,Bachelor,Software Engineer,Boston,Medium (201-1000),211000,227053.56097708625,205491.65356238678,248615.46839178572,43123.814829398936,True
11.6,7.0,189000.0,6.5,Bachelor,ML Engineer,Remote,Small (51-200),230000,204038.5672098048,182476.65979510534,225600.47462450428,43123.814829398936,False
1.5,5.0,208000.0,8.5,Bachelor,Software Engineer,San Francisco,Small (51-200),229000,206347.4201701878,184785.51275548834,227909.32758488727,43123.814829398936,False
2.2,5.0,105000.0,4.2,High School,Full Stack Developer,Remote,Startup (1-50),85000,79699.53169110375,58137.62427640428,101261.43910580322,43123.814829398936,True
2.9,9.0,123000.0,6.1,Bachelor,Full Stack Developer,Chicago,Small (51-200),137000,141583.95935189188,120022.05193719242,163145.86676659135,43123.814829398936,True
1.6,9.0,151000.0,9.9,PhD,Software Engineer,Remote,Startup (1-50),162000,182156.961822312,160595.05440761254,203718.86923701147,43123.814829398936,True
3.3,10.0,184000.0,,Bachelor,Full Stack Developer,New York,Medium (201-1000),216000,213926.19460356203,192364.28718886257,235488.1020182615,43123.814829398936,True
3.0,4.0,183000.0,8.1,Bachelor,Software Engineer,New York,Small (51-200),219000,200005.4723684537,178443.56495375422,221567.37978315316,43123.814829398936,True
1.0,3.0,186000.0,6.0,Bachelor,Data Scientist,San Francisco,Small (51-200),209000,195679.15766374406,174117.2502490446,217241.06507844353,43123.814829398936,True
1.4,2.0,171000.0,8.6,High School,Software Engineer,New York,Large (1000+),204000,199186.70215581713,177624.79474111766,220748.6095705166,43123.814829398936,True
5.8,5.0,206000.0,10.0,Master,Engineering Manager,Remote,Small (51-200),279000,260064.93909872125,238503.0316840218,281626.8465134207,43123.81482939891,True
7.7,10.0,226000.0,9.1,Bachelor,Full Stack Developer,Boston,Large (1000+),227000,248357.50084864846,226795.593433949,269919.4082633479,43123.814829398936,True
2.9,2.0,155000.0,4.4,High School,ML Engineer,Chicago,Large (1000+),187000,163940.85735521626,142378.9499405168,185502.76476991572,43123.814829398936,False
2.8,4.0,186000.0,8.8,High School,ML Engineer,Remote,Large (1000+),176000,187597.72919740644,166035.82178270697,209159.6366121059,43123.814829398936,True
11.5,11.0,269000.0,9.7,Master,Software Engineer,New York,Medium (201-1000),318000,318760.3354972014,297198.428082502,340322.24291190086,43123.81482939888,True
0.6,7.0,176000.0,5.9,Bachelor,ML Engineer,New York,Small (51-200),216000,200708.37197752015,179146.46456282068,222270.2793922196,43123.814829398936,True
8.4,,191000.0,7.1,Master,Full Stack Developer,San Francisco,Startup (1-50),251000,231083.600675725,209521.69326102553,252645.50809042447,43123.814829398936,True
1.2,6.0,333000.0,5.8,PhD,ML Engineer,New York,Medium (201-1000),250000,295179.56071751105,273617.65330281155,316741.46813221055,43123.814829398994,False
4.6,4.0,179000.0,7.4,Bachelor,Product Manager,Remote,Large (1000+),212000,207399.95448858078,185838.04707388132,228961.86190328025,43123.814829398936,True
4.1,4.0,155000.0,5.6,High School,Full Stack Developer,San Francisco,Small (51-200),148000,167144.17379029686,145582.2663755974,188706.08120499633,43123.814829398936,True
4.8,4.0,175000.0,6.4,Bachelor,Engineering Manager,Remote,Startup (1-50),181000,180596.44335880657,159034.5359441071,202158.35077350604,43123.814829398936,True
1.9,6.0,236000.0,10.0,PhD,ML Engineer,Austin,Medium (201-1000),268000,283467.85426980647,261905.946855107,305029.76168450597,43123.814829398965,True
3.1,7.0,174000.0,4.7,Master,Software Engineer,San Francisco,Startup (1-50),214000,183557.54622330106,161995.6388086016,205119.45363800053,43123.814829398936,False
6.1,6.0,178000.0,6.1,Bachelor,Data Scientist,Austin,Small (51-200),177000,179169.30688150052,157607.39946680106,200731.2142962,43123.814829398936,True
1.3,3.0,138000.0,8.6,Bachelor,Software Engineer,Remote,Small (51-200),151000,135413.97388972246,113852.06647502299,156975.88130442193,43123.814829398936,True
0.3,5.0,135000.0,3.6,High School,Backend Developer,San Francisco,Small (51-200),122000,123655.32347328537,102093.4160585859,145217.23088798486,43123.81482939895,True
4.4,7.0,147000.0,10.0,Bachelor,Software Engineer,San Francisco,Startup (1-50),177000,209946.649551823,188384.74213712354,231508.55696652248,43123.814829398936,False
